256150832.000000,0.000000,0.000000,26.000000,0.000000
256151840.000000,0.000000,0.000000,25.750000,0.000000
256152832.000000,0.000000,0.000000,26.000000,0.000000
256153824.000000,0.000000,0.000000,25.750000,0.000000
256154832.000000,0.000000,0.000000,26.000000,0.000000
256155840.000000,0.000000,0.000000,25.750000,0.000000
256156832.000000,0.000000,0.000000,26.000000,0.000000
256157824.000000,0.000000,0.000000,25.750000,0.000000
256158832.000000,0.000000,0.000000,25.500000,0.000000
256159840.000000,0.000000,0.000000,25.500000,0.000000
256160832.000000,0.000000,0.000000,25.500000,0.000000
256161824.000000,0.000000,0.000000,26.000000,0.000000
256162832.000000,0.000000,0.000000,25.500000,0.000000
256163840.000000,0.000000,0.000000,25.750000,0.000000
256164832.000000,0.000000,0.000000,25.750000,0.000000
256165840.000000,0.000000,0.000000,26.000000,0.000000
256166832.000000,0.000000,0.000000,25.500000,0.000000
256167840.000000,0.000000,0.000000,25.500000,0.000000
256168832.000000,0.000000,0.000000,25.250000,0.000000
256169824.000000,0.000000,0.000000,25.750000,0.000000
256170832.000000,0.000000,0.000000,25.750000,0.000000
256171840.000000,0.000000,0.000000,25.750000,0.000000
256172832.000000,0.000000,0.000000,25.750000,0.000000
256173824.000000,0.000000,0.000000,25.750000,0.000000
256174832.000000,0.000000,0.000000,25.750000,0.000000
256175840.000000,0.000000,0.000000,25.750000,0.000000
256176832.000000,0.000000,0.000000,25.250000,0.000000
256177824.000000,0.000000,0.000000,25.750000,0.000000
256178832.000000,0.000000,0.000000,25.750000,0.000000
256179840.000000,0.000000,0.000000,25.250000,0.000000
256180832.000000,0.000000,0.000000,25.750000,0.000000
256181824.000000,0.000000,0.000000,25.750000,0.000000
256182832.000000,0.000000,0.000000,25.750000,0.000000
256183840.000000,0.000000,0.000000,25.750000,0.000000
256184832.000000,0.000000,0.000000,25.750000,0.000000
256185824.000000,0.000000,0.000000,25.750000,0.000000
256186832.000000,0.000000,0.000000,25.750000,0.000000
256187840.000000,0.000000,0.000000,26.000000,0.000000
256188832.000000,0.000000,0.000000,26.000000,0.000000
256189824.000000,0.000000,0.000000,25.250000,0.000000
256190832.000000,0.000000,0.000000,25.750000,0.000000
256191840.000000,0.000000,0.000000,25.750000,0.000000
256192832.000000,0.000000,0.000000,25.250000,0.000000
256193824.000000,0.000000,0.000000,25.750000,0.000000
256194832.000000,0.000000,0.000000,25.750000,0.000000
256195840.000000,0.000000,0.000000,25.250000,0.000000
256196832.000000,0.000000,0.000000,25.500000,0.000000
256197824.000000,0.000000,0.000000,25.750000,0.000000
256198832.000000,0.000000,0.000000,26.000000,0.000000
256199840.000000,0.000000,0.000000,25.500000,0.000000
256200832.000000,0.000000,0.000000,25.500000,0.000000
256201824.000000,0.000000,0.000000,25.750000,0.000000
256202832.000000,0.000000,0.000000,25.750000,0.000000
256203840.000000,0.000000,0.000000,25.250000,0.000000
256204832.000000,0.000000,0.000000,25.750000,0.000000
256205824.000000,0.000000,0.000000,25.500000,0.000000
256206832.000000,0.000000,0.000000,25.500000,0.000000
256207840.000000,0.000000,0.000000,25.250000,0.000000
256208832.000000,0.000000,0.000000,25.750000,0.000000
256209824.000000,0.000000,0.000000,25.500000,0.000000
256210832.000000,0.000000,0.000000,25.250000,0.000000
256211840.000000,0.000000,0.000000,25.750000,0.000000
256212832.000000,0.000000,0.000000,25.750000,0.000000
256213824.000000,0.000000,0.000000,25.750000,0.000000
256214832.000000,0.000000,0.000000,26.000000,0.000000
256215840.000000,0.000000,0.000000,25.250000,0.000000
256216832.000000,0.000000,0.000000,25.500000,0.000000
256217824.000000,0.000000,0.000000,25.750000,0.000000
256218832.000000,0.000000,0.000000,25.500000,0.000000
256219840.000000,0.000000,0.000000,25.500000,0.000000
256220832.000000,0.000000,0.000000,25.750000,0.000000
256221824.000000,0.000000,0.000000,25.750000,0.000000
256222832.000000,0.000000,0.000000,25.500000,0.000000
256223840.000000,0.000000,0.000000,25.000000,0.000000
256224832.000000,0.000000,0.000000,25.750000,0.000000
256225824.000000,0.000000,0.000000,25.250000,0.000000
256226832.000000,0.000000,0.000000,25.750000,0.000000
256227840.000000,0.000000,0.000000,26.000000,0.000000
256228832.000000,0.000000,0.000000,25.250000,0.000000
256229824.000000,0.000000,0.000000,26.000000,0.000000
256230832.000000,0.000000,0.000000,25.500000,0.000000
256231840.000000,0.000000,0.000000,24.750000,0.000000
256232832.000000,0.000000,0.000000,25.500000,0.000000
256233824.000000,0.000000,0.000000,25.750000,0.000000
256234832.000000,0.000000,0.000000,25.750000,0.000000
256235840.000000,0.000000,0.000000,25.750000,0.000000
256236832.000000,0.000000,0.000000,25.000000,0.000000
256237824.000000,0.000000,0.000000,25.500000,0.000000
256238832.000000,0.000000,0.000000,25.750000,0.000000
256239840.000000,0.000000,0.000000,25.500000,0.000000
256240832.000000,0.000000,0.000000,25.500000,0.000000
256241824.000000,0.000000,0.000000,25.250000,0.000000
256242832.000000,0.000000,0.000000,26.000000,0.000000
256243840.000000,0.000000,0.000000,25.750000,0.000000
256244832.000000,0.000000,0.000000,25.750000,0.000000
256245824.000000,0.000000,0.000000,25.750000,0.000000
256246832.000000,0.000000,0.000000,25.500000,0.000000
256247840.000000,0.000000,0.000000,25.500000,0.000000
256248832.000000,0.000000,0.000000,25.750000,0.000000
256249824.000000,0.000000,0.000000,25.500000,0.000000
256250832.000000,0.000000,0.000000,25.750000,0.000000
256251840.000000,0.000000,0.000000,25.500000,0.000000
256252832.000000,0.000000,0.000000,25.250000,0.000000
256253824.000000,0.000000,0.000000,25.750000,0.000000
256254832.000000,0.000000,0.000000,25.500000,0.000000
256255840.000000,0.000000,0.000000,25.250000,0.000000
256256832.000000,0.000000,0.000000,25.750000,0.000000
256257824.000000,0.000000,0.000000,25.000000,0.000000
256258832.000000,0.000000,0.000000,25.750000,0.000000
256259840.000000,0.000000,0.000000,25.500000,0.000000
256260832.000000,0.000000,0.000000,25.750000,0.000000
256261824.000000,0.000000,0.000000,24.750000,0.000000
256262832.000000,0.000000,0.000000,23.250000,0.000000
256263840.000000,0.000000,0.000000,21.750000,0.000000
256264832.000000,0.000000,0.000000,20.750000,0.000000
256265824.000000,0.000000,0.000000,20.500000,0.000000
256266832.000000,0.000000,0.000000,20.250000,0.000000
256267840.000000,0.000000,0.000000,20.000000,0.000000
256268832.000000,0.000000,0.000000,21.250000,60.000000
256269824.000000,0.000000,217.000000,22.500000,60.000000
256270832.000000,0.000000,172.000000,25.250000,60.000000
256271840.000000,0.000000,202.000000,27.000000,60.000000
256272832.000000,0.000000,247.000000,27.250000,60.000000
256273824.000000,0.000000,255.000000,26.500000,60.000000
256274832.000000,0.000000,225.000000,27.500000,60.000000
256275840.000000,0.000000,240.000000,28.000000,60.000000
256276832.000000,0.000000,255.000000,28.000000,60.000000
256277824.000000,0.000000,240.000000,28.500000,60.000000
256278832.000000,0.000000,255.000000,27.250000,60.000000
256279840.000000,0.000000,255.000000,26.000000,60.000000
256280832.000000,0.000000,232.000000,26.750000,60.000000
256281824.000000,0.000000,255.000000,24.500000,60.000000
256282832.000000,0.000000,225.000000,25.500000,60.000000
256283840.000000,0.000000,225.000000,26.500000,60.000000
256284832.000000,0.000000,255.000000,26.250000,60.000000
256285824.000000,0.000000,225.000000,27.250000,60.000000
256286832.000000,0.000000,247.000000,27.500000,60.000000
256287840.000000,0.000000,255.000000,27.500000,60.000000
256288832.000000,0.000000,255.000000,27.500000,60.000000
256289824.000000,0.000000,255.000000,27.250000,60.000000
256290832.000000,0.000000,255.000000,25.750000,60.000000
256291840.000000,0.000000,255.000000,25.500000,60.000000
256292832.000000,0.000000,255.000000,25.500000,60.000000
256293824.000000,0.000000,255.000000,25.500000,60.000000
256294832.000000,0.000000,247.000000,25.750000,60.000000
256295840.000000,0.000000,247.000000,26.000000,60.000000
256296832.000000,0.000000,247.000000,26.250000,60.000000
256297824.000000,0.000000,255.000000,26.250000,60.000000
256298832.000000,0.000000,255.000000,26.250000,60.000000
256299840.000000,0.000000,255.000000,26.000000,60.000000
256300832.000000,0.000000,255.000000,26.250000,60.000000
256301824.000000,0.000000,240.000000,26.750000,60.000000
256302832.000000,0.000000,240.000000,26.750000,60.000000
256303840.000000,0.000000,255.000000,26.750000,60.000000
256304832.000000,0.000000,240.000000,27.500000,60.000000
256305824.000000,0.000000,240.000000,27.500000,60.000000
256306832.000000,0.000000,255.000000,27.500000,60.000000
256307840.000000,0.000000,247.000000,27.750000,60.000000
256308832.000000,0.000000,255.000000,27.750000,60.000000
256309824.000000,0.000000,255.000000,27.750000,60.000000
256310832.000000,0.000000,247.000000,28.000000,60.000000
256311840.000000,0.000000,255.000000,27.500000,60.000000
256312832.000000,0.000000,240.000000,28.000000,60.000000
256313824.000000,0.000000,240.000000,28.500000,60.000000
256314832.000000,0.000000,255.000000,28.250000,60.000000
256315840.000000,0.000000,247.000000,28.500000,60.000000
256316832.000000,0.000000,255.000000,28.250000,60.000000
256317824.000000,0.000000,255.000000,28.250000,60.000000
256318832.000000,0.000000,232.000000,29.000000,60.000000
256319840.000000,0.000000,255.000000,29.000000,60.000000
256320832.000000,0.000000,247.000000,29.250000,60.000000
256321824.000000,0.000000,240.000000,29.750000,60.000000
256322832.000000,0.000000,255.000000,29.750000,60.000000
256323840.000000,0.000000,232.000000,30.500000,60.000000
256324832.000000,0.000000,240.000000,31.000000,60.000000
256325824.000000,0.000000,247.000000,31.250000,60.000000
256326832.000000,0.000000,247.000000,31.500000,60.000000
256327840.000000,0.000000,247.000000,31.750000,60.000000
256328832.000000,0.000000,240.000000,32.250000,60.000000
256329824.000000,0.000000,240.000000,32.750000,60.000000
256330832.000000,0.000000,255.000000,32.750000,60.000000
256331840.000000,0.000000,225.000000,33.750000,60.000000
256332832.000000,0.000000,217.000000,35.000000,60.000000
256333824.000000,0.000000,247.000000,35.250000,60.000000
256334832.000000,0.000000,240.000000,35.750000,60.000000
256335840.000000,0.000000,232.000000,36.500000,60.000000
256336832.000000,0.000000,255.000000,36.250000,60.000000
256337824.000000,0.000000,232.000000,37.000000,60.000000
256338832.000000,0.000000,225.000000,38.000000,60.000000
256339840.000000,0.000000,240.000000,38.500000,60.000000
256340832.000000,0.000000,240.000000,39.000000,60.000000
256341824.000000,0.000000,255.000000,38.500000,60.000000
256342832.000000,0.000000,232.000000,39.250000,60.000000
256343840.000000,0.000000,240.000000,39.750000,60.000000
256344832.000000,0.000000,232.000000,40.500000,60.000000
256345824.000000,0.000000,247.000000,40.750000,60.000000
256346832.000000,0.000000,247.000000,41.000000,60.000000
256347840.000000,0.000000,232.000000,41.750000,60.000000
256348832.000000,0.000000,225.000000,42.750000,60.000000
256349824.000000,0.000000,240.000000,43.250000,60.000000
256350832.000000,0.000000,255.000000,43.000000,60.000000
256351840.000000,0.000000,232.000000,43.750000,60.000000
256352832.000000,0.000000,240.000000,44.250000,60.000000
256353824.000000,0.000000,232.000000,45.000000,60.000000
256354832.000000,0.000000,225.000000,46.000000,60.000000
256355840.000000,0.000000,247.000000,46.250000,60.000000
256356832.000000,0.000000,225.000000,47.250000,60.000000
256357824.000000,0.000000,240.000000,47.750000,60.000000
256358832.000000,0.000000,240.000000,47.750000,60.000000
256359840.000000,0.000000,232.000000,49.500000,60.000000
256360832.000000,0.000000,240.000000,50.000000,60.000000
256361824.000000,0.000000,240.000000,50.500000,60.000000
256362832.000000,0.000000,240.000000,51.000000,60.000000
256363840.000000,0.000000,225.000000,52.000000,60.000000
256364832.000000,0.000000,240.000000,52.500000,60.000000
256365824.000000,0.000000,225.000000,53.500000,60.000000
256366832.000000,0.000000,187.000000,55.750000,60.000000
256367840.000000,0.000000,232.000000,56.500000,60.000000
256368832.000000,0.000000,240.000000,57.000000,60.000000
256369824.000000,0.000000,225.000000,58.000000,60.000000
256370832.000000,0.000000,247.000000,58.250000,60.000000
256371840.000000,0.000000,162.000000,60.250000,60.000000
256372832.000000,0.000000,0.000000,61.750000,60.000000
256373840.000000,0.000000,0.000000,63.000000,60.000000
256374832.000000,0.000000,0.000000,63.750000,60.000000
256375840.000000,0.000000,0.000000,64.500000,60.000000
256376832.000000,0.000000,0.000000,65.000000,60.000000
256377824.000000,0.000000,0.000000,66.500000,60.000000
256378832.000000,0.000000,0.000000,68.000000,60.000000
256379840.000000,0.000000,0.000000,68.750000,60.000000
256380832.000000,0.000000,0.000000,70.500000,60.000000
256381824.000000,0.000000,0.000000,71.750000,60.000000
256382832.000000,0.000000,0.000000,72.500000,60.000000
256383840.000000,0.000000,0.000000,73.000000,60.000000
256384832.000000,0.000000,0.000000,73.750000,60.000000
256385824.000000,0.000000,0.000000,74.500000,60.000000
256386832.000000,0.000000,0.000000,74.750000,60.000000
256387840.000000,0.000000,0.000000,75.750000,60.000000
256388832.000000,0.000000,0.000000,76.500000,60.000000
256389824.000000,0.000000,0.000000,77.250000,60.000000
256390832.000000,0.000000,0.000000,77.500000,60.000000
256391840.000000,0.000000,0.000000,79.500000,60.000000
256392832.000000,0.000000,0.000000,80.000000,60.000000
256393824.000000,0.000000,0.000000,80.000000,60.000000
256394832.000000,0.000000,7.000000,79.750000,60.000000
256395840.000000,0.000000,0.000000,80.250000,60.000000
256396832.000000,0.000000,30.000000,79.250000,60.000000
256397824.000000,0.000000,30.000000,79.250000,60.000000
256398832.000000,0.000000,30.000000,79.250000,60.000000
256399840.000000,0.000000,15.000000,79.000000,60.000000
256400832.000000,0.000000,0.000000,81.000000,60.000000
256401824.000000,0.000000,0.000000,82.750000,60.000000
256402832.000000,0.000000,0.000000,85.250000,60.000000
256403840.000000,0.000000,0.000000,88.250000,60.000000
256404832.000000,0.000000,0.000000,90.750000,60.000000
256405824.000000,0.000000,0.000000,90.750000,60.000000
256406832.000000,0.000000,0.000000,92.000000,60.000000
256407840.000000,0.000000,0.000000,93.250000,60.000000
256408832.000000,0.000000,0.000000,94.000000,60.000000
256409824.000000,0.000000,0.000000,94.000000,60.000000
256410832.000000,0.000000,30.000000,93.000000,60.000000
256411840.000000,0.000000,45.000000,91.500000,60.000000
256412832.000000,0.000000,7.000000,91.250000,60.000000
256413824.000000,0.000000,0.000000,91.250000,60.000000
256414832.000000,0.000000,15.000000,90.750000,60.000000
256415840.000000,0.000000,0.000000,91.500000,60.000000
256416832.000000,0.000000,0.000000,92.000000,60.000000
256417824.000000,0.000000,0.000000,92.000000,60.000000
256418832.000000,0.000000,0.000000,92.750000,60.000000
256419840.000000,0.000000,0.000000,92.750000,60.000000
256420832.000000,0.000000,0.000000,93.000000,60.000000
256421824.000000,0.000000,0.000000,94.000000,60.000000
256422832.000000,0.000000,0.000000,94.250000,60.000000
256423840.000000,0.000000,15.000000,93.750000,60.000000
256424832.000000,0.000000,15.000000,93.250000,60.000000
256425824.000000,0.000000,0.000000,94.250000,60.000000
256426832.000000,0.000000,0.000000,94.250000,60.000000
256427840.000000,0.000000,0.000000,95.000000,60.000000
256428832.000000,0.000000,0.000000,95.750000,60.000000
256429824.000000,0.000000,0.000000,96.250000,60.000000
256430832.000000,0.000000,0.000000,97.000000,60.000000
256431840.000000,0.000000,0.000000,97.250000,60.000000
256432832.000000,0.000000,0.000000,98.000000,60.000000
256433824.000000,0.000000,0.000000,98.000000,60.000000
256434832.000000,0.000000,0.000000,98.500000,60.000000
256435840.000000,0.000000,0.000000,99.750000,60.000000
256436832.000000,0.000000,0.000000,100.250000,60.000000
256437824.000000,0.000000,0.000000,100.500000,60.000000
256438832.000000,0.000000,0.000000,101.000000,60.000000
256439840.000000,0.000000,0.000000,101.500000,60.000000
256440832.000000,0.000000,0.000000,102.000000,60.000000
256441824.000000,0.000000,0.000000,102.750000,60.000000
256442832.000000,0.000000,0.000000,103.000000,60.000000
256443840.000000,0.000000,0.000000,103.250000,60.000000
256444832.000000,0.000000,0.000000,103.500000,60.000000
256445824.000000,0.000000,0.000000,104.250000,60.000000
256446832.000000,0.000000,0.000000,104.500000,60.000000
256447840.000000,0.000000,0.000000,105.000000,60.000000
256448832.000000,0.000000,0.000000,105.500000,60.000000
256449824.000000,0.000000,0.000000,105.750000,60.000000
256450832.000000,0.000000,0.000000,106.000000,60.000000
256451840.000000,0.000000,0.000000,106.000000,60.000000
256452832.000000,0.000000,0.000000,106.250000,60.000000
256453824.000000,0.000000,0.000000,107.000000,60.000000
256454832.000000,0.000000,0.000000,107.000000,60.000000
256455840.000000,0.000000,0.000000,107.500000,60.000000
256456832.000000,0.000000,0.000000,107.750000,60.000000
256457824.000000,0.000000,0.000000,108.000000,60.000000
256458832.000000,0.000000,0.000000,108.500000,60.000000
256459840.000000,0.000000,0.000000,109.250000,60.000000
256460832.000000,0.000000,0.000000,109.500000,60.000000
256461824.000000,0.000000,15.000000,109.000000,60.000000
256462832.000000,0.000000,0.000000,109.500000,60.000000
256463840.000000,0.000000,0.000000,110.250000,60.000000
256464832.000000,0.000000,0.000000,110.500000,60.000000
256465824.000000,0.000000,0.000000,110.750000,60.000000
256466832.000000,0.000000,0.000000,111.000000,60.000000
256467840.000000,0.000000,0.000000,111.000000,60.000000
256468832.000000,0.000000,0.000000,111.500000,60.000000
256469840.000000,0.000000,7.000000,111.250000,60.000000
256470832.000000,0.000000,0.000000,111.500000,60.000000
256471840.000000,0.000000,0.000000,112.250000,60.000000
256472832.000000,0.000000,0.000000,112.500000,60.000000
256473824.000000,0.000000,15.000000,112.000000,60.000000
256474832.000000,0.000000,0.000000,112.000000,60.000000
256475840.000000,0.000000,0.000000,112.500000,60.000000
256476832.000000,0.000000,0.000000,112.750000,60.000000
256477824.000000,0.000000,7.000000,112.500000,60.000000
256478832.000000,0.000000,0.000000,112.500000,60.000000
256479840.000000,0.000000,0.000000,113.250000,60.000000
256480832.000000,0.000000,0.000000,113.250000,60.000000
256481840.000000,0.000000,0.000000,113.250000,60.000000
256482832.000000,0.000000,0.000000,113.500000,60.000000
256483840.000000,0.000000,0.000000,113.500000,60.000000
256484832.000000,0.000000,15.000000,113.000000,60.000000
256485824.000000,0.000000,0.000000,113.750000,60.000000
256486832.000000,0.000000,0.000000,113.750000,60.000000
256487840.000000,0.000000,7.000000,113.500000,60.000000
256488832.000000,0.000000,0.000000,113.750000,60.000000
256489824.000000,0.000000,0.000000,114.500000,60.000000
256490832.000000,0.000000,0.000000,114.750000,60.000000
256491840.000000,0.000000,7.000000,114.500000,60.000000
256492832.000000,0.000000,7.000000,114.250000,60.000000
256493824.000000,0.000000,0.000000,114.250000,60.000000
256494832.000000,0.000000,0.000000,114.750000,60.000000
256495840.000000,0.000000,7.000000,114.500000,60.000000
256496832.000000,0.000000,0.000000,114.750000,60.000000
256497824.000000,0.000000,0.000000,114.750000,60.000000
256498832.000000,0.000000,7.000000,114.500000,60.000000
256499840.000000,0.000000,0.000000,114.750000,60.000000
256500832.000000,0.000000,0.000000,115.250000,60.000000
256501824.000000,0.000000,0.000000,115.500000,60.000000
256502832.000000,0.000000,30.000000,114.500000,60.000000
256503840.000000,0.000000,0.000000,115.250000,60.000000
256504832.000000,0.000000,15.000000,114.750000,60.000000
256505824.000000,0.000000,0.000000,115.250000,60.000000
256506832.000000,0.000000,0.000000,115.250000,60.000000
256507840.000000,0.000000,15.000000,114.750000,60.000000
256508832.000000,0.000000,0.000000,114.750000,60.000000
256509824.000000,0.000000,0.000000,115.000000,60.000000
256510832.000000,0.000000,7.000000,114.750000,60.000000
256511840.000000,0.000000,0.000000,115.250000,60.000000
256512832.000000,0.000000,0.000000,115.250000,60.000000
256513824.000000,0.000000,7.000000,115.000000,60.000000
256514832.000000,0.000000,0.000000,115.250000,60.000000
256515840.000000,0.000000,0.000000,115.250000,60.000000
256516832.000000,0.000000,7.000000,115.000000,60.000000
256517824.000000,0.000000,0.000000,115.000000,60.000000
256518832.000000,0.000000,0.000000,115.000000,60.000000
256519840.000000,0.000000,15.000000,114.500000,60.000000
256520832.000000,0.000000,0.000000,115.000000,60.000000
256521824.000000,0.000000,22.000000,114.250000,60.000000
256522832.000000,0.000000,7.000000,114.000000,60.000000
256523840.000000,0.000000,0.000000,114.250000,60.000000
256524832.000000,0.000000,0.000000,115.000000,60.000000
256525824.000000,0.000000,7.000000,114.750000,60.000000
256526832.000000,0.000000,7.000000,114.500000,60.000000
256527840.000000,0.000000,15.000000,114.000000,60.000000
256528832.000000,0.000000,7.000000,113.750000,60.000000
256529824.000000,0.000000,0.000000,114.500000,60.000000
256530832.000000,0.000000,7.000000,114.250000,60.000000
256531840.000000,0.000000,0.000000,114.250000,60.000000
256532832.000000,0.000000,7.000000,114.000000,60.000000
256533824.000000,0.000000,7.000000,113.750000,60.000000
256534832.000000,0.000000,0.000000,114.000000,60.000000
256535840.000000,0.000000,7.000000,113.750000,60.000000
256536832.000000,0.000000,15.000000,113.250000,60.000000
256537824.000000,0.000000,0.000000,113.250000,60.000000
256538832.000000,0.000000,0.000000,113.250000,60.000000
256539840.000000,0.000000,0.000000,113.750000,60.000000
256540832.000000,0.000000,7.000000,113.500000,60.000000
256541824.000000,0.000000,7.000000,113.250000,60.000000
256542832.000000,0.000000,7.000000,113.000000,60.000000
256543840.000000,0.000000,37.000000,111.750000,60.000000
256544832.000000,0.000000,0.000000,112.000000,60.000000
256545840.000000,0.000000,60.000000,110.000000,60.000000
256546832.000000,0.000000,60.000000,110.000000,60.000000
256547840.000000,0.000000,37.000000,108.750000,60.000000
256548832.000000,0.000000,30.000000,107.750000,60.000000
256549824.000000,0.000000,7.000000,107.500000,60.000000
256550832.000000,0.000000,7.000000,107.250000,60.000000
256551840.000000,0.000000,7.000000,107.000000,60.000000
256552832.000000,0.000000,0.000000,108.750000,60.000000
256553824.000000,0.000000,0.000000,109.250000,60.000000
256554832.000000,0.000000,0.000000,112.750000,60.000000
256555840.000000,0.000000,0.000000,113.750000,60.000000
256556832.000000,0.000000,7.000000,113.500000,60.000000
256557824.000000,0.000000,0.000000,113.750000,60.000000
256558832.000000,0.000000,0.000000,114.250000,60.000000
256559840.000000,0.000000,0.000000,114.750000,60.000000
256560832.000000,0.000000,22.000000,114.000000,60.000000
256561824.000000,0.000000,0.000000,114.500000,60.000000
256562832.000000,0.000000,45.000000,113.000000,60.000000
256563840.000000,0.000000,22.000000,112.250000,60.000000
256564832.000000,0.000000,22.000000,111.500000,60.000000
256565824.000000,0.000000,0.000000,111.500000,60.000000
256566832.000000,0.000000,0.000000,111.750000,60.000000
256567840.000000,0.000000,30.000000,110.750000,60.000000
256568832.000000,0.000000,15.000000,110.250000,60.000000
256569824.000000,0.000000,0.000000,111.500000,60.000000
256570832.000000,0.000000,0.000000,111.750000,60.000000
256571840.000000,0.000000,0.000000,112.000000,60.000000
256572832.000000,0.000000,7.000000,111.750000,60.000000
256573824.000000,0.000000,0.000000,112.000000,60.000000
256574832.000000,0.000000,15.000000,111.500000,60.000000
256575840.000000,0.000000,0.000000,111.500000,60.000000
256576832.000000,0.000000,7.000000,111.250000,60.000000
256577824.000000,0.000000,45.000000,109.750000,60.000000
256578832.000000,0.000000,22.000000,109.000000,60.000000
256579840.000000,0.000000,0.000000,109.250000,60.000000
256580832.000000,0.000000,0.000000,109.250000,60.000000
256581824.000000,0.000000,7.000000,109.000000,60.000000
256582832.000000,0.000000,0.000000,109.000000,60.000000
256583840.000000,0.000000,7.000000,108.750000,60.000000
256584832.000000,0.000000,7.000000,108.500000,60.000000
256585824.000000,0.000000,7.000000,108.250000,60.000000
256586832.000000,0.000000,0.000000,108.250000,60.000000
256587840.000000,0.000000,15.000000,107.750000,60.000000
256588832.000000,0.000000,0.000000,108.000000,60.000000
256589824.000000,0.000000,15.000000,107.250000,60.000000
256590832.000000,0.000000,0.000000,107.750000,60.000000
256591840.000000,0.000000,15.000000,107.250000,60.000000
256592832.000000,0.000000,7.000000,107.000000,60.000000
256593824.000000,0.000000,7.000000,106.750000,60.000000
256594832.000000,0.000000,0.000000,107.000000,60.000000
256595840.000000,0.000000,0.000000,107.000000,60.000000
256596832.000000,0.000000,0.000000,107.000000,60.000000
256597824.000000,0.000000,15.000000,106.500000,60.000000
256598832.000000,0.000000,0.000000,106.500000,60.000000
256599840.000000,0.000000,0.000000,106.500000,60.000000
256600832.000000,0.000000,7.000000,106.250000,60.000000
256601824.000000,0.000000,0.000000,106.250000,60.000000
256602832.000000,0.000000,7.000000,106.000000,60.000000
256603840.000000,0.000000,7.000000,105.750000,60.000000
256604832.000000,0.000000,15.000000,105.250000,60.000000
256605824.000000,0.000000,0.000000,105.250000,60.000000
256606832.000000,0.000000,0.000000,105.250000,60.000000
256607840.000000,0.000000,0.000000,105.250000,60.000000
256608832.000000,0.000000,15.000000,104.750000,60.000000
256609824.000000,0.000000,0.000000,105.000000,60.000000
256610832.000000,0.000000,0.000000,105.000000,60.000000
256611840.000000,0.000000,7.000000,104.750000,60.000000
256612832.000000,0.000000,22.000000,104.000000,60.000000
256613824.000000,0.000000,0.000000,104.250000,60.000000
256614832.000000,0.000000,7.000000,104.000000,60.000000
256615840.000000,0.000000,0.000000,104.000000,60.000000
256616944.000000,0.000000,7.000000,103.750000,60.000000
256617824.000000,0.000000,0.000000,104.000000,60.000000
256618832.000000,0.000000,30.000000,103.000000,60.000000
256619840.000000,0.000000,0.000000,103.750000,60.000000
256620832.000000,0.000000,7.000000,103.500000,60.000000
256621824.000000,0.000000,15.000000,103.000000,60.000000
256622832.000000,0.000000,0.000000,103.250000,60.000000
256623840.000000,0.000000,7.000000,103.000000,60.000000
256624832.000000,0.000000,0.000000,103.000000,60.000000
256625824.000000,0.000000,7.000000,102.750000,60.000000
256626832.000000,0.000000,0.000000,102.750000,60.000000
256627840.000000,0.000000,7.000000,102.500000,60.000000
256628832.000000,0.000000,22.000000,101.750000,60.000000
256629824.000000,0.000000,0.000000,102.250000,60.000000
256630832.000000,0.000000,7.000000,102.000000,60.000000
256631840.000000,0.000000,0.000000,102.000000,60.000000
256632832.000000,0.000000,7.000000,101.750000,60.000000
256633824.000000,0.000000,7.000000,101.500000,60.000000
256634832.000000,0.000000,0.000000,101.750000,60.000000
256635840.000000,0.000000,15.000000,101.250000,60.000000
256636832.000000,0.000000,0.000000,101.250000,60.000000
256637824.000000,0.000000,0.000000,101.250000,60.000000
256638832.000000,0.000000,7.000000,101.000000,60.000000
256639840.000000,0.000000,15.000000,100.500000,60.000000
256640832.000000,0.000000,0.000000,100.500000,60.000000
256641824.000000,0.000000,0.000000,100.750000,60.000000
256642832.000000,0.000000,0.000000,100.750000,60.000000
256643840.000000,0.000000,15.000000,100.250000,60.000000
256644832.000000,0.000000,7.000000,100.000000,60.000000
256645840.000000,0.000000,0.000000,100.250000,60.000000
256646832.000000,0.000000,7.000000,100.000000,60.000000
256647840.000000,0.000000,15.000000,99.500000,60.000000
256648832.000000,0.000000,0.000000,99.500000,60.000000
256649824.000000,0.000000,7.000000,99.250000,60.000000
256650832.000000,0.000000,7.000000,99.000000,60.000000
256651840.000000,0.000000,0.000000,99.500000,60.000000
256652832.000000,0.000000,7.000000,99.250000,60.000000
256653824.000000,0.000000,15.000000,98.750000,60.000000
256654832.000000,0.000000,0.000000,98.750000,60.000000
256655840.000000,0.000000,7.000000,98.500000,60.000000
256656832.000000,0.000000,0.000000,98.500000,60.000000
256657824.000000,0.000000,0.000000,98.500000,60.000000
256658832.000000,0.000000,0.000000,98.500000,60.000000
256659840.000000,0.000000,0.000000,98.500000,60.000000
256660832.000000,0.000000,22.000000,97.750000,60.000000
256661824.000000,0.000000,0.000000,98.000000,60.000000
256662832.000000,0.000000,0.000000,98.000000,60.000000
256663840.000000,0.000000,7.000000,97.750000,60.000000
256664832.000000,0.000000,0.000000,97.750000,60.000000
256665824.000000,0.000000,7.000000,97.500000,60.000000
256666832.000000,0.000000,0.000000,97.750000,60.000000
256667840.000000,0.000000,7.000000,97.500000,60.000000
256668832.000000,0.000000,15.000000,97.000000,60.000000
256669824.000000,0.000000,22.000000,96.250000,60.000000
256670832.000000,0.000000,0.000000,96.500000,60.000000
256671840.000000,0.000000,0.000000,97.000000,60.000000
256672832.000000,0.000000,30.000000,96.000000,60.000000
256673824.000000,0.000000,0.000000,96.500000,60.000000
256674832.000000,0.000000,7.000000,96.250000,60.000000
256675840.000000,0.000000,0.000000,96.250000,60.000000
256676832.000000,0.000000,15.000000,95.750000,60.000000
256677824.000000,0.000000,0.000000,96.000000,60.000000
256678832.000000,0.000000,0.000000,96.000000,60.000000
256679840.000000,0.000000,7.000000,95.750000,60.000000
256680832.000000,0.000000,0.000000,96.000000,60.000000
256681824.000000,0.000000,15.000000,95.500000,60.000000
256682832.000000,0.000000,7.000000,95.250000,60.000000
256683840.000000,0.000000,0.000000,95.750000,60.000000
256684832.000000,0.000000,0.000000,96.000000,60.000000
256685824.000000,0.000000,0.000000,96.500000,60.000000
256686832.000000,0.000000,7.000000,96.250000,60.000000
256687840.000000,0.000000,0.000000,96.500000,60.000000
256688832.000000,0.000000,0.000000,96.750000,60.000000
256689824.000000,0.000000,0.000000,96.750000,60.000000
256690832.000000,0.000000,0.000000,96.750000,60.000000
256691840.000000,0.000000,0.000000,96.750000,60.000000
256692832.000000,0.000000,15.000000,96.250000,60.000000
256693824.000000,0.000000,0.000000,96.500000,60.000000
256694832.000000,0.000000,0.000000,96.500000,60.000000
256695840.000000,0.000000,15.000000,96.000000,60.000000
256696832.000000,0.000000,7.000000,95.750000,60.000000
256697824.000000,0.000000,0.000000,96.250000,60.000000
256698832.000000,0.000000,15.000000,95.750000,60.000000
256699840.000000,0.000000,7.000000,95.500000,60.000000
256700832.000000,0.000000,0.000000,96.000000,60.000000
256701824.000000,0.000000,7.000000,95.750000,60.000000
256702832.000000,0.000000,0.000000,95.750000,60.000000
256703840.000000,0.000000,0.000000,95.750000,60.000000
256704832.000000,0.000000,15.000000,95.250000,60.000000
256705824.000000,0.000000,67.000000,93.000000,60.000000
256706832.000000,0.000000,30.000000,92.000000,60.000000
256707840.000000,0.000000,45.000000,90.500000,60.000000
256708832.000000,0.000000,45.000000,89.000000,60.000000
256709824.000000,0.000000,0.000000,90.000000,60.000000
256710832.000000,0.000000,30.000000,89.000000,60.000000
256711840.000000,0.000000,0.000000,89.000000,60.000000
256712832.000000,0.000000,0.000000,89.750000,60.000000
256713824.000000,0.000000,0.000000,90.500000,60.000000
256714832.000000,0.000000,0.000000,92.000000,60.000000
256715840.000000,0.000000,0.000000,94.750000,60.000000
256716832.000000,0.000000,0.000000,96.000000,60.000000
256717824.000000,0.000000,0.000000,96.000000,60.000000
256718832.000000,0.000000,0.000000,96.500000,60.000000
256719840.000000,0.000000,0.000000,96.500000,60.000000
256720832.000000,0.000000,0.000000,97.000000,60.000000
256721824.000000,0.000000,22.000000,96.250000,60.000000
256722832.000000,0.000000,0.000000,96.250000,60.000000
256723840.000000,0.000000,60.000000,94.250000,60.000000
256724832.000000,0.000000,7.000000,94.000000,60.000000
256725840.000000,0.000000,7.000000,93.750000,60.000000
256726832.000000,0.000000,15.000000,93.250000,60.000000
256727840.000000,0.000000,0.000000,94.250000,60.000000
256728832.000000,0.000000,0.000000,94.250000,60.000000
256729824.000000,0.000000,0.000000,94.250000,60.000000
256730832.000000,0.000000,15.000000,93.750000,60.000000
256731840.000000,0.000000,0.000000,93.750000,60.000000
256732848.000000,0.000000,0.000000,94.250000,60.000000
256733824.000000,0.000000,45.000000,92.750000,60.000000
256734832.000000,0.000000,22.000000,92.000000,60.000000
256735840.000000,0.000000,7.000000,91.750000,60.000000
256736832.000000,0.000000,0.000000,92.000000,60.000000
256737824.000000,0.000000,0.000000,92.250000,60.000000
256738832.000000,0.000000,0.000000,92.250000,60.000000
256739840.000000,0.000000,7.000000,92.000000,60.000000
256740832.000000,0.000000,15.000000,91.500000,60.000000
256741824.000000,0.000000,0.000000,92.000000,60.000000
256742832.000000,0.000000,7.000000,91.750000,60.000000
256743840.000000,0.000000,7.000000,91.250000,60.000000
256744832.000000,0.000000,7.000000,91.000000,60.000000
256745824.000000,0.000000,7.000000,90.750000,60.000000
256746832.000000,0.000000,7.000000,90.500000,60.000000
256747840.000000,0.000000,0.000000,91.250000,60.000000
256748832.000000,0.000000,15.000000,90.750000,60.000000
256749824.000000,0.000000,15.000000,90.250000,60.000000
256750832.000000,0.000000,0.000000,90.750000,60.000000
256751840.000000,0.000000,7.000000,90.500000,60.000000
256752832.000000,0.000000,0.000000,90.750000,60.000000
256753824.000000,0.000000,7.000000,90.500000,60.000000
256754832.000000,0.000000,0.000000,90.500000,60.000000
256755840.000000,0.000000,7.000000,90.250000,60.000000
256756832.000000,0.000000,7.000000,90.000000,60.000000
256757824.000000,0.000000,22.000000,89.250000,60.000000
256758832.000000,0.000000,0.000000,89.750000,60.000000
256759840.000000,0.000000,0.000000,90.000000,60.000000
256760832.000000,0.000000,7.000000,89.750000,60.000000
256761824.000000,0.000000,15.000000,89.250000,60.000000
256762832.000000,0.000000,0.000000,89.750000,60.000000
256763840.000000,0.000000,22.000000,89.000000,60.000000
256764832.000000,0.000000,0.000000,89.000000,60.000000
256765824.000000,0.000000,0.000000,89.500000,60.000000
256766832.000000,0.000000,7.000000,89.250000,60.000000
256767840.000000,0.000000,22.000000,88.500000,60.000000
256768832.000000,0.000000,0.000000,89.000000,60.000000
256769824.000000,0.000000,0.000000,89.000000,60.000000
256770832.000000,0.000000,22.000000,88.250000,60.000000
256771840.000000,0.000000,0.000000,88.500000,60.000000
256772832.000000,0.000000,0.000000,88.500000,60.000000
256773824.000000,0.000000,0.000000,88.500000,60.000000
256774832.000000,0.000000,22.000000,87.750000,60.000000
256775840.000000,0.000000,0.000000,88.000000,60.000000
256776832.000000,0.000000,0.000000,88.000000,60.000000
256777824.000000,0.000000,7.000000,87.750000,60.000000
256778832.000000,0.000000,0.000000,88.000000,60.000000
256779840.000000,0.000000,0.000000,88.000000,60.000000
256780832.000000,0.000000,22.000000,87.250000,60.000000
256781824.000000,0.000000,0.000000,87.750000,60.000000
256782832.000000,0.000000,7.000000,87.500000,60.000000
256783840.000000,0.000000,0.000000,87.500000,60.000000
256784832.000000,0.000000,7.000000,87.250000,60.000000
256785824.000000,0.000000,0.000000,87.500000,60.000000
256786832.000000,0.000000,15.000000,87.000000,60.000000
256787840.000000,0.000000,0.000000,87.250000,60.000000
256788832.000000,0.000000,0.000000,87.500000,60.000000
256789824.000000,0.000000,15.000000,87.000000,60.000000
256790832.000000,0.000000,0.000000,87.000000,60.000000
256791840.000000,0.000000,7.000000,86.750000,60.000000
256792832.000000,0.000000,0.000000,86.750000,60.000000
256793824.000000,0.000000,0.000000,87.000000,60.000000
256794832.000000,0.000000,7.000000,86.750000,60.000000
256795840.000000,0.000000,15.000000,86.250000,60.000000
256796832.000000,0.000000,0.000000,86.500000,60.000000
256797824.000000,0.000000,15.000000,86.000000,60.000000
256798832.000000,0.000000,0.000000,86.250000,60.000000
256799840.000000,0.000000,0.000000,86.500000,60.000000
256800832.000000,0.000000,22.000000,85.750000,60.000000
256801824.000000,0.000000,0.000000,86.000000,60.000000
256802832.000000,0.000000,0.000000,86.000000,60.000000
256803840.000000,0.000000,7.000000,85.750000,60.000000
256804832.000000,0.000000,7.000000,85.500000,60.000000
256805824.000000,0.000000,7.000000,85.500000,60.000000
256806832.000000,0.000000,0.000000,85.500000,60.000000
256807840.000000,0.000000,0.000000,85.750000,60.000000
256808832.000000,0.000000,7.000000,85.500000,60.000000
256809824.000000,0.000000,7.000000,85.250000,60.000000
256810832.000000,0.000000,0.000000,85.250000,60.000000
256811840.000000,0.000000,22.000000,84.500000,60.000000
256812832.000000,0.000000,0.000000,84.500000,60.000000
256813824.000000,0.000000,0.000000,85.000000,60.000000
256814832.000000,0.000000,7.000000,84.750000,60.000000
256815840.000000,0.000000,0.000000,85.000000,60.000000
256816832.000000,0.000000,15.000000,84.500000,60.000000
256817824.000000,0.000000,0.000000,84.750000,60.000000
256818832.000000,0.000000,30.000000,83.750000,60.000000
256819840.000000,0.000000,0.000000,84.750000,60.000000
256820832.000000,0.000000,7.000000,84.500000,60.000000
256821824.000000,0.000000,7.000000,84.250000,60.000000
256822832.000000,0.000000,15.000000,83.750000,60.000000
256823840.000000,0.000000,0.000000,83.750000,60.000000
256824832.000000,0.000000,0.000000,84.250000,60.000000
256825824.000000,0.000000,7.000000,84.000000,60.000000
256826832.000000,0.000000,15.000000,83.500000,60.000000
256827840.000000,0.000000,0.000000,83.750000,60.000000
256828832.000000,0.000000,15.000000,83.250000,60.000000
256829824.000000,0.000000,0.000000,83.750000,60.000000
256830832.000000,0.000000,7.000000,83.500000,60.000000
256831840.000000,0.000000,15.000000,83.000000,60.000000
256832832.000000,0.000000,15.000000,82.500000,60.000000
256833824.000000,0.000000,0.000000,83.250000,60.000000
256834832.000000,0.000000,0.000000,83.250000,60.000000
256835840.000000,0.000000,15.000000,82.750000,60.000000
256836832.000000,0.000000,0.000000,83.000000,60.000000
256837824.000000,0.000000,0.000000,83.000000,60.000000
256838832.000000,0.000000,15.000000,82.500000,60.000000
256839840.000000,0.000000,0.000000,82.500000,60.000000
256840832.000000,0.000000,0.000000,82.750000,60.000000
256841824.000000,0.000000,0.000000,82.750000,60.000000
256842832.000000,0.000000,22.000000,82.000000,60.000000
256843840.000000,0.000000,0.000000,82.250000,60.000000
256844832.000000,0.000000,7.000000,82.000000,60.000000
256845824.000000,0.000000,0.000000,82.250000,60.000000
256846832.000000,0.000000,0.000000,82.500000,60.000000
256847840.000000,0.000000,7.000000,82.250000,60.000000
256848832.000000,0.000000,15.000000,81.750000,60.000000
256849824.000000,0.000000,0.000000,81.750000,60.000000
256850832.000000,0.000000,0.000000,82.000000,60.000000
256851840.000000,0.000000,0.000000,82.000000,60.000000
256852832.000000,0.000000,22.000000,81.250000,60.000000
256853824.000000,0.000000,7.000000,81.000000,60.000000
256854832.000000,0.000000,22.000000,80.250000,60.000000
256855840.000000,0.000000,52.000000,78.500000,60.000000
256856832.000000,0.000000,0.000000,79.000000,60.000000
256857824.000000,0.000000,45.000000,77.500000,60.000000
256858832.000000,0.000000,0.000000,77.750000,60.000000
256859840.000000,0.000000,45.000000,76.250000,60.000000
256860832.000000,0.000000,7.000000,76.000000,60.000000
256861824.000000,0.000000,7.000000,75.750000,60.000000
256862832.000000,0.000000,7.000000,75.500000,60.000000
256863840.000000,0.000000,0.000000,76.750000,60.000000
256864832.000000,0.000000,0.000000,78.500000,60.000000
256865824.000000,0.000000,0.000000,80.250000,60.000000
256866832.000000,0.000000,7.000000,80.000000,60.000000
256867840.000000,0.000000,0.000000,82.750000,60.000000
256868848.000000,0.000000,0.000000,82.750000,60.000000
256869824.000000,0.000000,0.000000,83.500000,60.000000
256870832.000000,0.000000,0.000000,83.500000,60.000000
256871840.000000,0.000000,0.000000,83.500000,60.000000
256872832.000000,0.000000,37.000000,82.250000,60.000000
256873840.000000,0.000000,37.000000,81.000000,60.000000
256874832.000000,0.000000,15.000000,80.500000,60.000000
256875840.000000,0.000000,0.000000,81.250000,60.000000
256876832.000000,0.000000,45.000000,79.750000,60.000000
256877824.000000,0.000000,0.000000,81.250000,60.000000
256878832.000000,0.000000,0.000000,81.750000,60.000000
256879840.000000,0.000000,0.000000,81.750000,60.000000
256880832.000000,0.000000,0.000000,81.750000,60.000000
256881824.000000,0.000000,7.000000,81.500000,60.000000
256882832.000000,0.000000,7.000000,81.250000,60.000000
256883840.000000,0.000000,7.000000,81.000000,60.000000
256884832.000000,0.000000,37.000000,79.750000,60.000000
256885824.000000,0.000000,7.000000,79.500000,60.000000
256886832.000000,0.000000,7.000000,79.250000,60.000000
256887840.000000,0.000000,7.000000,79.000000,60.000000
256888832.000000,0.000000,0.000000,79.250000,60.000000
256889824.000000,0.000000,7.000000,79.000000,60.000000
256890832.000000,0.000000,0.000000,79.000000,60.000000
256891840.000000,0.000000,0.000000,79.000000,60.000000
256892832.000000,0.000000,15.000000,78.500000,60.000000
256893824.000000,0.000000,0.000000,78.500000,60.000000
256894832.000000,0.000000,0.000000,78.750000,60.000000
256895840.000000,0.000000,0.000000,78.750000,60.000000
256896832.000000,0.000000,15.000000,78.250000,60.000000
256897824.000000,0.000000,0.000000,78.250000,60.000000
256898832.000000,0.000000,15.000000,77.750000,60.000000
256899840.000000,0.000000,0.000000,78.250000,60.000000
256900832.000000,0.000000,0.000000,78.250000,60.000000
256901824.000000,0.000000,7.000000,78.000000,60.000000
256902832.000000,0.000000,15.000000,77.500000,60.000000
256903840.000000,0.000000,0.000000,78.000000,60.000000
256904832.000000,0.000000,0.000000,78.250000,60.000000
256905824.000000,0.000000,7.000000,78.000000,60.000000
256906832.000000,0.000000,0.000000,78.000000,60.000000
256907840.000000,0.000000,0.000000,78.000000,60.000000
256908832.000000,0.000000,15.000000,77.500000,60.000000
256909824.000000,0.000000,0.000000,77.750000,60.000000
256910832.000000,0.000000,0.000000,77.750000,60.000000
256911840.000000,0.000000,7.000000,77.500000,60.000000
256912832.000000,0.000000,0.000000,77.750000,60.000000
256913824.000000,0.000000,7.000000,77.500000,60.000000
256914832.000000,0.000000,0.000000,77.500000,60.000000
256915840.000000,0.000000,0.000000,77.500000,60.000000
256916832.000000,0.000000,7.000000,77.250000,60.000000
256917824.000000,0.000000,0.000000,77.250000,60.000000
256918832.000000,0.000000,0.000000,77.250000,60.000000
256919840.000000,0.000000,0.000000,77.250000,60.000000
256920832.000000,0.000000,15.000000,76.750000,60.000000
256921840.000000,0.000000,0.000000,77.000000,60.000000
256922832.000000,0.000000,0.000000,77.500000,60.000000
256923840.000000,0.000000,7.000000,77.250000,60.000000
256924832.000000,0.000000,0.000000,77.250000,60.000000
256925824.000000,0.000000,15.000000,76.750000,60.000000
256926832.000000,0.000000,0.000000,77.000000,60.000000
256927840.000000,0.000000,7.000000,76.750000,60.000000
256928832.000000,0.000000,7.000000,76.500000,60.000000
256929824.000000,0.000000,0.000000,77.000000,60.000000
256930832.000000,0.000000,15.000000,76.500000,60.000000
256931840.000000,0.000000,0.000000,76.750000,60.000000
256932832.000000,0.000000,0.000000,76.750000,60.000000
256933824.000000,0.000000,15.000000,76.250000,60.000000
256934832.000000,0.000000,0.000000,76.750000,60.000000
256935840.000000,0.000000,7.000000,76.500000,60.000000
256936832.000000,0.000000,7.000000,76.250000,60.000000
256937824.000000,0.000000,0.000000,76.250000,60.000000
256938832.000000,0.000000,7.000000,76.000000,60.000000
256939840.000000,0.000000,0.000000,76.500000,60.000000
256940832.000000,0.000000,0.000000,76.500000,60.000000
256941824.000000,0.000000,7.000000,76.250000,60.000000
256942832.000000,0.000000,7.000000,76.000000,60.000000
256943840.000000,0.000000,0.000000,76.250000,60.000000
256944832.000000,0.000000,0.000000,76.250000,60.000000
256945824.000000,0.000000,15.000000,75.750000,60.000000
256946832.000000,0.000000,0.000000,76.000000,60.000000
256947840.000000,0.000000,0.000000,76.000000,60.000000
256948832.000000,0.000000,0.000000,76.250000,60.000000
256949824.000000,0.000000,0.000000,76.500000,60.000000
256950832.000000,0.000000,0.000000,76.500000,60.000000
256951840.000000,0.000000,7.000000,76.250000,60.000000
256952832.000000,0.000000,7.000000,76.000000,60.000000
256953824.000000,0.000000,0.000000,76.250000,60.000000
256954832.000000,0.000000,0.000000,76.500000,60.000000
256955840.000000,0.000000,0.000000,76.500000,60.000000
256956832.000000,0.000000,7.000000,76.250000,60.000000
256957824.000000,0.000000,0.000000,76.250000,60.000000
256958832.000000,0.000000,0.000000,76.250000,60.000000
256959840.000000,0.000000,0.000000,76.500000,60.000000
256960832.000000,0.000000,0.000000,76.500000,60.000000
256961824.000000,0.000000,7.000000,76.250000,60.000000
256962832.000000,0.000000,0.000000,76.500000,60.000000
256963840.000000,0.000000,0.000000,76.500000,60.000000
256964832.000000,0.000000,7.000000,76.250000,60.000000
256965824.000000,0.000000,0.000000,76.250000,60.000000
256966832.000000,0.000000,0.000000,76.500000,60.000000
256967840.000000,0.000000,0.000000,76.500000,60.000000
256968832.000000,0.000000,7.000000,76.250000,60.000000
256969824.000000,0.000000,7.000000,76.000000,60.000000
256970832.000000,0.000000,7.000000,75.750000,60.000000
256971840.000000,0.000000,0.000000,76.000000,60.000000
256972832.000000,0.000000,0.000000,76.250000,60.000000
256973824.000000,0.000000,7.000000,76.000000,60.000000
256974832.000000,0.000000,0.000000,76.000000,60.000000
256975840.000000,0.000000,0.000000,76.000000,60.000000
256976832.000000,0.000000,0.000000,76.250000,60.000000
256977824.000000,0.000000,30.000000,75.250000,60.000000
256978832.000000,0.000000,0.000000,75.750000,60.000000
256979840.000000,0.000000,0.000000,75.750000,60.000000
256980832.000000,0.000000,0.000000,75.750000,60.000000
256981824.000000,0.000000,0.000000,75.750000,60.000000
256982832.000000,0.000000,7.000000,75.500000,60.000000
256983840.000000,0.000000,0.000000,75.750000,60.000000
256984832.000000,0.000000,22.000000,75.000000,60.000000
256985824.000000,0.000000,0.000000,75.500000,60.000000
256986832.000000,0.000000,0.000000,75.500000,60.000000
256987840.000000,0.000000,15.000000,75.000000,60.000000
256988832.000000,0.000000,0.000000,75.250000,60.000000
256989824.000000,0.000000,0.000000,75.250000,60.000000
256990848.000000,0.000000,0.000000,75.250000,60.000000
256991840.000000,0.000000,0.000000,75.250000,60.000000
256992832.000000,0.000000,0.000000,75.250000,60.000000
256993824.000000,0.000000,7.000000,75.000000,60.000000
256994832.000000,0.000000,0.000000,75.250000,60.000000
256995840.000000,0.000000,7.000000,75.000000,60.000000
256996832.000000,0.000000,0.000000,75.250000,60.000000
256997824.000000,0.000000,15.000000,74.750000,60.000000
256998832.000000,0.000000,0.000000,74.750000,60.000000
256999840.000000,0.000000,0.000000,75.000000,60.000000
257000832.000000,0.000000,0.000000,75.000000,60.000000
257001824.000000,0.000000,22.000000,74.250000,60.000000
257002832.000000,0.000000,0.000000,74.250000,60.000000
257003840.000000,0.000000,0.000000,74.750000,60.000000
257004832.000000,0.000000,15.000000,74.250000,60.000000
257005824.000000,0.000000,15.000000,73.750000,60.000000
257006832.000000,0.000000,37.000000,72.500000,60.000000
257007840.000000,0.000000,45.000000,71.000000,60.000000
257008832.000000,0.000000,0.000000,71.500000,60.000000
257009824.000000,0.000000,60.000000,69.500000,60.000000
257010832.000000,0.000000,7.000000,69.250000,60.000000
257011840.000000,0.000000,15.000000,68.750000,60.000000
257012832.000000,0.000000,0.000000,70.000000,60.000000
257013824.000000,0.000000,0.000000,71.000000,60.000000
257014832.000000,0.000000,0.000000,73.250000,60.000000
257015840.000000,0.000000,0.000000,75.250000,60.000000
257016832.000000,0.000000,0.000000,75.250000,60.000000
257017824.000000,0.000000,0.000000,76.500000,60.000000
257018832.000000,0.000000,0.000000,77.250000,60.000000
257019840.000000,0.000000,15.000000,76.750000,60.000000
257020832.000000,0.000000,0.000000,77.250000,60.000000
257021824.000000,0.000000,0.000000,77.500000,60.000000
257022832.000000,0.000000,30.000000,76.500000,60.000000
257023840.000000,0.000000,52.000000,74.750000,60.000000
257024832.000000,0.000000,0.000000,75.000000,60.000000
257025824.000000,0.000000,30.000000,74.000000,60.000000
257026832.000000,0.000000,0.000000,74.750000,60.000000
257027840.000000,0.000000,0.000000,75.750000,60.000000
257028832.000000,0.000000,15.000000,75.250000,60.000000
257029824.000000,0.000000,0.000000,75.500000,60.000000
257030832.000000,0.000000,0.000000,75.500000,60.000000
257031840.000000,0.000000,7.000000,75.250000,60.000000
257032832.000000,0.000000,0.000000,75.250000,60.000000
257033840.000000,0.000000,37.000000,74.000000,60.000000
257034832.000000,0.000000,15.000000,73.500000,60.000000
257035840.000000,0.000000,7.000000,73.250000,60.000000
257036832.000000,0.000000,0.000000,73.250000,60.000000
257037824.000000,0.000000,0.000000,73.250000,60.000000
257038832.000000,0.000000,0.000000,73.250000,60.000000
257039840.000000,0.000000,0.000000,73.250000,60.000000
257040832.000000,0.000000,5.000000,72.750000,60.000000
257041824.000000,0.000000,2.000000,73.000000,60.000000
257042832.000000,0.000000,0.000000,73.250000,60.000000
257043840.000000,0.000000,2.000000,73.000000,60.000000
257044832.000000,0.000000,1.000000,73.000000,60.000000
257045824.000000,0.000000,1.000000,72.750000,60.000000
257046832.000000,0.000000,0.000000,72.750000,60.000000
257047840.000000,0.000000,0.000000,72.750000,60.000000
257048848.000000,0.000000,4.000000,72.250000,60.000000
257049824.000000,0.000000,0.000000,72.500000,60.000000
257050832.000000,0.000000,0.000000,72.750000,60.000000
257051840.000000,0.000000,0.000000,72.750000,60.000000
257052832.000000,0.000000,1.000000,72.500000,60.000000
257053824.000000,0.000000,1.000000,72.500000,60.000000
257054832.000000,0.000000,0.000000,72.500000,60.000000
257055840.000000,0.000000,0.000000,72.500000,60.000000
257056832.000000,0.000000,1.000000,72.250000,60.000000
257057824.000000,0.000000,0.000000,72.500000,60.000000
257058832.000000,0.000000,0.000000,72.500000,60.000000
257059840.000000,0.000000,179.000000,72.000000,60.000000
257060832.000000,0.000000,3.000000,72.000000,60.000000
257061824.000000,0.000000,0.000000,72.250000,60.000000
257062832.000000,0.000000,0.000000,72.250000,60.000000
257063840.000000,0.000000,88.000000,72.000000,60.000000
257064832.000000,0.000000,0.000000,72.500000,60.000000
257065824.000000,0.000000,179.000000,72.000000,60.000000
257066832.000000,0.000000,92.000000,71.750000,60.000000
257067840.000000,0.000000,0.000000,72.250000,60.000000
257068832.000000,0.000000,88.000000,72.000000,60.000000
257069824.000000,0.000000,0.000000,72.000000,60.000000
257070832.000000,0.000000,88.000000,71.750000,60.000000
257071840.000000,0.000000,0.000000,71.750000,60.000000
257072832.000000,0.000000,179.000000,71.250000,60.000000
257073824.000000,0.000000,0.000000,71.750000,60.000000
257074832.000000,0.000000,179.000000,71.250000,60.000000
257075840.000000,0.000000,0.000000,71.750000,60.000000
257076832.000000,0.000000,88.000000,71.500000,60.000000
257077824.000000,0.000000,0.000000,71.500000,60.000000
257078832.000000,0.000000,0.000000,71.500000,60.000000
257079840.000000,0.000000,0.000000,71.750000,60.000000
257080832.000000,0.000000,179.000000,71.250000,60.000000
257081840.000000,0.000000,0.000000,71.750000,60.000000
257082832.000000,0.000000,88.000000,71.500000,60.000000
257083840.000000,0.000000,180.000000,71.000000,60.000000
257084832.000000,0.000000,0.000000,71.500000,60.000000
257085824.000000,0.000000,0.000000,71.500000,60.000000
257086832.000000,0.000000,0.000000,71.750000,60.000000
257087840.000000,0.000000,255.000000,71.000000,60.000000
257088832.000000,0.000000,0.000000,71.250000,60.000000
257089824.000000,0.000000,181.000000,70.750000,60.000000
257090832.000000,0.000000,94.000000,70.500000,60.000000
257091840.000000,0.000000,0.000000,71.500000,60.000000
257092832.000000,0.000000,0.000000,71.500000,60.000000
257093824.000000,0.000000,88.000000,71.250000,60.000000
257094832.000000,0.000000,0.000000,71.250000,60.000000
257095840.000000,0.000000,0.000000,71.250000,60.000000
257096832.000000,0.000000,0.000000,71.250000,60.000000
257097824.000000,0.000000,0.000000,71.250000,60.000000
257098832.000000,0.000000,0.000000,71.250000,60.000000
257099840.000000,0.000000,0.000000,71.250000,60.000000
257100832.000000,0.000000,88.000000,71.000000,60.000000
257101824.000000,0.000000,0.000000,71.250000,60.000000
257102832.000000,0.000000,0.000000,71.250000,60.000000
257103840.000000,0.000000,0.000000,71.500000,60.000000
257104832.000000,0.000000,88.000000,71.250000,60.000000
257105824.000000,0.000000,0.000000,71.250000,60.000000
257106832.000000,0.000000,0.000000,71.500000,60.000000
257107840.000000,0.000000,179.000000,71.000000,60.000000
257108832.000000,0.000000,0.000000,71.250000,60.000000
257109824.000000,0.000000,0.000000,71.500000,60.000000
257110832.000000,0.000000,0.000000,71.500000,60.000000
257111840.000000,0.000000,0.000000,71.500000,60.000000
257112832.000000,0.000000,0.000000,71.500000,60.000000
257113840.000000,0.000000,0.000000,71.750000,60.000000
257114832.000000,0.000000,0.000000,71.750000,60.000000
257115840.000000,0.000000,0.000000,72.000000,60.000000
257116832.000000,0.000000,179.000000,71.500000,60.000000
257117824.000000,0.000000,92.000000,71.250000,60.000000
257118832.000000,0.000000,0.000000,71.500000,60.000000
257119840.000000,0.000000,0.000000,71.750000,60.000000
257120832.000000,0.000000,0.000000,72.250000,60.000000
257121824.000000,0.000000,88.000000,72.000000,60.000000
257122832.000000,0.000000,0.000000,72.000000,60.000000
257123840.000000,0.000000,0.000000,72.250000,60.000000
257124832.000000,0.000000,255.000000,71.500000,60.000000
257125824.000000,0.000000,0.000000,72.250000,60.000000
257126832.000000,0.000000,179.000000,71.750000,60.000000
257127840.000000,0.000000,183.000000,71.250000,60.000000
257128832.000000,0.000000,0.000000,72.000000,60.000000
257129824.000000,0.000000,0.000000,72.500000,60.000000
257130832.000000,0.000000,0.000000,72.500000,60.000000
257131840.000000,0.000000,88.000000,72.250000,60.000000
257132832.000000,0.000000,0.000000,72.500000,60.000000
257133824.000000,0.000000,0.000000,72.750000,60.000000
257134832.000000,0.000000,88.000000,72.500000,120.000000
257135840.000000,0.000000,4.000000,72.500000,120.000000
257136832.000000,0.000000,0.000000,73.000000,120.000000
257137824.000000,0.000000,94.000000,72.750000,120.000000
257138832.000000,0.000000,10.000000,72.750000,120.000000
257139840.000000,0.000000,13.000000,72.750000,120.000000
257140832.000000,0.000000,0.000000,73.000000,120.000000
257141824.000000,0.000000,0.000000,73.250000,120.000000
257142832.000000,0.000000,105.000000,73.000000,120.000000
257143840.000000,0.000000,0.000000,73.250000,120.000000
257144832.000000,0.000000,0.000000,73.500000,120.000000
257145824.000000,0.000000,0.000000,73.750000,120.000000
257146832.000000,0.000000,201.000000,73.250000,120.000000
257147840.000000,0.000000,0.000000,73.500000,120.000000
257148832.000000,0.000000,0.000000,73.750000,120.000000
257149824.000000,0.000000,118.000000,73.500000,120.000000
257150832.000000,0.000000,123.000000,73.250000,120.000000
257151840.000000,0.000000,255.000000,71.750000,120.000000
257152832.000000,0.000000,255.000000,70.500000,120.000000
257153824.000000,0.000000,255.000000,69.500000,120.000000
257154832.000000,0.000000,255.000000,69.000000,120.000000
257155840.000000,0.000000,94.000000,69.000000,120.000000
257156832.000000,0.000000,7.000000,69.250000,120.000000
257157824.000000,0.000000,0.000000,70.000000,120.000000
257158832.000000,0.000000,0.000000,71.250000,120.000000
257159840.000000,0.000000,0.000000,73.500000,120.000000
257160832.000000,0.000000,0.000000,76.750000,120.000000
257161824.000000,0.000000,123.000000,76.500000,120.000000
257162832.000000,0.000000,0.000000,76.750000,120.000000
257163840.000000,0.000000,0.000000,77.500000,120.000000
257164832.000000,0.000000,0.000000,78.500000,120.000000
257165824.000000,0.000000,25.000000,78.500000,120.000000
257166832.000000,0.000000,255.000000,77.750000,120.000000
257167840.000000,0.000000,255.000000,76.750000,120.000000
257168832.000000,0.000000,51.000000,76.750000,120.000000
257169824.000000,0.000000,0.000000,77.000000,120.000000
257170832.000000,0.000000,255.000000,75.750000,120.000000
257171840.000000,0.000000,0.000000,77.250000,120.000000
257172832.000000,0.000000,0.000000,78.250000,120.000000
257173824.000000,0.000000,0.000000,78.500000,120.000000
257174832.000000,0.000000,48.000000,78.500000,120.000000
257175840.000000,0.000000,0.000000,78.750000,120.000000
257176832.000000,0.000000,50.000000,78.750000,120.000000
257177824.000000,0.000000,142.000000,78.500000,120.000000
257178832.000000,0.000000,0.000000,78.750000,120.000000
257179840.000000,0.000000,0.000000,78.750000,120.000000
257180832.000000,0.000000,255.000000,77.500000,120.000000
257181824.000000,0.000000,162.000000,77.250000,120.000000
257182832.000000,0.000000,167.000000,77.000000,120.000000
257183840.000000,0.000000,83.000000,77.000000,120.000000
257184832.000000,0.000000,0.000000,77.250000,120.000000
257185824.000000,0.000000,0.000000,77.750000,120.000000
257186832.000000,0.000000,173.000000,77.500000,120.000000
257187840.000000,0.000000,0.000000,77.750000,120.000000
257188832.000000,0.000000,0.000000,78.250000,120.000000
257189824.000000,0.000000,175.000000,78.000000,120.000000
257190832.000000,0.000000,0.000000,78.500000,120.000000
257191840.000000,0.000000,0.000000,78.750000,120.000000
257192832.000000,0.000000,0.000000,79.000000,120.000000
257193824.000000,0.000000,89.000000,79.000000,120.000000
257194832.000000,0.000000,1.000000,79.250000,120.000000
257195840.000000,0.000000,1.000000,79.500000,120.000000
257196832.000000,0.000000,1.000000,79.750000,120.000000
257197824.000000,0.000000,91.000000,79.750000,120.000000
257198832.000000,0.000000,0.000000,80.250000,120.000000
257199840.000000,0.000000,180.000000,80.000000,120.000000
257200832.000000,0.000000,5.000000,80.250000,120.000000
257201824.000000,0.000000,95.000000,80.250000,120.000000
257202832.000000,0.000000,97.000000,80.250000,120.000000
257203840.000000,0.000000,0.000000,80.750000,120.000000
257204832.000000,0.000000,6.000000,81.000000,120.000000
257205840.000000,0.000000,6.000000,81.250000,120.000000
257206832.000000,0.000000,96.000000,81.250000,120.000000
257207840.000000,0.000000,188.000000,81.000000,120.000000
