n,td0,tv0,td1,tv1,td2,tv2,td3,tv3
0,49.998889,1.626059,149.998889,9.674706,249.998889,16.708246,349.998889,25.654625
1,50.047200,1.626877,150.047200,9.698571,250.047200,16.752445,350.047200,25.669392
2,50.104340,1.617062,150.104340,9.727994,250.104340,16.827527,350.104340,25.686559
3,50.149188,1.578301,150.149188,9.742225,250.149188,16.909383,350.149188,25.685782
4,50.200118,1.531779,150.200118,9.760013,250.200118,17.013399,350.200118,25.686215
5,50.246985,1.470161,150.246985,9.771585,250.246985,17.126446,350.246985,25.678494
6,50.289116,1.395586,150.289116,9.776644,250.289116,17.244864,350.289116,25.662725
7,50.339406,1.323755,150.339406,9.788455,250.339406,17.378560,350.339406,25.652581
8,50.386046,1.245673,150.386046,9.795586,250.386046,17.512741,350.386046,25.637035
9,50.431949,1.167061,150.431949,9.801320,250.431949,17.647330,350.431949,25.619777
10,50.482361,1.095975,150.482361,9.811279,250.482361,17.784589,350.482361,25.606834
11,50.533397,1.031341,150.533397,9.821950,250.533397,17.917646,350.533397,25.595100
12,50.594915,0.985827,150.594915,9.843564,250.594915,18.053372,350.594915,25.595212
13,50.642100,0.937427,150.642100,9.851680,250.642100,18.163965,350.642100,25.583135
14,50.684094,0.898093,150.684094,9.855812,250.684094,18.255581,350.684094,25.568789
15,50.725228,0.874968,150.725228,9.860668,250.725228,18.329566,350.725228,25.557289
16,50.775726,0.881085,150.775726,9.876843,250.775726,18.393155,350.775726,25.559633
17,50.824360,0.906746,150.824360,9.893525,250.824360,18.438660,350.824360,25.565753
18,50.883682,0.962381,150.883682,9.923141,250.883682,18.484680,350.883682,25.588146
19,50.924431,1.016052,150.924431,9.935988,250.924431,18.502726,350.924431,25.596518
20,50.978944,1.097427,150.978944,9.963966,250.978944,18.525913,350.978944,25.622172
21,51.034272,1.190883,151.034272,9.993682,251.034272,18.542066,351.034272,25.651124
22,51.082546,1.285876,151.082546,10.016829,251.082546,18.544088,351.082546,25.674472
23,51.126977,1.382944,151.126977,10.036176,251.126977,18.535967,351.126977,25.694392
24,51.170369,1.482220,151.170369,10.054088,251.170369,18.521280,351.170369,25.712654
25,51.229185,1.597492,151.229185,10.086585,251.229185,18.517265,351.229185,25.744686
26,51.269547,1.692209,151.269547,10.099350,251.269547,18.490819,351.269547,25.755578
27,51.320956,1.793200,151.320956,10.121445,251.320956,18.472217,351.320956,25.773796
28,51.364028,1.878406,151.364028,10.133043,251.364028,18.442849,351.364028,25.778920
29,51.415826,1.962218,151.415826,10.150768,251.415826,18.420553,351.415826,25.786980
30,51.469219,2.034832,151.469219,10.167049,251.469219,18.398974,351.469219,25.789813
31,51.523640,2.093007,151.523640,10.180876,251.523640,18.378317,351.523640,25.785814
32,51.561408,2.116389,151.561408,10.174130,251.561408,18.341677,351.561408,25.756271
33,51.618366,2.142215,151.618366,10.182995,251.618366,18.321601,351.618366,25.733878
34,51.661822,2.141904,151.661822,10.175540,251.661822,18.282085,351.661822,25.684832
35,51.700857,2.125938,151.700857,10.161030,251.700857,18.232961,351.700857,25.620229
36,51.764115,2.124367,151.764115,10.168297,251.764115,18.203623,351.764115,25.570733
37,51.815305,2.102301,151.815305,10.161236,251.815305,18.158530,351.815305,25.502069
38,51.854617,2.061333,151.854617,10.140223,251.854617,18.098622,351.854617,25.416443
39,51.906434,2.027249,151.906434,10.129826,251.906434,18.049033,351.906434,25.340255
40,51.952325,1.983021,151.952325,10.111802,251.952325,17.992081,351.952325,25.257093
41,52.002139,1.939902,152.002139,10.096185,252.002139,17.938367,352.002139,25.178822
42,52.042313,1.885732,152.042313,10.069599,252.042313,17.875078,352.042313,25.093896
43,52.091872,1.840937,152.091872,10.051255,252.091872,17.821987,352.091872,25.023358
44,52.140089,1.796194,152.140089,10.030612,252.140089,17.769119,352.140089,24.958497
45,52.200877,1.766820,152.200877,10.021769,252.200877,17.731138,352.200877,24.915243
46,52.240743,1.720724,152.240743,9.991420,252.240743,17.675299,352.240743,24.862122
47,52.294781,1.694402,152.294781,9.974843,252.294781,17.637448,352.294781,24.836243
48,52.339121,1.665390,152.339121,9.948358,252.339121,17.594465,352.339121,24.815755
49,52.391173,1.649046,152.391173,9.928691,252.391173,17.561793,352.391173,24.816921
50,52.443083,1.634396,152.443083,9.907277,252.443083,17.529274,352.443083,24.828722
51,52.493489,1.619866,152.493489,9.882890,252.493489,17.495778,352.493489,24.848771
52,52.537128,1.599985,152.537128,9.850400,252.537128,17.456280,352.537128,24.870784
53,52.578551,1.579093,152.578551,9.814494,252.578551,17.415566,352.578551,24.898289
54,52.639944,1.579168,152.639944,9.797495,252.639944,17.396058,352.639944,24.952453
55,52.692350,1.571043,152.692350,9.770580,252.692350,17.369035,352.692350,25.003296
56,52.729465,1.548203,152.729465,9.727580,252.729465,17.328428,352.729465,25.043492
57,52.774697,1.533850,152.774697,9.692040,252.774697,17.297883,352.774697,25.095429
58,52.824377,1.524102,152.824377,9.660424,252.824377,17.273965,352.824377,25.154413
59,52.879839,1.520085,152.879839,9.634203,252.879839,17.258244,352.879839,25.220759
60,52.937310,1.517816,152.937310,9.609740,252.937310,17.247184,352.937310,25.289672
61,52.975137,1.495432,152.975137,9.565515,252.975137,17.219366,352.975137,25.338476
62,53.030463,1.489868,153.030463,9.538809,253.030463,17.212170,353.030463,25.403294
63,53.082855,1.480480,153.082855,9.509323,253.082855,17.205400,353.082855,25.462671
64,53.120274,1.455020,153.120274,9.465152,253.120274,17.187250,353.120274,25.503544
65,53.174927,1.443517,153.174927,9.435123,253.174927,17.191519,353.174927,25.563077
66,53.230947,1.428749,153.230947,9.400730,253.230947,17.203229,353.230947,25.630214
67,53.280267,1.403673,153.280267,9.355161,253.280267,17.213506,353.280267,25.695656
68,53.320629,1.367057,153.320629,9.297410,253.320629,17.219283,353.320629,25.755914
69,53.369846,1.337738,153.369846,9.246546,253.369846,17.237566,353.369846,25.827568
70,53.423066,1.311889,153.423066,9.198970,253.423066,17.262693,353.423066,25.904533
71,53.470691,1.280939,153.470691,9.146338,253.470691,17.284260,353.470691,25.975980
72,53.512531,1.245720,153.512531,9.089713,253.512531,17.301267,353.512531,26.040487
73,53.561020,1.219692,153.561020,9.042784,253.561020,17.325341,353.561020,26.109255
74,53.604834,1.192556,153.604834,8.995480,253.604834,17.344347,353.604834,26.169727
75,53.664542,1.185907,153.664542,8.969625,253.664542,17.378049,353.664542,26.241243
76,53.717114,1.177738,153.717114,8.943442,253.717114,17.402608,353.717114,26.299538
77,53.755506,1.162033,153.755506,8.911141,253.755506,17.410171,353.755506,26.336338
78,53.803764,1.163859,153.803764,8.898022,253.803764,17.423975,353.803764,26.374454
79,53.863701,1.186057,153.863701,8.907152,253.863701,17.445027,353.863701,26.414470
80,53.903446,1.197779,153.903446,8.907914,253.903446,17.440646,353.903446,26.423281
81,53.955137,1.234024,153.955137,8.936122,253.955137,17.441553,353.955137,26.430806
82,54.011437,1.288368,154.011437,8.985686,254.011437,17.440311,354.011437,26.429508
83,54.048554,1.335123,154.048554,9.030425,254.048554,17.414283,354.048554,26.397384
84,54.101199,1.407103,154.101199,9.102658,254.101199,17.399340,354.101199,26.370935
85,54.143928,1.476971,154.143928,9.174552,254.143928,17.371198,354.143928,26.326510
86,54.209217,1.575306,154.209217,9.276193,254.209217,17.363492,354.209217,26.298374
87,54.248193,1.651340,154.248193,9.356319,254.248193,17.328507,354.248193,26.239446
88,54.301659,1.743981,154.301659,9.453341,254.301659,17.308207,354.301659,26.192320
89,54.355693,1.837409,154.355693,9.550948,254.355693,17.289826,354.355693,26.144864
90,54.400434,1.919870,154.400434,9.636889,254.400434,17.264664,354.400434,26.089007
91,54.440753,1.994337,154.440753,9.713644,254.440753,17.238751,354.440753,26.031412
92,54.493381,2.075648,154.493381,9.795556,254.493381,17.229977,354.493381,25.990601
93,54.549629,2.153217,154.549629,9.871543,254.549629,17.230811,354.549629,25.959675
94,54.591024,2.206676,154.591024,9.920744,254.591024,17.223939,354.591024,25.921951
95,54.641466,2.258028,154.641466,9.964669,254.641466,17.234422,354.641466,25.903122
96,54.682081,2.286506,154.682081,9.982054,254.682081,17.244543,354.682081,25.886103
97,54.744051,2.324510,154.744051,10.004511,254.744051,17.289112,354.744051,25.904141
98,54.791276,2.339027,154.791276,9.999022,254.791276,17.333351,354.791276,25.920580
99,54.842739,2.349942,154.842739,9.986149,254.842739,17.393943,354.842739,25.952266
100,54.891823,2.351538,154.891823,9.960853,254.891823,17.461966,354.891823,25.990441
101,54.921968,2.328158,154.921968,9.908155,254.921968,17.518562,354.921968,26.016405
102,54.971969,2.319501,154.971969,9.868431,254.971969,17.600226,354.971969,26.066818
103,55.022726,2.307365,155.022726,9.824158,255.022726,17.685553,355.022726,26.120436
104,55.079775,2.298191,155.079775,9.782455,255.079775,17.777782,355.079775,26.180661
105,55.125750,2.275513,155.125750,9.727533,255.125750,17.857243,355.125750,26.227984
106,55.175453,2.255036,155.175453,9.675774,255.175453,17.936438,355.175453,26.275069
107,55.223793,2.232570,155.223793,9.623669,255.223793,18.007976,355.223793,26.314688
108,55.281203,2.219451,155.281203,9.583228,255.281203,18.079988,355.281203,26.355132
109,55.326510,2.195406,155.326510,9.534859,255.326510,18.128999,355.326510,26.373092
110,55.365925,2.167550,155.365925,9.486353,255.365925,18.158921,355.365925,26.372638
111,55.420499,2.157835,155.420499,9.460340,255.420499,18.188502,355.420499,26.372683
112,55.472446,2.149376,155.472446,9.440614,255.472446,18.197656,355.472446,26.353301
113,55.508605,2.129166,155.508605,9.410251,255.508605,18.171320,355.508605,26.298498
114,55.556797,2.124095,155.556797,9.392485,255.556797,18.138578,355.556797,26.236487
115,55.611943,2.128361,155.611943,9.382585,255.611943,18.096800,355.611943,26.164892
116,55.672741,2.139941,155.672741,9.379596,255.672741,18.047132,355.672741,26.085114
117,55.709423,2.128344,155.709423,9.354097,255.709423,17.962254,355.709423,25.970086
118,55.769377,2.140235,155.769377,9.353823,255.769377,17.892004,355.769377,25.869899
119,55.805980,2.128268,155.805980,9.332497,255.805980,17.792205,355.805980,25.740631
120,55.867133,2.139625,155.867133,9.338369,255.867133,17.713209,355.867133,25.632888
121,55.910703,2.131447,155.910703,9.329652,255.910703,17.615329,355.910703,25.507237
122,55.950615,2.116938,155.950615,9.320617,255.950615,17.514940,355.950615,25.380306
123,56.004486,2.112993,156.004486,9.329230,256.004486,17.432107,356.004486,25.272413
124,56.048456,2.095029,156.048456,9.331977,256.048456,17.345418,356.048456,25.162403
125,56.100528,2.080326,156.100528,9.347209,256.100528,17.275325,356.100528,25.070979
126,56.150140,2.057602,156.150140,9.364709,256.150140,17.213714,356.150140,24.990283
127,56.193574,2.022413,156.193574,9.381107,256.193574,17.159315,356.193574,24.919296
128,56.244340,1.987550,156.244340,9.410261,256.244340,17.128087,356.244340,24.874234
129,56.289823,1.935298,156.289823,9.443305,256.289823,17.106562,356.289823,24.841864
130,56.338464,1.871197,156.338464,9.491029,256.338464,17.099727,356.338464,24.827053
131,56.388524,1.796075,156.388524,9.549939,256.388524,17.104386,356.388524,24.826325
132,56.443027,1.715525,156.443027,9.621304,256.443027,17.122111,356.443027,24.840970
133,56.484233,1.614376,156.484233,9.685631,256.484233,17.133706,356.484233,24.851513
134,56.550895,1.533951,156.550895,9.779919,256.550895,17.176473,356.550895,24.894973
135,56.591951,1.425753,156.591951,9.851349,256.591951,17.197892,356.591951,24.918551
136,56.635830,1.320784,156.635830,9.926599,256.635830,17.224941,356.635830,24.948943
137,56.695550,1.234629,156.695550,10.016932,256.695550,17.269181,356.695550,24.997430
138,56.743222,1.141967,156.743222,10.092703,256.743222,17.301270,356.743222,25.034390
139,56.785234,1.051755,156.785234,10.158546,256.785234,17.326142,356.785234,25.064473
140,56.840086,0.985063,156.840086,10.231209,256.840086,17.360842,356.840086,25.104447
141,56.891860,0.928540,156.891860,10.293017,256.891860,17.387998,356.891860,25.136657
142,56.933593,0.877793,156.933593,10.335254,256.933593,17.399194,356.933593,25.152407
143,56.986879,0.856986,156.986879,10.377761,256.986879,17.414568,356.986879,25.171554
144,57.039349,0.856315,157.039349,10.406411,257.039349,17.420297,357.039349,25.179995
145,57.076117,0.863844,157.076117,10.408569,257.076117,17.399699,357.076117,25.161343
146,57.130802,0.912383,157.130802,10.421529,257.130802,17.386755,357.130802,25.150125
147,57.167828,0.963293,157.167828,10.410100,257.167828,17.347674,357.167828,25.112635
148,57.222912,1.049231,157.222912,10.410389,257.222912,17.319959,357.222912,25.086464
149,57.278093,1.149172,157.278093,10.404823,257.278093,17.287434,357.278093,25.055521
150,57.323213,1.249895,157.323213,10.383628,257.323213,17.241726,357.323213,25.011521
151,57.372965,1.363032,157.372965,10.361888,257.372965,17.199313,357.372965,24.971030
152,57.428597,1.486766,157.428597,10.341235,257.428597,17.163228,357.428597,24.937166
153,57.461714,1.589644,157.461714,10.293665,257.461714,17.106863,357.461714,24.883409
154,57.522879,1.719162,157.522879,10.270126,257.522879,17.082565,357.522879,24.862191
155,57.560888,1.821057,157.560888,10.219802,257.560888,17.040914,357.560888,24.824183
156,57.616868,1.933392,157.616868,10.184208,257.616868,17.024825,357.616868,24.812383
157,57.662427,2.024712,157.662427,10.135338,257.662427,17.007689,357.662427,24.800269
158,57.711337,2.105728,157.711337,10.087353,257.711337,17.005064,357.711337,24.803488
159,57.756726,2.166506,157.756726,10.033769,257.756726,17.011864,357.756726,24.817040
160,57.809798,2.215185,157.809798,9.986174,257.809798,17.041077,357.809798,24.853999
161,57.870120,2.254074,157.870120,9.937720,257.870120,17.097389,357.870120,24.919029
162,57.917293,2.268324,157.917293,9.862856,257.917293,17.162093,357.917293,24.993308
163,57.965227,2.272992,157.965227,9.777773,257.965227,17.245742,357.965227,25.087332
164,58.007694,2.263001,158.007694,9.678524,258.007694,17.338749,358.007694,25.191462
165,58.061222,2.256029,158.061222,9.583924,258.061222,17.454289,358.061222,25.318815
166,58.097578,2.224992,158.097578,9.468020,258.097578,17.560771,358.097578,25.437746
167,58.147423,2.201699,158.147423,9.363755,258.147423,17.685497,358.147423,25.575504
168,58.205105,2.181650,158.205105,9.267762,258.205105,17.819460,358.205105,25.723026
169,58.258204,2.153574,158.258204,9.169903,258.258204,17.946884,358.258204,25.864480
170,58.303242,2.115141,158.303242,9.068981,258.303242,18.060933,358.303242,25.992976
171,58.351248,2.078530,158.351248,8.978310,258.351248,18.169279,358.351248,26.116131
172,58.396506,2.039176,158.396506,8.894457,258.396506,18.262850,358.396506,26.224820
173,58.441963,2.001174,158.441963,8.822649,258.441963,18.341237,358.441963,26.318576
174,58.494185,1.972241,158.494185,8.771738,258.494185,18.407647,358.494185,26.400554
175,58.537081,1.937434,158.537081,8.727914,258.537081,18.442635,358.537081,26.451252
176,58.585171,1.912424,158.585171,8.707981,258.585171,18.457363,358.585171,26.481778
177,58.634243,1.890758,158.634243,8.710246,258.634243,18.444532,358.634243,26.485263
178,58.687203,1.872374,158.687203,8.736830,258.687203,18.408669,358.687203,26.466612
179,58.747310,1.860582,158.747310,8.788309,258.747310,18.356726,358.747310,26.432647
180,58.787609,1.828479,158.787609,8.835043,258.787609,18.265443,358.787609,26.359975
181,58.830966,1.798986,158.830966,8.897217,258.830966,18.161383,358.830966,26.275026
182,58.890200,1.784972,158.890200,8.984965,258.890200,18.061059,358.890200,26.194184
183,58.940024,1.761205,158.940024,9.070320,258.940024,17.942882,358.940024,26.095726
184,58.975461,1.722759,158.975461,9.145620,258.975461,17.805568,358.975461,25.978238
185,59.031610,1.704787,159.031610,9.243282,259.031610,17.687912,359.031610,25.880382
186,59.080513,1.679383,159.080513,9.332665,259.080513,17.565653,359.080513,25.777766
187,59.137999,1.662429,159.137999,9.426915,259.137999,17.458315,359.137999,25.689781
188,59.182694,1.632602,159.182694,9.501975,259.182694,17.348218,359.182694,25.598616
189,59.236843,1.612202,159.236843,9.577407,259.236843,17.261304,359.236843,25.530082
190,59.285527,1.586362,159.285527,9.635610,259.285527,17.186349,359.285527,25.472823
191,59.334844,1.561231,159.334844,9.679999,259.334844,17.133147,359.334844,25.436500
192,59.380597,1.532667,159.380597,9.703693,259.380597,17.101196,359.380597,25.420481
193,59.418027,1.496058,159.418027,9.702207,259.418027,17.085334,359.418027,25.422698
194,59.481678,1.485996,159.481678,9.713389,259.481678,17.115538,359.481678,25.475554
195,59.514159,1.444993,159.514159,9.681704,259.514159,17.131868,359.514159,25.517965
196,59.572673,1.430154,159.572673,9.666213,259.572673,17.188980,359.572673,25.603445
197,59.625296,1.409456,159.625296,9.636850,259.625296,17.252400,359.625296,25.696379
198,59.676090,1.386862,159.676090,9.599533,259.676090,17.323642,359.676090,25.797138
199,59.708285,1.345508,159.708285,9.539353,259.708285,17.383388,359.708285,25.885263
200,59.769984,1.333395,159.769984,9.506267,259.769984,17.477190,359.769984,26.005164
201,59.810523,1.299762,159.810523,9.451470,259.810523,17.551837,359.810523,26.102488
202,59.861510,1.276120,159.861510,9.408428,259.861510,17.636390,359.861510,26.205154
203,59.903033,1.242458,159.903033,9.359087,259.903033,17.708385,359.903033,26.289556
204,59.967728,1.231315,159.967728,9.337940,259.967728,17.797911,359.967728,26.384642
205,60.011125,1.198123,160.011125,9.302375,260.011125,17.857950,360.011125,26.442252
206,60.062020,1.171578,160.062020,9.283046,260.062020,17.914749,360.062020,26.487489
207,60.098597,1.129769,160.098597,9.259993,260.098597,17.943943,360.098597,26.494848
208,60.162331,1.114071,160.162331,9.276551,260.162331,17.984458,360.162331,26.502113
209,60.196551,1.066364,160.196551,9.276449,260.196551,17.982782,360.196551,26.448873
210,60.255693,1.040133,160.255693,9.312269,260.255693,17.998607,360.255693,26.391082
211,60.293870,0.990145,160.293870,9.336602,260.293870,17.986656,360.293870,26.287058
212,60.347350,0.953318,160.347350,9.384194,260.347350,17.983801,360.347350,26.177272
213,60.395324,0.909495,160.395324,9.432712,260.395324,17.969840,360.395324,26.045117
214,60.454199,0.875736,160.454199,9.497044,260.454199,17.961788,360.454199,25.911204
215,60.496334,0.825050,160.496334,9.548022,260.496334,17.932607,360.496334,25.752094
216,60.542245,0.778604,160.542245,9.604641,260.542245,17.903421,360.542245,25.592506
217,60.596550,0.741671,160.596550,9.669998,260.596550,17.879456,360.596550,25.441263
218,60.650459,0.706109,160.650459,9.733779,260.650459,17.852526,360.650459,25.293775
219,60.692419,0.661020,160.692419,9.782909,260.692419,17.811685,360.692419,25.142695
220,60.751596,0.636219,160.751596,9.845031,260.751596,17.786706,360.751596,25.021390
221,60.797910,0.602279,160.797910,9.888542,260.797910,17.748114,360.797910,24.903984
222,60.838830,0.567322,160.838830,9.919390,260.838830,17.703986,360.838830,24.802148
223,60.898589,0.556230,160.898589,9.960285,260.898589,17.679160,360.898589,24.744320
224,60.947151,0.539621,160.947151,9.979667,260.947151,17.644207,360.947151,24.704665
225,60.979543,0.511943,160.979543,9.973285,260.979543,17.588882,360.979543,24.679611
226,61.029044,0.505300,161.029044,9.976706,261.029044,17.541897,361.029044,24.698607
227,61.081176,0.504968,161.081176,9.976282,261.081176,17.490440,361.081176,24.743535
228,61.130623,0.505383,161.130623,9.967522,261.130623,17.430856,361.130623,24.805434
229,61.172272,0.501185,161.172272,9.946144,261.172272,17.359698,361.172272,24.875549
230,61.223919,0.509922,161.223919,9.930770,261.223919,17.296427,361.223919,24.968035
231,61.271290,0.517073,161.271290,9.907955,261.271290,17.228430,361.271290,25.064973
232,61.324915,0.532920,161.324915,9.889056,261.324915,17.167903,361.324915,25.173252
233,61.379598,0.552021,161.379598,9.869706,261.379598,17.111314,361.379598,25.284033
234,61.430028,0.568818,161.430028,9.845423,261.430028,17.055017,361.430028,25.388364
235,61.478954,0.585812,161.478954,9.819782,261.478954,17.003423,361.478954,25.485349
236,61.522266,0.598645,161.522266,9.789503,261.522266,16.954087,361.522266,25.567237
237,61.578974,0.626080,161.578974,9.774422,261.578974,16.927683,361.578974,25.649395
238,61.613396,0.632189,161.613396,9.739687,261.613396,16.890193,361.613396,25.692500
239,61.662828,0.654020,161.662828,9.723421,261.662828,16.880577,361.662828,25.730203
240,61.712376,0.676432,161.712376,9.711558,261.712376,16.885605,361.712376,25.743969
241,61.776915,0.717268,161.776915,9.718424,261.776915,16.922317,361.776915,25.748274
242,61.818231,0.740776,161.818231,9.704439,261.818231,16.952160,361.818231,25.708819
243,61.864997,0.774625,161.864997,9.697894,261.864997,17.001723,361.864997,25.657109
244,61.917547,0.818142,161.917547,9.698734,261.917547,17.069253,361.917547,25.596309
245,61.969133,0.863571,161.969133,9.699824,261.969133,17.145918,361.969133,25.522500
246,62.012633,0.902787,162.012633,9.693656,262.012633,17.222509,362.012633,25.431394
247,62.056895,0.943629,162.056895,9.688691,262.056895,17.305788,362.056895,25.334666
248,62.108070,0.991244,162.108070,9.690694,262.108070,17.399822,362.108070,25.241301
249,62.150310,1.028778,162.150310,9.683430,262.150310,17.486677,362.150310,25.138282
250,62.199000,1.070609,162.199000,9.681898,262.199000,17.579652,362.199000,25.043824
251,62.246823,1.108414,162.246823,9.678392,262.246823,17.669343,362.246823,24.953439
252,62.295286,1.142693,162.295286,9.674034,262.295286,17.755173,362.295286,24.871467
253,62.344750,1.172804,162.344750,9.668799,262.344750,17.835418,362.344750,24.801101
254,62.405218,1.207740,162.405218,9.672302,262.405218,17.917994,362.405218,24.755172
255,62.458306,1.228114,162.458306,9.665773,262.458306,17.982431,362.458306,24.718129
256,62.493861,1.222765,162.493861,9.638672,262.493861,18.016491,362.493861,24.682649
257,62.556852,1.235849,162.556852,9.636032,262.556852,18.069086,362.556852,24.691161
258,62.596658,1.217311,162.596658,9.607729,262.596658,18.094898,362.596658,24.687911
259,62.647001,1.201935,162.647001,9.587741,262.647001,18.127600,362.647001,24.705560
260,62.686996,1.169902,162.686996,9.555441,262.686996,18.146260,362.686996,24.722164
261,62.744495,1.150124,162.744495,9.538938,262.744495,18.178681,362.744495,24.764513
262,62.787959,1.112127,162.787959,9.506951,262.787959,18.193278,362.787959,24.800010
263,62.847897,1.087484,162.847897,9.490246,262.847897,18.220510,362.847897,24.858104
264,62.885931,1.038878,162.885931,9.450703,262.885931,18.221951,362.885931,24.899355
265,62.942052,1.007367,162.942052,9.428571,262.942052,18.237547,362.942052,24.962697
266,62.991859,0.969610,162.991859,9.399705,262.991859,18.242845,362.991859,25.022666
267,63.045367,0.936688,163.045367,9.374379,263.045367,18.247816,363.045367,25.088219
268,63.088314,0.895401,163.088314,9.338588,263.088314,18.238147,363.088314,25.144032
269,63.142129,0.868240,163.142129,9.314017,263.142129,18.235220,363.142129,25.210475
270,63.180764,0.830223,163.180764,9.274878,263.180764,18.212940,363.180764,25.260441
271,63.234515,0.812707,163.234515,9.251723,263.234515,18.201555,363.234515,25.323164
272,63.281758,0.795133,163.281758,9.223186,263.281758,18.179392,363.281758,25.375962
273,63.330274,0.781251,163.330274,9.195543,263.330274,18.150420,363.330274,25.434151
274,63.375981,0.762795,163.375981,9.163311,263.375981,18.107819,363.375981,25.500402
275,63.429094,0.750810,163.429094,9.137117,263.429094,18.063360,363.429094,25.582691
276,63.468121,0.724639,163.468121,9.095883,263.468121,17.997114,363.468121,25.657290
277,63.521878,0.713929,163.521878,9.068838,263.521878,17.939456,363.521878,25.750778
278,63.564795,0.693943,163.564795,9.030826,263.564795,17.866377,363.564795,25.835347
279,63.622487,0.691130,163.622487,9.007874,263.622487,17.805051,363.622487,25.934375
280,63.679963,0.691328,163.679963,8.985405,263.679963,17.742046,363.679963,26.030633
281,63.718466,0.676617,163.718466,8.945075,263.718466,17.660168,363.718466,26.103129
282,63.778905,0.688735,163.778905,8.928206,263.778905,17.601883,363.778905,26.190532
283,63.818006,0.685241,163.818006,8.891936,263.818006,17.525478,363.818006,26.247331
284,63.876013,0.707212,163.876013,8.876923,263.876013,17.472756,363.876013,26.311533
285,63.915098,0.717653,163.915098,8.845754,263.915098,17.407452,363.915098,26.343075
286,63.961943,0.744078,163.961943,8.825522,263.961943,17.357805,363.961943,26.366399
287,64.008375,0.779147,164.008375,8.808467,264.008375,17.317203,364.008375,26.371095
288,64.066832,0.836130,164.066832,8.807442,264.066832,17.299645,364.066832,26.367365
289,64.117025,0.901156,164.117025,8.801973,264.117025,17.282928,364.117025,26.327646
290,64.166499,0.985516,164.166499,8.798994,264.166499,17.271394,364.166499,26.256733
291,64.209364,1.080142,164.209364,8.792386,264.209364,17.258775,364.209364,26.153289
292,64.260398,1.196633,164.260398,8.796696,264.260398,17.259467,364.260398,26.036639
293,64.303572,1.315784,164.303572,8.795667,264.303572,17.257065,364.303572,25.895307
294,64.362749,1.458279,164.362749,8.812930,264.362749,17.275049,364.362749,25.757705
295,64.395500,1.578511,164.395500,8.805828,264.395500,17.270613,364.395500,25.585952
296,64.447177,1.718653,164.447177,8.819482,264.447177,17.288727,364.447177,25.429951
297,64.494852,1.852601,164.494852,8.830736,264.494852,17.306087,364.494852,25.271326
298,64.558975,1.997625,164.558975,8.859808,264.558975,17.342761,364.558975,25.135076
299,64.593842,2.104844,164.593842,8.860765,264.593842,17.352666,364.593842,24.980045
300,64.646683,2.218311,164.646683,8.880610,264.646683,17.382655,364.646683,24.858016
301,64.705730,2.323078,164.705730,8.907341,264.705730,17.420577,364.705730,24.761768
302,64.742962,2.387948,164.742962,8.912710,264.742962,17.438034,364.742962,24.667833
303,64.786270,2.437632,164.786270,8.924377,264.786270,17.462535,364.786270,24.608650
304,64.837754,2.471054,164.837754,8.944213,264.837754,17.495804,364.837754,24.590869
305,64.896891,2.487724,164.896891,8.971928,264.896891,17.543644,364.896891,24.617273
306,64.943559,2.471217,164.943559,8.987838,264.943559,17.591013,364.943559,24.664904
307,64.991137,2.437230,164.991137,9.005397,264.991137,17.649036,364.991137,24.742482
308,65.046115,2.394568,165.046115,9.031168,265.046115,17.721949,365.046115,24.851839
309,65.092372,2.329429,165.092372,9.049107,265.092372,17.791380,365.092372,24.972195
310,65.129092,2.243313,165.129092,9.058472,265.129092,17.854260,365.129092,25.098078
311,65.179706,2.161968,165.179706,9.082770,265.179706,17.931766,365.179706,25.248260
312,65.238948,2.082445,165.238948,9.116809,265.238948,18.016380,365.238948,25.412815
313,65.276240,1.976482,165.276240,9.130086,265.276240,18.075271,365.276240,25.556509
314,65.341176,1.895991,165.341176,9.172269,265.341176,18.155779,365.341176,25.724275
315,65.384631,1.794164,165.384631,9.194311,265.384631,18.206528,365.384631,25.862332
316,65.429461,1.696174,165.429461,9.219140,265.429461,18.248120,365.429461,25.988877
317,65.469064,1.597735,165.469064,9.240231,265.469064,18.271699,365.469064,26.092650
318,65.531827,1.529551,165.531827,9.286044,265.531827,18.303401,365.531827,26.197378
319,65.569900,1.446090,165.569900,9.308806,265.569900,18.293123,365.569900,26.250556
320,65.626017,1.392402,165.626017,9.351324,265.626017,18.281345,365.626017,26.290256
321,65.665956,1.330032,165.665956,9.382320,265.665956,18.226690,365.665956,26.283502
322,65.714749,1.278231,165.714749,9.428898,265.714749,18.151545,365.714749,26.261618
323,65.773995,1.238591,165.773995,9.491425,265.773995,18.062025,365.773995,26.229123
324,65.820848,1.188263,165.820848,9.545822,265.820848,17.939797,365.820848,26.166090
325,65.860300,1.132230,165.860300,9.595849,265.860300,17.794368,365.860300,26.080430
326,65.912923,1.091059,165.912923,9.660845,265.912923,17.650824,365.912923,25.995633
327,65.960002,1.046029,165.960002,9.720865,265.960002,17.494965,365.960002,25.895904
328,66.018968,1.014566,166.018968,9.792105,266.018968,17.348736,366.018968,25.801592
329,66.073808,0.980650,166.073808,9.857322,266.073808,17.200638,366.073808,25.699605
330,66.112261,0.932015,166.112261,9.903022,266.112261,17.042926,366.112261,25.580599
331,66.170602,0.904930,166.170602,9.964248,266.170602,16.916387,366.170602,25.483768
332,66.217517,0.868075,166.217517,10.008454,266.217517,16.794223,366.217517,25.380718
333,66.267878,0.836315,166.267878,10.049279,266.267878,16.695820,366.267878,25.289239
334,66.316235,0.804196,166.316235,10.080041,266.316235,16.620242,366.316235,25.206801
335,66.356219,0.765341,166.356219,10.093139,266.356219,16.565635,366.356219,25.129953
336,66.406891,0.738807,166.406891,10.106403,266.406891,16.555574,366.406891,25.080676
337,66.447410,0.704106,166.447410,10.096041,266.447410,16.572731,366.447410,25.032547
338,66.513528,0.697254,166.513528,10.097066,266.513528,16.650215,366.513528,25.013853
339,66.547587,0.660460,166.547587,10.053906,266.547587,16.725655,366.547587,24.967029
340,66.593211,0.637206,166.593211,10.012265,266.593211,16.837957,366.593211,24.935787
341,66.643194,0.620153,166.643194,9.967023,266.643194,16.975203,366.643194,24.913018
342,66.692589,0.604214,166.692589,9.915314,266.692589,17.127727,366.692589,24.893862
343,66.741975,0.589833,166.741975,9.859802,266.741975,17.291395,366.741975,24.878992
344,66.793997,0.579518,166.793997,9.805214,266.793997,17.464135,366.793997,24.871145
345,66.848868,0.573344,166.848868,9.753846,266.848868,17.641446,366.848868,24.870625
346,66.902820,0.567406,166.902820,9.704015,266.902820,17.814843,366.902820,24.873755
347,66.950151,0.555867,166.950151,9.652101,266.950151,17.973911,366.950151,24.874926
348,66.988295,0.536020,166.988295,9.597621,266.988295,18.111366,366.988295,24.871663
349,67.043636,0.534116,167.043636,9.569043,267.043636,18.248878,367.043636,24.890441
350,67.086258,0.520100,167.086258,9.538535,267.086258,18.351815,367.086258,24.901438
351,67.141181,0.518854,167.141181,9.533197,267.141181,18.440481,367.141181,24.929762
352,67.185880,0.507719,167.185880,9.532592,267.185880,18.487638,367.185880,24.952984
353,67.236771,0.502458,167.236771,9.554695,267.236771,18.513623,367.236771,24.992859
354,67.282290,0.491191,167.282290,9.586685,267.282290,18.515200,367.282290,25.041634
355,67.326962,0.478802,167.326962,9.630933,267.326962,18.498782,367.326962,25.101633
356,67.385892,0.480757,167.385892,9.700390,267.385892,18.481363,367.385892,25.185754
357,67.427497,0.465833,167.427497,9.761320,267.427497,18.433248,367.427497,25.260211
358,67.479425,0.462039,167.479425,9.839218,267.479425,18.383972,367.479425,25.350448
359,67.520160,0.448220,167.520160,9.910414,267.520160,18.313910,367.520160,25.432746
360,67.582744,0.457777,167.582744,10.005797,267.582744,18.257991,367.582744,25.537941
361,67.622072,0.445966,167.622072,10.078110,267.622072,18.172999,367.622072,25.618726
362,67.672313,0.447318,167.672313,10.159368,267.672313,18.094991,367.672313,25.707066
363,67.717994,0.446717,167.717994,10.231942,267.717994,18.010382,367.717994,25.785282
364,67.779457,0.464869,167.779457,10.314025,267.779457,17.941403,367.779457,25.871513
365,67.830412,0.475844,167.830412,10.377171,267.830412,17.863653,367.830412,25.937266
366,67.862457,0.471597,167.862457,10.410825,267.862457,17.770617,367.862457,25.971934
367,67.912275,0.489177,167.912275,10.449519,267.912275,17.700868,367.912275,26.009997
368,67.959099,0.508172,167.959099,10.470329,267.959099,17.635526,367.959099,26.028482
369,68.021465,0.548584,168.021465,10.493750,268.021465,17.585626,368.021465,26.046123
370,68.059398,0.571093,168.059398,10.483728,268.059398,17.503511,368.059398,26.025636
371,68.113366,0.615319,168.113366,10.481529,268.113366,17.431264,368.113366,26.009026
372,68.157386,0.654428,168.157386,10.461966,268.157386,17.344517,368.157386,25.971848
373,68.215120,0.711233,168.215120,10.449499,268.215120,17.268549,368.215120,25.939302
374,68.256424,0.754741,168.256424,10.414778,268.256424,17.174830,368.256424,25.882781
375,68.303651,0.806455,168.303651,10.380954,268.303651,17.087331,368.303651,25.826176
376,68.362197,0.870921,168.362197,10.354220,268.362197,17.013061,368.362197,25.776421
377,68.407636,0.922864,168.407636,10.310945,268.407636,16.929211,368.407636,25.710626
378,68.466207,0.987675,168.466207,10.278166,268.466207,16.863636,368.466207,25.656571
379,68.501725,1.028317,168.501725,10.220494,268.501725,16.781765,368.501725,25.579605
380,68.563755,1.093508,168.563755,10.188291,268.563755,16.734781,368.563755,25.530833
381,68.597749,1.127848,168.597749,10.127804,268.597749,16.669749,368.597749,25.457244
382,68.646172,1.172954,168.646172,10.082296,268.646172,16.630752,368.646172,25.402841
383,68.708763,1.227716,168.708763,10.052303,268.708763,16.619143,368.708763,25.368900
384,68.751401,1.257162,168.751401,10.004499,268.751401,16.602418,368.751401,25.322838
385,68.798003,1.286397,168.798003,9.959887,268.798003,16.608198,368.798003,25.283975
386,68.842123,1.310829,168.842123,9.908966,268.842123,16.630892,368.842123,25.240719
387,68.899659,1.346503,168.899659,9.868213,268.899659,16.683728,368.899659,25.209679
388,68.953040,1.375995,168.953040,9.820639,268.953040,16.746468,368.953040,25.173994
389,68.999693,1.396883,168.999693,9.764253,268.999693,16.813872,368.999693,25.131803
390,69.046592,1.416285,169.046592,9.706611,269.046592,16.890247,369.046592,25.090788
391,69.089902,1.430515,169.089902,9.644457,269.089902,16.969088,369.089902,25.047828
392,69.137887,1.447986,169.137887,9.586639,269.137887,17.055995,369.137887,25.011895
393,69.185952,1.464250,169.185952,9.529143,269.185952,17.143704,369.185952,24.979108
394,69.230594,1.475952,169.230594,9.469047,269.230594,17.226044,369.230594,24.946672
395,69.282825,1.494251,169.282825,9.417944,269.282825,17.311359,369.282825,24.926311
396,69.342962,1.519614,169.342962,9.376734,269.342962,17.397301,369.342962,24.919053
397,69.381691,1.522873,169.381691,9.316683,269.381691,17.451887,369.381691,24.896294
398,69.429395,1.534558,169.429395,9.268756,269.429395,17.502832,369.429395,24.889129
399,69.488793,1.557539,169.488793,9.236254,269.488793,17.550189,369.488793,24.900987
400,69.538583,1.570658,169.538583,9.198455,269.538583,17.569987,369.538583,24.911276
401,69.588115,1.582613,169.588115,9.162050,269.588115,17.569861,369.588115,24.932018
402,69.634695,1.590052,169.634695,9.121720,269.634695,17.548937,369.634695,24.961653
403,69.684913,1.599723,169.684913,9.084694,269.684913,17.516450,369.684913,25.005183
404,69.722152,1.595164,169.722152,9.034994,269.722152,17.458427,369.722152,25.044402
405,69.777887,1.608000,169.777887,9.004730,269.777887,17.408983,369.777887,25.109195
406,69.818206,1.604478,169.818206,8.960631,269.818206,17.336852,369.818206,25.164063
407,69.872293,1.613933,169.872293,8.932517,269.872293,17.273859,369.872293,25.236599
408,69.913597,1.609969,169.913597,8.894474,269.913597,17.196096,369.913597,25.298662
409,69.968330,1.618954,169.968330,8.873355,269.968330,17.132421,369.968330,25.374876
410,70.015703,1.620252,170.015703,8.849008,270.015703,17.064685,370.015703,25.442864
411,70.064915,1.623215,170.064915,8.831268,270.064915,17.004730,370.064915,25.510233
412,70.114140,1.626174,170.114140,8.818949,270.114140,16.953375,370.114140,25.573571
413,70.163333,1.629237,170.163333,8.812643,270.163333,16.913217,370.163333,25.631242
414,70.205338,1.625400,170.205338,8.805831,270.205338,16.879742,370.205338,25.674500
415,70.271507,1.646174,170.271507,8.830505,270.271507,16.886948,370.271507,25.733111
416,70.306629,1.636498,170.306629,8.832091,270.306629,16.882263,370.306629,25.750271
417,70.360483,1.645930,170.360483,8.864027,270.360483,16.917404,370.360483,25.777497
418,70.412077,1.653135,170.412077,8.907269,270.412077,16.969743,370.412077,25.796908
419,70.453493,1.650171,170.453493,8.951966,270.453493,17.028650,370.453493,25.801056
420,70.512452,1.664735,170.512452,9.023906,270.512452,17.119131,370.512452,25.818131
421,70.566398,1.674250,170.566398,9.098605,270.566398,17.215923,370.566398,25.826051
422,70.601053,1.664410,170.601053,9.159850,270.601053,17.302031,370.601053,25.811006
423,70.645061,1.663839,170.645061,9.234356,270.645061,17.403390,370.645061,25.802113
424,70.712014,1.686102,170.712014,9.333781,270.712014,17.530877,370.712014,25.813433
425,70.742742,1.672008,170.742742,9.397026,270.742742,17.622614,370.742742,25.786269
426,70.795187,1.679473,170.795187,9.480099,270.795187,17.733827,370.795187,25.779031
427,70.857724,1.696850,170.857724,9.569446,270.857724,17.850180,370.857724,25.780568
428,70.891607,1.685367,170.891607,9.624385,270.891607,17.930215,370.891607,25.752601
429,70.953732,1.701898,170.953732,9.699885,270.953732,18.028117,370.953732,25.752501
430,70.990145,1.692466,170.990145,9.740059,270.990145,18.087218,370.990145,25.726782
431,71.046471,1.702670,171.046471,9.788599,271.046471,18.150432,371.046471,25.721541
432,71.096134,1.705912,171.096134,9.816999,271.096134,18.188471,371.096134,25.710673
433,71.145372,1.710014,171.145372,9.833607,271.145372,18.208470,371.145372,25.698468
434,71.196973,1.718957,171.196973,9.844989,271.196973,18.217011,371.196973,25.685744
435,71.231846,1.713031,171.231846,9.832628,271.231846,18.196633,371.231846,25.653841
436,71.280508,1.722137,171.280508,9.827613,271.280508,18.179483,371.280508,25.633713
437,71.345086,1.747785,171.345086,9.832644,271.345086,18.169315,371.345086,25.627917
438,71.389285,1.753062,171.389285,9.811996,271.389285,18.131465,371.389285,25.600593
439,71.433618,1.757866,171.433618,9.786758,271.433618,18.088076,371.433618,25.572688
440,71.480234,1.763727,171.480234,9.759649,271.480234,18.042926,371.480234,25.546783
441,71.540248,1.781145,171.540248,9.742358,271.540248,18.008759,371.540248,25.534427
442,71.587918,1.783761,171.587918,9.709714,271.587918,17.961464,371.587918,25.510312
443,71.640043,1.787755,171.640043,9.679089,271.640043,17.919468,371.640043,25.491669
444,71.682633,1.778522,171.682633,9.637066,271.682633,17.870410,371.682633,25.464942
445,71.719295,1.759051,171.719295,9.587824,271.719295,17.819528,371.719295,25.434173
446,71.776272,1.754969,171.776272,9.558179,271.776272,17.794695,371.776272,25.426037
447,71.833879,1.745974,171.833879,9.529017,271.833879,17.777853,371.833879,25.421282
448,71.865697,1.705028,171.865697,9.474491,271.865697,17.744214,371.865697,25.393922
449,71.921430,1.677900,171.921430,9.438397,271.921430,17.743196,371.921430,25.393054
450,71.978977,1.640314,171.978977,9.393636,271.978977,17.750607,371.978977,25.395627
451,72.025921,1.581880,172.025921,9.329736,272.025921,17.752948,372.025921,25.389151
452,72.073296,1.515658,172.073296,9.259674,272.073296,17.760171,372.073296,25.384585
453,72.116629,1.439205,172.116629,9.180924,272.116629,17.766725,372.116629,25.377383
454,72.173740,1.372366,172.173740,9.113249,272.173740,17.789347,372.173740,25.385290
455,72.208887,1.281429,172.208887,9.022852,272.208887,17.791217,372.208887,25.372491
456,72.255943,1.202292,172.255943,8.945551,272.255943,17.805124,372.255943,25.372784
457,72.310279,1.132354,172.310279,8.878661,272.310279,17.825360,372.310279,25.381466
458,72.363271,1.065021,172.363271,8.815504,272.363271,17.842221,372.363271,25.389840
459,72.412734,1.000133,172.412734,8.755838,272.412734,17.852441,372.412734,25.395646
460,72.451050,0.932099,172.451050,8.693990,272.451050,17.847320,372.451050,25.391193
461,72.510830,0.895558,172.510830,8.664516,272.510830,17.858388,372.510830,25.409016
462,72.553881,0.854346,172.553881,8.631168,272.553881,17.846374,372.553881,25.410851
463,72.617106,0.847392,172.617106,8.632792,272.617106,17.847099,372.617106,25.433524
464,72.651144,0.827362,172.651144,8.621973,272.651144,17.810120,372.651144,25.427601
465,72.706257,0.846834,172.706257,8.652350,272.706257,17.781841,372.706257,25.444254
466,72.753404,0.876119,172.753404,8.695112,272.753404,17.731642,372.753404,25.455195
467,72.809750,0.929969,172.809750,8.764646,272.809750,17.679022,372.809750,25.477277
468,72.857582,0.988261,172.857582,8.840463,272.857582,17.608604,372.857582,25.492481
469,72.907846,1.059527,172.907846,8.930731,272.907846,17.533671,372.907846,25.511440
470,72.949515,1.130329,172.949515,9.021649,272.949515,17.445532,372.949515,25.522821
471,73.003107,1.218772,173.003107,9.130953,273.003107,17.367039,373.003107,25.546830
472,73.040826,1.294646,173.040826,9.228073,273.040826,17.272733,373.040826,25.555361
473,73.105032,1.397901,173.105032,9.352593,273.105032,17.207312,373.105032,25.590467
474,73.147283,1.477682,173.147283,9.453292,273.147283,17.124667,373.147283,25.603395
475,73.199284,1.563282,173.199284,9.559100,273.199284,17.058842,373.199284,25.625540
476,73.234079,1.625332,173.234079,9.640281,273.234079,16.985213,373.234079,25.629637
477,73.285804,1.695556,173.285804,9.728197,273.285804,16.940255,373.285804,25.649512
478,73.343004,1.760087,173.343004,9.808614,273.343004,16.914849,373.343004,25.673401
479,73.384865,1.795699,173.384865,9.857943,273.384865,16.890515,373.384865,25.680181
480,73.436871,1.825461,173.436871,9.898888,273.436871,16.895074,373.436871,25.695025
481,73.485898,1.837662,173.485898,9.920970,273.485898,16.920154,373.485898,25.704360
482,73.529798,1.833975,173.529798,9.927187,273.529798,16.964395,373.529798,25.706067
483,73.593207,1.840240,173.593207,9.943153,273.593207,17.048817,373.593207,25.725188
484,73.632469,1.814006,173.632469,9.926192,273.632469,17.126150,373.632469,25.718473
485,73.690082,1.798978,173.690082,9.919783,273.690082,17.235279,373.690082,25.728828
486,73.725806,1.756120,173.725806,9.884665,273.725806,17.332349,373.725806,25.716419
487,73.776990,1.723983,173.776990,9.859165,273.776990,17.451094,373.776990,25.719002
488,73.818628,1.678772,173.818628,9.819260,273.818628,17.562897,373.818628,25.711980
489,73.874939,1.645906,173.874939,9.790146,273.874939,17.688359,373.874939,25.719975
490,73.923228,1.603898,173.923228,9.750110,273.923228,17.801175,373.923228,25.720703
491,73.978441,1.568897,173.978441,9.715075,273.978441,17.912673,373.978441,25.729513
492,74.020797,1.522329,174.020797,9.666241,274.020797,17.999461,374.020797,25.727033
493,74.068729,1.483831,174.068729,9.623022,274.068729,18.076356,374.068729,25.732104
494,74.124543,1.456915,174.124543,9.588703,274.124543,18.142052,374.124543,25.747436
495,74.160131,1.414676,174.160131,9.536154,274.160131,18.164824,374.160131,25.745330
496,74.225188,1.408016,174.225188,9.516052,274.225188,18.190755,374.225188,25.775886
497,74.275979,1.392125,174.275979,9.478023,274.275979,18.175160,374.275979,25.796197
498,74.321198,1.373517,174.321198,9.424764,274.321198,18.130212,374.321198,25.815091
499,74.364882,1.355776,174.364882,9.362249,274.364882,18.062980,374.364882,25.835978
500,74.416227,1.347642,174.416227,9.301607,274.416227,17.985688,374.416227,25.867423
501,74.455508,1.328938,174.455508,9.225052,274.455508,17.881643,374.455508,25.889073
502,74.514888,1.331372,174.514888,9.166683,274.514888,17.786039,374.514888,25.932465
503,74.561399,1.321520,174.561399,9.095466,274.561399,17.668935,374.561399,25.963998
504,74.615973,1.319863,174.615973,9.034271,274.615973,17.554295,374.615973,26.003978
505,74.666984,1.314318,174.666984,8.973407,274.666984,17.433522,374.666984,26.040148
506,74.697383,1.287385,174.697383,8.897762,274.697383,17.292599,374.697383,26.054832
507,74.760516,1.291954,174.760516,8.862619,274.760516,17.187901,374.760516,26.100748
508,74.806918,1.278105,174.806918,8.820448,274.806918,17.072993,374.806918,26.127799
509,74.848416,1.257213,174.848416,8.785012,274.848416,16.962732,374.848416,26.147187
510,74.901677,1.245489,174.901677,8.774914,274.901677,16.876816,374.901677,26.174947
511,74.949301,1.225081,174.949301,8.774692,274.949301,16.800875,374.949301,26.193053
512,75.007334,1.211579,175.007334,8.802326,275.007334,16.753985,375.007334,26.216920
513,75.047738,1.173962,175.047738,8.836371,275.047738,16.702767,375.047738,26.219414
514,75.089242,1.129295,175.089242,8.898154,275.089242,16.658534,375.089242,26.220655
515,75.140239,1.087498,175.140239,8.992012,275.140239,16.629593,375.140239,26.229133
516,75.189650,1.039018,175.189650,9.102806,275.189650,16.604778,375.189650,26.233870
517,75.236898,0.984806,175.236898,9.225905,275.236898,16.583427,375.236898,26.234390
518,75.286318,0.930722,175.286318,9.361585,275.286318,16.569787,375.286318,26.235125
519,75.348412,0.888796,175.348412,9.516294,275.348412,16.574275,375.348412,26.246679
520,75.386773,0.824146,175.386773,9.649565,275.386773,16.560397,375.386773,26.232743
521,75.445764,0.782662,175.445764,9.801705,275.445764,16.572431,375.445764,26.237780
522,75.479095,0.719581,175.479095,9.922368,275.479095,16.564000,375.479095,26.215601
523,75.528995,0.678660,175.528995,10.049727,275.528995,16.577247,375.528995,26.208534
524,75.589713,0.655672,175.589713,10.173971,275.589713,16.606335,375.589713,26.210927
525,75.640058,0.630954,175.640058,10.269856,275.640058,16.629987,375.640058,26.201689
526,75.691934,0.617936,175.691934,10.345225,275.691934,16.660019,375.691934,26.192824
527,75.740579,0.613383,175.740579,10.391262,275.740579,16.691585,375.740579,26.179669
528,75.776772,0.609600,175.776772,10.394689,275.776772,16.715378,375.776772,26.153105
529,75.829250,0.636997,175.829250,10.380027,275.829250,16.766548,375.829250,26.139931
530,75.884418,0.681440,175.884418,10.335282,275.884418,16.836309,375.884418,26.125023
531,75.925498,0.724362,175.925498,10.248334,275.925498,16.905376,375.925498,26.092301
532,75.978204,0.789691,175.978204,10.149558,275.978204,16.996962,375.978204,26.068180
533,76.033914,0.867015,176.033914,10.034993,276.033914,17.099941,376.033914,26.044738
534,76.067666,0.929584,176.067666,9.884338,276.067666,17.186848,376.067666,25.997714
535,76.125563,1.021713,176.125563,9.748355,276.125563,17.301282,376.125563,25.973911
536,76.180109,1.114118,176.180109,9.604211,276.180109,17.413245,376.180109,25.946533
537,76.212580,1.186287,176.212580,9.437841,276.212580,17.501509,376.212580,25.897558
538,76.264819,1.278274,176.264819,9.295749,276.264819,17.605415,376.264819,25.869528
539,76.308866,1.360333,176.308866,9.154636,276.308866,17.694499,376.308866,25.835185
540,76.361129,1.447080,176.361129,9.035570,276.361129,17.782664,376.361129,25.811635
541,76.406217,1.521339,176.406217,8.927821,276.406217,17.852019,376.406217,25.784190
542,76.460508,1.597700,176.460508,8.852428,276.460508,17.916438,376.460508,25.769927
543,76.518858,1.669227,176.518858,8.808906,276.518858,17.968271,376.518858,25.764402
544,76.554274,1.707143,176.554274,8.774925,276.554274,17.978025,376.554274,25.741324
545,76.617999,1.765167,176.617999,8.802510,276.617999,17.993774,376.617999,25.752670
546,76.664776,1.801925,176.664776,8.841595,276.664776,17.970829,376.664776,25.752913
547,76.703000,1.826132,176.703000,8.896842,276.703000,17.920690,376.703000,25.749641
548,76.766172,1.871610,176.766172,8.998021,276.766172,17.879958,376.766172,25.775546
549,76.806584,1.890971,176.806584,9.093694,276.806584,17.804030,376.806584,25.782114
550,76.857954,1.918254,176.857954,9.213846,276.857954,17.729728,376.857954,25.802253
551,76.899617,1.933114,176.899617,9.334081,276.899617,17.639488,376.899617,25.814493
552,76.948717,1.953015,176.948717,9.467812,276.948717,17.553558,376.948717,25.835167
553,77.001991,1.975014,177.001991,9.608045,277.001991,17.471778,377.001991,25.860207
554,77.048439,1.988432,177.048439,9.740047,277.048439,17.386251,377.048439,25.877804
555,77.100994,2.006521,177.100994,9.873021,277.100994,17.313012,377.100994,25.900083
556,77.157798,2.027745,177.157798,10.001376,277.157798,17.253307,377.157798,25.924378
557,77.199115,2.032688,177.199115,10.101646,277.199115,17.190503,377.199115,25.930147
558,77.253370,2.050094,177.253370,10.198524,277.253370,17.156127,377.253370,25.945005
559,77.302390,2.062113,177.302390,10.270107,277.302390,17.135112,377.302390,25.949973
560,77.334588,2.057475,177.334588,10.301074,277.334588,17.118970,377.334588,25.932654
561,77.392924,2.079088,177.392924,10.338304,277.392924,17.153536,377.392924,25.936701
562,77.432632,2.081776,177.432632,10.344217,277.432632,17.192567,377.432632,25.918787
563,77.497614,2.109229,177.497614,10.363885,277.497614,17.276538,377.497614,25.923130
564,77.537347,2.110709,177.537347,10.347951,277.537347,17.351503,377.537347,25.899523
565,77.581721,2.115892,177.581721,10.327476,277.581721,17.443924,377.581721,25.878171
566,77.628102,2.121932,177.628102,10.300995,277.628102,17.547745,377.628102,25.856759
567,77.688361,2.140487,177.688361,10.281549,277.688361,17.671412,377.688361,25.847473
568,77.731121,2.139965,177.731121,10.238929,277.731121,17.780121,377.731121,25.819250
569,77.777019,2.140791,177.777019,10.194942,277.777019,17.891087,377.777019,25.793046
570,77.824663,2.141360,177.824663,10.149365,277.824663,17.999491,377.824663,25.767784
571,77.883909,2.151312,177.883909,10.113222,277.883909,18.111764,377.883909,25.753635
572,77.922674,2.138354,177.922674,10.055600,277.922674,18.192400,377.922674,25.718835
573,77.973940,2.135252,177.973940,10.010651,277.973940,18.270954,377.973940,25.696679
574,78.018282,2.122369,178.018282,9.960118,278.018282,18.324577,378.018282,25.668061
575,78.085757,2.129550,178.085757,9.935228,278.085757,18.379902,378.085757,25.663353
576,78.118884,2.099097,178.118884,9.879669,278.118884,18.376022,378.118884,25.625388
577,78.164065,2.076462,178.164065,9.835168,278.164065,18.358341,378.164065,25.599863
578,78.222328,2.062221,178.222328,9.797975,278.222328,18.331111,378.222328,25.586918
579,78.266943,2.030182,178.266943,9.742374,278.266943,18.270515,378.266943,25.559878
580,78.313263,1.996235,178.313263,9.684728,278.313263,18.194817,378.313263,25.534144
581,78.364499,1.964128,178.364499,9.629260,278.364499,18.110138,378.364499,25.512981
582,78.416251,1.929998,178.416251,9.572584,278.416251,18.014988,378.416251,25.492039
583,78.468335,1.894199,178.468335,9.515526,278.468335,17.912096,378.468335,25.471186
584,78.510866,1.847382,178.510866,9.449215,278.510866,17.794486,378.510866,25.440590
585,78.564656,1.810899,178.564656,9.395475,278.564656,17.685883,378.564656,25.421113
586,78.614420,1.770000,178.614420,9.340032,278.614420,17.573912,378.614420,25.397523
587,78.659022,1.724087,178.659022,9.282762,278.659022,17.460347,378.659022,25.368733
588,78.701100,1.676336,178.701100,9.227318,278.701100,17.350740,378.701100,25.337436
589,78.768785,1.655413,178.768785,9.202840,278.768785,17.276129,378.768785,25.331812
590,78.799008,1.598789,178.799008,9.147272,278.799008,17.176358,378.799008,25.288844
591,78.861865,1.577096,178.861865,9.131722,278.861865,17.124433,378.861865,25.278681
592,78.916098,1.549613,178.916098,9.115945,278.916098,17.082009,378.916098,25.260115
593,78.951319,1.502306,178.951319,9.091335,278.951319,17.036844,378.951319,25.219937
594,79.008233,1.472581,179.008233,9.098730,279.008233,17.024921,379.008233,25.196723
595,79.053704,1.428369,179.053704,9.103543,279.053704,17.011712,379.053704,25.158427
596,79.093397,1.376400,179.093397,9.109982,279.093397,17.001485,379.093397,25.111806
597,79.155831,1.346258,179.155831,9.145112,279.155831,17.021368,379.155831,25.086470
598,79.197463,1.295464,179.197463,9.163935,279.197463,17.026422,379.197463,25.039965
599,79.244402,1.251194,179.244402,9.191107,279.244402,17.041365,379.244402,24.999494
600,79.306360,1.224224,179.306360,9.234883,279.306360,17.074512,379.306360,24.975857
601,79.344871,1.177155,179.344871,9.255344,279.344871,17.086006,379.344871,24.931681
602,79.403496,1.154611,179.403496,9.294596,279.403496,17.118012,379.403496,24.911617
603,79.450047,1.125470,179.450047,9.318996,279.450047,17.136949,379.450047,24.884568
604,79.493104,1.099377,179.493104,9.335670,279.493104,17.150004,379.493104,24.860206
605,79.532891,1.077622,179.532891,9.343386,279.532891,17.156007,379.532891,24.839844
606,79.580792,1.072654,179.580792,9.352075,279.580792,17.164947,379.580792,24.835958
607,79.632927,1.081657,179.632927,9.356401,279.632927,17.171550,379.632927,24.845759
608,79.695685,1.112085,179.695685,9.361299,279.695685,17.180813,379.695685,24.876727
609,79.741906,1.140377,179.741906,9.335933,279.741906,17.164340,379.741906,24.905124
610,79.793498,1.189844,179.793498,9.301196,279.793498,17.144742,379.793498,24.954110
611,79.838810,1.246618,179.838810,9.247973,279.838810,17.111885,379.838810,25.009862
612,79.875334,1.305970,179.875334,9.176295,279.875334,17.064780,379.875334,25.067706
613,79.922625,1.385236,179.922625,9.108252,279.922625,17.024494,379.922625,25.145024
614,79.976463,1.477976,179.976463,9.042164,279.976463,16.988327,379.976463,25.235430
615,80.029457,1.574579,180.029457,8.973176,280.029457,16.950402,380.029457,25.329361
616,80.086761,1.677980,180.086761,8.908978,280.086761,16.917390,380.086761,25.429803
617,80.117373,1.754956,180.117373,8.821107,280.117373,16.859805,380.117373,25.503584
618,80.179539,1.861536,180.179539,8.770346,280.179539,16.837411,380.179539,25.606783
619,80.216203,1.938442,180.216203,8.702176,280.216203,16.794667,380.216203,25.680172
620,80.272335,2.028425,180.272335,8.664104,280.272335,16.778058,380.272335,25.766553
621,80.323025,2.104357,180.323025,8.633758,280.323025,16.764194,380.323025,25.838846
622,80.374520,2.170262,180.374520,8.619921,280.374520,16.760835,380.374520,25.901129
623,80.427555,2.224659,180.427555,8.625867,280.427555,16.770234,380.427555,25.951969
624,80.472129,2.255325,180.472129,8.644130,280.472129,16.783905,380.472129,25.979193
625,80.511848,2.265900,180.511848,8.682574,280.511848,16.807364,380.511848,25.985738
626,80.557267,2.269531,180.557267,8.751939,280.557267,16.850812,380.557267,25.984174
627,80.614015,2.273459,180.614015,8.854293,280.614015,16.918002,380.614015,25.981989
628,80.669853,2.267061,180.669853,8.973835,280.669853,16.994821,380.669853,25.968803
629,80.712096,2.239265,180.712096,9.094317,280.712096,17.066709,380.712096,25.933789
630,80.758963,2.209904,180.758963,9.230395,280.758963,17.150009,380.758963,25.897027
631,80.811687,2.181825,180.811687,9.379739,280.811687,17.244079,380.811687,25.861609
632,80.851020,2.137394,180.851020,9.519539,280.851020,17.327795,380.851020,25.810144
633,80.903670,2.104933,180.903670,9.672940,280.903670,17.425991,380.903670,25.771201
634,80.952934,2.069353,180.952934,9.819677,280.952934,17.520088,380.952934,25.729935
635,81.010477,2.043934,181.010477,9.967852,281.010477,17.619876,381.010477,25.699871
636,81.053210,2.007199,181.053210,10.090812,281.053210,17.700390,381.053210,25.659777
637,81.113255,1.992887,181.113255,10.217119,281.113255,17.791879,381.113255,25.643638
638,81.155569,1.967565,181.155569,10.308166,281.155569,17.857422,381.155569,25.618266
639,81.195457,1.948156,181.195457,10.375696,281.195457,17.910451,381.195457,25.600829
640,81.257507,1.960860,181.257507,10.440733,281.257507,17.973677,381.257507,25.617771
641,81.298962,1.962297,181.298962,10.463635,281.298962,18.006819,381.298962,25.628585
642,81.343036,1.973360,181.343036,10.474017,281.343036,18.037071,381.343036,25.655987
643,81.404013,2.007397,181.404013,10.487529,281.404013,18.079103,381.404013,25.711997
644,81.444667,2.026250,181.444667,10.468314,281.444667,18.096075,381.444667,25.757126
645,81.488977,2.052961,181.488977,10.441715,281.488977,18.112350,381.488977,25.813091
646,81.535301,2.084956,181.535301,10.407459,281.535301,18.126673,381.535301,25.875987
647,81.598528,2.136187,181.598528,10.381800,281.598528,18.154317,381.598528,25.958438
648,81.633400,2.160463,181.633400,10.320849,281.633400,18.150411,381.633400,26.012925
649,81.686123,2.203055,181.686123,10.272177,281.686123,18.161545,381.686123,26.083389
650,81.739942,2.246275,181.739942,10.220399,281.739942,18.171351,381.739942,26.150815
651,81.792166,2.286495,181.792166,10.164187,281.792166,18.177522,381.792166,26.210246
652,81.833997,2.313984,181.833997,10.096111,281.833997,18.171646,381.833997,26.250622
653,81.894390,2.356764,181.894390,10.046496,281.894390,18.183064,381.894390,26.298636
654,81.936753,2.377306,181.936753,9.980112,281.936753,18.175568,381.936753,26.315430
655,81.987549,2.401139,181.987549,9.924792,281.987549,18.176008,381.987549,26.325207
656,82.023582,2.404133,182.023582,9.858707,282.023582,18.161572,382.023582,26.302507
657,82.079986,2.423491,182.079986,9.808989,282.079986,18.165785,382.079986,26.280678
658,82.137132,2.442178,182.137132,9.748562,282.137132,18.167389,382.137132,26.241398
659,82.174835,2.439867,182.174835,9.659438,282.174835,18.146560,382.174835,26.166853
660,82.236452,2.459775,182.236452,9.587175,282.236452,18.147020,382.236452,26.102777
661,82.275808,2.455584,182.275808,9.487794,282.275808,18.122953,382.275808,26.005367
662,82.317836,2.452086,182.317836,9.388426,282.317836,18.099655,382.317836,25.901931
663,82.375859,2.462461,182.375859,9.304593,282.375859,18.090811,382.375859,25.808164
664,82.425459,2.462151,182.425459,9.214074,282.425459,18.072365,382.425459,25.702023
665,82.462334,2.446712,182.462334,9.114766,282.462334,18.040377,382.462334,25.581580
666,82.526316,2.455833,182.526316,9.048697,282.526316,18.035039,382.526316,25.489039
667,82.575921,2.447888,182.575921,8.976582,282.575921,18.015230,382.575921,25.385290
668,82.622134,2.433721,182.622134,8.911606,282.622134,17.992297,382.622134,25.283694
669,82.671898,2.420134,182.671898,8.862908,282.671898,17.973546,382.671898,25.193566
670,82.717246,2.399018,182.717246,8.824718,282.717246,17.951369,382.717246,25.109312
671,82.756573,2.368625,182.756573,8.797632,282.756573,17.924526,382.756573,25.031703
672,82.809378,2.348314,182.809378,8.803345,282.809378,17.912876,382.809378,24.982610
673,82.868349,2.329766,182.868349,8.837963,282.868349,17.907580,382.868349,24.950878
674,82.913844,2.292766,182.913844,8.881809,282.913844,17.887458,382.913844,24.911301
675,82.964514,2.256471,182.964514,8.950557,282.964514,17.871506,382.964514,24.882328
676,83.011282,2.212311,183.011282,9.032150,283.011282,17.850994,383.011282,24.854680
677,83.063932,2.170574,183.063932,9.133394,283.063932,17.836050,383.063932,24.837936
678,83.106021,2.115326,183.106021,9.234866,283.106021,17.810577,383.106021,24.815451
679,83.150942,2.060464,183.150942,9.346981,283.150942,17.788314,383.150942,24.800415
680,83.198608,2.006408,183.198608,9.466673,283.198608,17.769520,383.198608,24.792539
681,83.254842,1.959488,183.254842,9.596787,283.254842,17.760362,383.254842,24.797441
682,83.298196,1.898761,183.298196,9.712894,283.298196,17.739739,383.298196,24.793471
683,83.341795,1.837857,183.341795,9.825141,283.341795,17.721120,383.341795,24.793551
684,83.403212,1.794858,183.403212,9.948124,283.403212,17.722424,383.403212,24.815051
685,83.440511,1.728332,183.440511,10.036925,283.440511,17.702062,383.440511,24.815832
686,83.497525,1.682619,183.497525,10.132401,283.497525,17.704211,383.497525,24.839524
687,83.540295,1.624266,183.540295,10.197612,283.540295,17.695257,383.540295,24.851965
688,83.603628,1.588585,183.603628,10.264387,283.603628,17.710354,383.603628,24.887758
689,83.641703,1.526165,183.641703,10.290186,283.641703,17.706329,383.641703,24.904355
690,83.693480,1.472747,183.693480,10.319815,283.693480,17.723685,383.693480,24.943349
691,83.737562,1.407999,183.737562,10.332752,283.737562,17.739712,383.737562,24.982185
692,83.786969,1.346006,183.786969,10.342887,283.786969,17.766117,383.786969,25.032719
693,83.846846,1.292979,183.846846,10.356238,283.846846,17.806734,383.846846,25.098941
694,83.892845,1.225636,183.892845,10.349330,283.892845,17.835899,383.892845,25.155340
695,83.936633,1.156709,183.936633,10.334702,283.936633,17.863969,383.936633,25.212425
696,83.986774,1.095828,183.986774,10.321791,283.986774,17.898194,383.986774,25.277600
697,84.041257,1.042046,184.041257,10.309456,284.041257,17.935249,384.041257,25.347693
698,84.084648,0.980997,184.084648,10.283139,284.084648,17.958390,384.084648,25.406112
699,84.137384,0.934182,184.137384,10.264146,284.137384,17.986740,384.137384,25.472133
700,84.184932,0.888134,184.184932,10.238819,284.184932,18.004452,384.184932,25.530065
701,84.235533,0.852159,184.235533,10.216270,284.235533,18.018455,384.235533,25.586987
702,84.283856,0.821993,184.283856,10.192040,284.283856,18.022107,384.283856,25.636410
703,84.329590,0.798388,184.329590,10.166691,284.329590,18.013781,384.329590,25.676862
704,84.378989,0.788666,184.378989,10.147350,284.378989,17.998420,384.378989,25.713438
705,84.424568,0.788013,184.424568,10.124811,284.424568,17.967182,384.424568,25.740360
706,84.481988,0.812819,184.481988,10.112465,284.481988,17.936249,384.481988,25.775882
707,84.531032,0.841018,184.531032,10.090144,284.531032,17.886911,384.531032,25.799954
708,84.574451,0.873509,184.574451,10.060648,284.574451,17.823424,384.574451,25.815495
709,84.628052,0.924249,184.628052,10.039831,284.628052,17.763101,384.628052,25.838479
710,84.667661,0.967213,184.667661,10.003568,284.667661,17.683272,384.667661,25.844899
711,84.709777,1.017051,184.709777,9.968407,284.709777,17.601942,384.709777,25.851423
712,84.763586,1.081097,184.763586,9.943581,284.763586,17.529803,384.763586,25.867403
713,84.812349,1.140763,184.812349,9.912400,284.812349,17.451622,384.812349,25.876268
714,84.869359,1.207489,184.869359,9.888205,284.869359,17.382195,384.869359,25.891478
715,84.912594,1.257405,184.912594,9.849023,284.912594,17.301007,384.912594,25.891179
716,84.957987,1.304593,184.957987,9.810835,284.957987,17.225496,384.957987,25.891472
717,85.013879,1.355542,185.013879,9.782029,285.013879,17.165509,385.013879,25.900864
718,85.051796,1.379930,185.051796,9.734182,285.051796,17.094078,385.051796,25.891050
719,85.099862,1.404029,185.099862,9.695465,285.099862,17.040831,385.099862,25.890320
720,85.148117,1.416029,185.148117,9.655965,285.148117,16.997315,385.148117,25.888882
721,85.198385,1.416018,185.198385,9.615484,285.198385,16.964133,385.198385,25.887931
722,85.246670,1.400868,185.246670,9.568488,285.246670,16.934658,385.246670,25.882814
723,85.299167,1.378822,185.299167,9.521942,285.299167,16.914466,385.299167,25.879854
724,85.355574,1.351632,185.355574,9.476321,285.355574,16.902641,385.355574,25.878882
725,85.395651,1.301108,185.395651,9.412158,285.395651,16.878326,385.395651,25.859784
726,85.442748,1.252650,185.442748,9.353576,285.442748,16.864253,385.442748,25.846040
727,85.498142,1.209587,185.498142,9.302628,285.498142,16.861084,385.498142,25.839058
728,85.551217,1.163355,185.551217,9.249471,285.551217,16.857586,385.551217,25.828350
729,85.602023,1.116053,185.602023,9.194927,285.602023,16.853192,385.602023,25.814094
730,85.649106,1.068279,185.649106,9.138318,285.649106,16.845834,385.649106,25.794967
731,85.703022,1.032640,185.703022,9.090973,285.703022,16.845448,385.703022,25.781654
732,85.749601,0.997016,185.749601,9.039496,285.749601,16.837249,385.749601,25.760114
733,85.794782,0.969400,185.794782,8.990601,285.794782,16.826560,385.794782,25.736416
734,85.836856,0.950130,185.836856,8.943351,285.836856,16.811055,385.836856,25.708979
735,85.885767,0.951204,185.885767,8.908465,285.885767,16.800062,385.885767,25.687878
736,85.940129,0.973285,185.940129,8.885331,285.940129,16.791578,385.940129,25.671854
737,85.995975,1.016460,185.995975,8.867554,285.995975,16.781900,385.995975,25.654889
738,86.026981,1.055004,186.026981,8.826134,286.026981,16.745606,386.026981,25.609003
739,86.093628,1.146276,186.093628,8.821959,286.093628,16.743529,386.093628,25.595404
740,86.129635,1.220867,186.129635,8.789148,286.129635,16.709730,386.129635,25.548537
741,86.188494,1.329146,186.188494,8.781598,286.188494,16.698050,386.188494,25.522620
742,86.234166,1.431949,186.234166,8.763674,286.234166,16.672798,386.234166,25.482341
743,86.285643,1.545143,186.285643,8.754772,286.285643,16.653311,386.285643,25.447419
744,86.335008,1.657687,186.335008,8.747377,286.335008,16.632021,386.335008,25.410662
745,86.370302,1.754495,186.370302,8.729934,286.370302,16.597314,386.370302,25.360839
746,86.426517,1.867436,186.426517,8.737839,286.426517,16.584529,386.426517,25.333666
747,86.480915,1.970647,186.480915,8.748759,286.480915,16.571277,386.480915,25.307134
748,86.525134,2.052641,186.525134,8.754733,286.525134,16.549541,386.525134,25.273606
749,86.563327,2.114446,186.563327,8.760319,286.563327,16.523822,386.563327,25.237962
750,86.620413,2.177856,186.620413,8.790840,286.620413,16.519386,386.620413,25.225847
751,86.674985,2.218340,186.674985,8.825292,286.674985,16.515172,386.674985,25.216581
752,86.715629,2.221358,186.715629,8.852664,286.715629,16.500114,386.715629,25.199477
753,86.766089,2.207220,186.766089,8.901944,286.766089,16.495548,386.766089,25.200363
754,86.820102,2.170756,186.820102,8.970250,286.820102,16.493046,386.820102,25.213672
755,86.875177,2.113138,186.875177,9.052696,286.875177,16.490824,386.875177,25.235543
756,86.912188,2.018908,186.912188,9.127762,286.912188,16.470465,386.912188,25.245482
757,86.969313,1.929908,186.969313,9.231233,286.969313,16.470856,386.969313,25.280300
758,87.019165,1.822417,187.019165,9.333329,287.019165,16.465318,387.019165,25.311243
759,87.062118,1.700474,187.062118,9.432030,287.062118,16.454933,387.062118,25.337316
760,87.102959,1.572531,187.102959,9.529729,287.102959,16.445196,387.102959,25.361938
761,87.155094,1.455661,187.155094,9.637439,287.155094,16.450223,387.155094,25.397149
762,87.198358,1.333363,187.198358,9.732602,287.198358,16.450557,387.198358,25.421415
763,87.254286,1.230837,187.254286,9.834359,287.254286,16.468441,387.254286,25.454903
764,87.307424,1.136296,187.307424,9.924862,287.307424,16.489128,387.307424,25.480792
765,87.353830,1.049462,187.353830,9.997775,287.353830,16.509387,387.353830,25.493771
766,87.396733,0.977229,187.396733,10.053934,287.396733,16.533152,387.396733,25.495702
767,87.461153,0.948285,187.461153,10.115967,287.461153,16.586156,387.461153,25.510239
768,87.498771,0.917973,187.498771,10.133159,287.498771,16.620784,387.498771,25.487692
769,87.553390,0.929710,187.553390,10.150028,287.553390,16.684614,387.553390,25.468400
770,87.605988,0.959951,187.605988,10.150841,287.605988,16.760570,387.605988,25.432375
771,87.646042,0.995642,187.646042,10.126544,287.646042,16.836102,387.646042,25.371485
772,87.686992,1.047689,187.686992,10.092047,287.686992,16.922620,387.686992,25.301561
773,87.734666,1.119390,187.734666,10.054649,287.734666,17.023925,387.734666,25.230821
774,87.786501,1.205648,187.786501,10.013256,287.786501,17.135425,387.786501,25.159091
775,87.833505,1.294939,187.833505,9.960345,287.833505,17.246100,387.833505,25.079771
776,87.887542,1.396595,187.887542,9.909253,287.887542,17.365787,387.887542,25.007114
777,87.945081,1.504552,187.945081,9.857916,287.945081,17.488924,387.945081,24.939979
778,87.987941,1.598097,187.987941,9.789623,287.987941,17.595302,387.987941,24.862575
779,88.032202,1.690778,188.032202,9.721925,288.032202,17.698975,388.032202,24.793374
780,88.090786,1.792985,188.090786,9.669214,288.090786,17.810835,388.090786,24.747686
781,88.138699,1.877189,188.138699,9.607965,288.138699,17.903859,388.138699,24.702908
782,88.180547,1.945467,188.180547,9.544254,288.180547,17.980626,388.180547,24.666035
783,88.235472,2.014427,188.235472,9.498694,288.235472,18.058249,388.235472,24.658601
784,88.281650,2.059713,188.281650,9.450929,288.281650,18.112876,388.281650,24.661171
785,88.332201,2.096908,188.332201,9.409022,288.332201,18.161307,388.332201,24.689309
786,88.383910,2.127528,188.383910,9.364345,288.383910,18.205370,388.383910,24.738826
787,88.418547,2.134218,188.418547,9.299617,288.418547,18.226852,388.418547,24.788765
788,88.484442,2.166177,188.484442,9.264112,288.484442,18.274095,388.484442,24.884725
789,88.519202,2.161884,188.519202,9.196385,288.519202,18.284723,388.519202,24.961584
790,88.581915,2.181301,188.581915,9.156469,288.581915,18.317840,388.581915,25.075700
791,88.615485,2.168203,188.615485,9.088215,288.615485,18.316364,388.615485,25.167247
792,88.673890,2.177440,188.673890,9.046546,288.673890,18.334290,388.673890,25.287474
793,88.718394,2.171146,188.718394,8.993671,288.718394,18.332894,388.718394,25.394914
794,88.761113,2.162310,188.761113,8.942655,288.761113,18.324310,388.761113,25.498954
795,88.814809,2.164568,188.814809,8.907205,288.814809,18.321315,388.814809,25.609627
796,88.872722,2.172029,188.872722,8.881506,288.872722,18.317163,388.872722,25.717443
797,88.916656,2.167370,188.916656,8.848309,288.916656,18.293674,388.916656,25.801475
798,88.957697,2.162548,188.957697,8.819645,288.957697,18.261948,388.957697,25.870079
799,89.022441,2.185033,189.022441,8.823058,289.022441,18.248599,389.022441,25.947124
800,89.072190,2.196997,189.072190,8.820796,289.072190,18.214942,389.072190,25.991180
801,89.115463,2.206238,189.115463,8.822528,289.115463,18.164944,389.115463,26.012380
802,89.151660,2.210619,189.151660,8.827408,289.151660,18.094650,389.151660,26.014462
803,89.209177,2.238186,189.209177,8.862678,289.209177,18.034264,389.209177,26.027177
804,89.250275,2.250848,189.250275,8.889442,289.250275,17.947858,389.250275,26.014143
805,89.301879,2.275179,189.301879,8.933471,289.301879,17.864166,389.301879,26.003641
806,89.352215,2.299057,189.352215,8.981836,289.352215,17.773225,389.352215,25.985256
807,89.400503,2.321349,189.400503,9.032603,289.400503,17.676064,389.400503,25.959561
808,89.456575,2.351536,189.456575,9.094448,289.456575,17.584324,389.456575,25.937747
809,89.500998,2.369837,189.500998,9.146785,289.500998,17.480384,389.500998,25.901738
810,89.556179,2.398306,189.556179,9.210864,289.556179,17.388459,389.556179,25.875296
811,89.595516,2.409990,189.595516,9.258930,289.595516,17.283757,389.595516,25.833175
812,89.640454,2.425986,189.640454,9.311272,289.640454,17.189534,389.640454,25.798179
813,89.707259,2.462207,189.707259,9.383003,289.707259,17.123866,389.707259,25.787930
814,89.752663,2.475035,189.752663,9.429697,289.752663,17.045292,389.752663,25.760515
815,89.789414,2.476867,189.789414,9.462949,289.789414,16.968373,389.789414,25.730039
816,89.837043,2.486884,189.837043,9.501136,289.837043,16.914449,389.837043,25.717391
817,89.885569,2.496630,189.885569,9.537984,289.885569,16.870273,389.885569,25.710374
818,89.935458,2.508093,189.935458,9.578011,289.935458,16.831826,389.935458,25.706265
819,89.984063,2.518275,189.984063,9.617934,289.984063,16.796439,389.984063,25.702306
820,90.047187,2.542625,190.047187,9.672922,290.047187,16.779896,390.047187,25.714192
821,90.094279,2.550240,190.094279,9.711786,290.094279,16.751623,390.094279,25.711263
822,90.137637,2.553065,190.137637,9.746188,290.137637,16.723896,390.137637,25.705706
823,90.175792,2.549278,190.175792,9.774024,290.175792,16.695228,390.175792,25.695945
824,90.244099,2.573881,190.244099,9.830012,290.244099,16.700949,390.244099,25.717223
825,90.281889,2.565853,190.281889,9.852847,290.281889,16.680371,390.281889,25.708763
826,90.329040,2.564718,190.329040,9.881771,290.329040,16.673350,390.329040,25.710335
827,90.375156,2.559727,190.375156,9.905751,290.375156,16.669468,390.375156,25.711431
828,90.432258,2.562551,190.432258,9.936174,290.432258,16.680727,390.432258,25.723965
829,90.473991,2.546479,190.473991,9.946047,290.473991,16.680749,390.473991,25.721472
830,90.537122,2.547926,190.537122,9.971502,290.537122,16.706281,390.537122,25.740609
831,90.577181,2.522070,190.577181,9.967433,290.577181,16.712830,390.577181,25.736798
832,90.621650,2.496040,190.621650,9.960684,290.621650,16.727858,390.621650,25.737410
833,90.666707,2.464608,190.666707,9.945837,290.666707,16.753109,390.666707,25.738898
834,90.719922,2.434723,190.719922,9.930023,290.719922,16.800257,390.719922,25.749156
835,90.769482,2.395393,190.769482,9.902536,290.769482,16.855281,390.769482,25.756343
836,90.826084,2.358133,190.826084,9.875177,290.826084,16.926664,390.826084,25.771126
837,90.862095,2.296133,190.862095,9.821422,290.862095,16.984566,390.862095,25.765846
838,90.927045,2.259743,190.927045,9.791905,290.927045,17.076304,390.927045,25.790001
839,90.976759,2.205610,190.976759,9.743557,290.976759,17.155494,390.976759,25.799389
840,91.018717,2.142031,191.018717,9.684963,291.018717,17.227403,391.018717,25.801460
841,91.065627,2.082538,191.065627,9.629938,291.065627,17.302530,391.065627,25.808893
842,91.116050,2.026512,191.116050,9.578150,291.116050,17.377226,391.116050,25.820222
843,91.170024,1.974811,191.170024,9.530740,291.170024,17.449316,391.170024,25.835453
844,91.204001,1.904708,191.204001,9.465268,291.204001,17.493043,391.204001,25.831011
845,91.259395,1.858438,191.259395,9.424254,291.259395,17.547611,391.259395,25.848282
846,91.305124,1.805738,191.305124,9.377720,291.305124,17.579726,391.305124,25.856153
847,91.365944,1.772186,191.365944,9.351528,291.365944,17.611933,391.365944,25.879351
848,91.415761,1.732509,191.415761,9.320693,291.415761,17.615929,391.415761,25.891755
849,91.451736,1.682643,191.451736,9.279559,291.451736,17.587012,391.451736,25.893550
850,91.502302,1.649173,191.502302,9.253219,291.502302,17.554806,391.502302,25.915420
851,91.552758,1.617287,191.552758,9.227285,291.552758,17.506973,391.552758,25.941475
852,91.603917,1.587686,191.603917,9.202886,291.603917,17.446694,391.603917,25.971341
853,91.659629,1.564108,191.659629,9.184187,291.659629,17.380185,391.659629,26.007678
854,91.698967,1.525516,191.698967,9.150575,291.698967,17.288884,391.698967,26.028370
855,91.755886,1.505751,191.755886,9.136319,291.755886,17.209111,391.755886,26.066184
856,91.795939,1.470254,191.795939,9.107286,291.795939,17.108785,391.795939,26.085485
857,91.844034,1.443824,191.844034,9.088701,291.844034,17.015182,391.844034,26.109991
858,91.889948,1.416123,191.889948,9.070654,291.889948,16.920442,391.889948,26.128290
859,91.941120,1.394481,191.941120,9.060899,291.941120,16.834371,391.941120,26.146634
860,91.990313,1.371548,191.990312,9.052512,291.990313,16.752098,391.990313,26.156595
861,92.037927,1.347612,192.037927,9.046211,292.037927,16.676389,392.037927,26.157387
862,92.091851,1.330450,192.091851,9.050197,292.091851,16.617498,392.091851,26.155709
863,92.146118,1.313985,192.146118,9.058817,292.146118,16.571823,392.146118,26.144404
864,92.179779,1.277154,192.179779,9.051439,292.179779,16.520784,392.179779,26.101337
865,92.234986,1.262079,192.234986,9.071800,292.234986,16.503646,392.234986,26.064058
866,92.294762,1.251889,192.294762,9.103725,292.294762,16.498588,392.294762,26.013591
867,92.337334,1.224906,192.337334,9.124574,292.337334,16.483254,392.337334,25.930875
868,92.379271,1.197793,192.379271,9.150050,292.379271,16.473630,392.379271,25.835189
869,92.422023,1.172094,192.422023,9.180740,292.422023,16.470586,392.422023,25.730698
870,92.477881,1.160196,192.477881,9.228068,292.477881,16.485830,392.477881,25.632402
871,92.525936,1.141281,192.525936,9.270258,292.525936,16.497870,392.525936,25.522103
872,92.582002,1.131261,192.582002,9.322261,292.582002,16.521940,392.582002,25.418330
873,92.625089,1.109239,192.625089,9.362221,292.625089,16.536468,392.625089,25.302802
874,92.683087,1.103200,192.683087,9.417162,292.683087,16.568760,392.683087,25.206121
875,92.726569,1.083810,192.726569,9.456791,292.726569,16.588810,392.726569,25.101572
876,92.772109,1.067738,192.772109,9.496817,292.772109,16.612607,392.772109,25.008440
877,92.825757,1.061130,192.825757,9.542425,292.825757,16.645621,392.825757,24.935489
878,92.880229,1.056795,192.880229,9.585466,292.880229,16.679987,392.880229,24.878144
879,92.923527,1.042828,192.923527,9.613074,292.923527,16.703122,392.923527,24.827119
880,92.958817,1.022493,192.958817,9.627553,292.958817,16.717613,392.958817,24.788294
881,93.009246,1.017463,193.009246,9.653137,293.009246,16.748714,393.009246,24.784301
882,93.070792,1.022528,193.070792,9.687603,293.070792,16.794620,393.070792,24.807609
883,93.122627,1.017381,193.122627,9.710324,293.122627,16.834088,393.122627,24.835608
884,93.156705,0.994493,193.156705,9.713450,293.156705,16.858654,393.156705,24.858466
885,93.208343,0.989701,193.208343,9.732499,293.208343,16.903220,393.208343,24.909718
886,93.251906,0.977891,193.251906,9.742035,293.251906,16.941735,393.251906,24.961946
887,93.318716,0.990903,193.318716,9.773577,293.318716,17.005104,393.318716,25.044688
888,93.356251,0.976734,193.356251,9.774804,293.356251,17.040388,393.356251,25.103637
889,93.418096,0.989488,193.418096,9.799499,293.418096,17.100756,393.418096,25.190597
890,93.455538,0.980973,193.455538,9.799148,293.455538,17.137079,393.455538,25.255069
891,93.508616,0.991746,193.508616,9.813988,293.508616,17.188980,393.508616,25.335310
892,93.557826,1.002822,193.557826,9.824716,293.557826,17.236538,393.557826,25.410033
893,93.611259,1.022812,193.611259,9.839619,293.611259,17.287426,393.611259,25.485542
894,93.648599,1.031919,193.648599,9.838582,293.648599,17.320915,393.648599,25.539742
895,93.693024,1.053840,193.693024,9.844982,293.693024,17.359764,393.693024,25.594025
896,93.754886,1.099448,193.754886,9.869369,293.754886,17.413911,393.754886,25.656960
897,93.803963,1.144419,193.803963,9.881404,293.803963,17.455069,393.803963,25.702007
898,93.841108,1.193333,193.841108,9.881625,293.841108,17.485995,393.841108,25.734780
899,93.895849,1.272977,193.895849,9.899461,293.895849,17.535747,393.895849,25.784643
900,93.949900,1.362325,193.949900,9.916526,293.949900,17.585569,393.949900,25.833144
901,93.996774,1.452149,193.996774,9.926235,293.996774,17.628505,393.996774,25.873632
902,94.049330,1.552566,194.049330,9.941347,294.049330,17.676943,394.049330,25.918801
903,94.096776,1.650046,194.096776,9.950971,294.096776,17.719621,394.096776,25.957693
904,94.136549,1.739283,194.136549,9.952447,294.136549,17.753508,394.136549,25.987581
905,94.181387,1.830274,194.181387,9.958411,294.181387,17.790871,394.181387,26.021038
906,94.235268,1.924256,194.235268,9.972742,294.235268,17.835216,394.235268,26.061875
907,94.287976,2.008274,194.287976,9.985127,294.287976,17.875861,394.287976,26.099713
908,94.332545,2.072620,194.332545,9.988499,294.332545,17.905367,394.332545,26.127420
909,94.378076,2.123654,194.378076,9.991861,294.378076,17.932368,394.378076,26.153934
910,94.432256,2.166323,194.432256,10.002801,294.432256,17.964079,394.432256,26.186774
911,94.492419,2.195220,194.492419,10.018553,294.492419,17.997365,394.492419,26.223112
912,94.535389,2.184428,194.535389,10.015843,294.535389,18.008580,394.535389,26.239605
913,94.585848,2.154395,194.585848,10.019918,294.585848,18.022214,394.585848,26.261577
914,94.630948,2.092339,194.630948,10.018461,294.630948,18.025826,394.630948,26.276843
915,94.683858,2.015132,194.683858,10.024489,294.683858,18.033005,394.683858,26.298436
916,94.730923,1.912820,194.730923,10.024189,294.730923,18.030513,394.730923,26.312564
917,94.778108,1.795072,194.778108,10.023375,294.778108,18.024740,394.778108,26.325058
918,94.817007,1.657185,194.817007,10.013487,294.817007,18.007698,394.817007,26.327374
919,94.866210,1.521450,194.866210,10.012959,294.866210,17.998398,394.866210,26.337967
920,94.913894,1.379749,194.913894,10.009815,294.913894,17.985438,394.913894,26.344877
921,94.977181,1.252906,194.977181,10.021023,294.977181,17.986361,394.977181,26.365092
922,95.012318,1.100870,195.012318,10.002677,295.012318,17.957835,395.012318,26.354723
923,95.071613,0.979654,195.071613,10.006930,295.071613,17.952587,395.071613,26.365940
924,95.117802,0.855694,195.117802,9.996364,295.117802,17.933775,395.117802,26.361344
925,95.172785,0.754594,195.172785,9.992724,295.172785,17.923718,395.172785,26.362699
926,95.213710,0.657205,195.213710,9.973006,295.213710,17.899987,395.213710,26.347017
927,95.257583,0.584237,195.257583,9.954061,295.257583,17.880007,395.257583,26.331170
928,95.311597,0.546584,195.311597,9.942928,295.311597,17.871392,395.311597,26.322212
929,95.355444,0.523756,195.355444,9.919189,295.355444,17.853980,395.355444,26.297337
930,95.415458,0.537674,195.415458,9.909276,295.415458,17.853723,395.415458,26.281204
931,95.456864,0.550922,195.456864,9.878571,295.456864,17.835482,395.456864,26.240136
932,95.499037,0.580232,195.499037,9.846606,295.499037,17.818265,395.499037,26.194610
933,95.556608,0.637591,195.556608,9.828168,295.556608,17.816335,395.556608,26.160353
934,95.612138,0.702920,195.612138,9.805976,295.612138,17.811889,395.612138,26.121027
935,95.646112,0.754060,195.646112,9.760670,295.646112,17.785043,395.646112,26.058217
936,95.702373,0.832212,195.702373,9.736251,295.702373,17.779274,395.702373,26.016865
937,95.747589,0.901402,195.747589,9.699543,295.747589,17.760885,395.747589,25.964738
938,95.795107,0.972334,195.795107,9.664051,295.795107,17.742854,395.795107,25.916281
939,95.858673,1.056113,195.858673,9.643677,295.858673,17.738563,395.858673,25.886343
940,95.905912,1.117718,195.905912,9.606202,295.905912,17.715268,395.905912,25.843645
941,95.949802,1.167489,195.949802,9.564762,295.949802,17.685583,395.949802,25.802266
942,95.986852,1.199290,195.986852,9.516023,295.986852,17.645649,395.986852,25.759815
943,96.047781,1.241198,196.047781,9.490859,296.047781,17.625818,396.047781,25.748108
944,96.091770,1.249752,196.091770,9.448610,296.091770,17.584906,396.091770,25.727427
945,96.144848,1.250320,196.144848,9.412443,296.144848,17.545367,396.144848,25.726207
946,96.185341,1.223798,196.185341,9.358405,296.185341,17.483332,396.185341,25.723268
947,96.235938,1.195076,196.235938,9.310214,296.235938,17.423187,396.235938,25.739529
948,96.293048,1.162766,196.293048,9.265309,296.293048,17.363038,396.293048,25.769631
949,96.334649,1.107046,196.334649,9.202697,296.334649,17.282563,396.334649,25.789783
950,96.395977,1.065356,196.395977,9.158643,296.395977,17.218695,396.395977,25.833455
951,96.437361,1.000226,196.437361,9.094506,296.437361,17.133463,396.437361,25.859205
952,96.493431,0.948488,196.493431,9.045945,296.493431,17.063192,396.493431,25.899895
953,96.541718,0.889875,196.541718,8.991521,296.541718,16.987113,396.541718,25.931288
954,96.576030,0.820397,196.576030,8.926070,296.576030,16.900732,396.576030,25.945424
955,96.630193,0.776083,196.630193,8.884450,296.630193,16.839574,396.630193,25.974360
956,96.672298,0.727224,196.672298,8.835779,296.672298,16.773426,396.672298,25.984418
957,96.734946,0.708624,196.734946,8.813688,296.734946,16.736589,396.734946,26.006431
958,96.768839,0.673186,196.768839,8.769908,296.768839,16.681462,396.768839,25.989332
959,96.818307,0.667444,196.818307,8.749799,296.818307,16.654073,396.818307,25.975684
960,96.874275,0.684523,196.874275,8.745315,296.874275,16.647046,396.874275,25.954642
961,96.913863,0.705098,196.913863,8.733062,296.913863,16.639623,396.913863,25.898854
962,96.972871,0.765037,196.972871,8.747275,296.972871,16.667202,396.972871,25.842886
963,97.030962,0.840961,197.030962,8.767066,297.030962,16.707349,397.030962,25.769484
964,97.071783,0.913482,197.071783,8.775533,297.071783,16.741616,397.071783,25.665383
965,97.128363,1.012592,197.128363,8.805156,297.128363,16.800939,397.128363,25.566697
966,97.165191,1.099742,197.165191,8.819874,297.165191,16.847711,397.165191,25.440999
967,97.212990,1.202618,197.212990,8.849863,297.212990,16.910561,397.212990,25.322101
968,97.264474,1.310897,197.264474,8.887285,297.264474,16.980107,397.264474,25.205799
969,97.316241,1.418139,197.316241,8.928190,297.316241,17.050853,397.316241,25.091779
970,97.373236,1.526254,197.373236,8.976973,297.373236,17.125650,397.373236,24.988071
971,97.417007,1.613750,197.417007,9.014634,297.417007,17.183951,397.417007,24.879308
972,97.455096,1.685133,197.455096,9.048164,297.455096,17.231202,397.455096,24.776119
973,97.506824,1.756687,197.506824,9.096336,297.506824,17.284630,397.506824,24.700910
974,97.556539,1.809723,197.556539,9.142949,297.556539,17.326489,397.556539,24.641115
975,97.611781,1.848744,197.611781,9.194993,297.611781,17.362224,397.611781,24.607359
976,97.663769,1.861931,197.663769,9.243138,297.663769,17.380959,397.663769,24.593948
977,97.711581,1.847414,197.711581,9.292918,297.711581,17.380753,397.711581,24.600250
978,97.753155,1.805948,197.753155,9.347646,297.753155,17.361220,397.753155,24.620857
979,97.802665,1.754312,197.802665,9.419312,297.802665,17.338475,397.802665,24.667560
980,97.848408,1.683410,197.848408,9.494035,297.848408,17.302761,397.848408,24.726276
981,97.894025,1.599488,197.894025,9.573273,297.894025,17.259660,397.894025,24.798266
982,97.957457,1.523093,197.957457,9.672788,297.957457,17.229057,397.957457,24.899091
983,97.999200,1.417330,197.999200,9.750897,297.999200,17.173393,397.999200,24.986869
984,98.055016,1.320563,198.055016,9.841178,298.055016,17.130372,398.055016,25.094978
985,98.101336,1.211832,198.101336,9.917884,298.101336,17.078367,398.101336,25.197471
986,98.135063,1.090645,198.135063,9.975737,298.135063,17.016227,398.135063,25.288871
987,98.194006,0.997418,198.194006,10.050366,298.194006,16.983703,398.194006,25.404607
988,98.245816,0.902408,198.245816,10.107241,298.245816,16.950390,398.245816,25.509949
989,98.290340,0.808068,198.290340,10.144028,298.290340,16.918077,398.290340,25.602364
990,98.346898,0.736323,198.346898,10.177867,298.346898,16.908029,398.346898,25.698792
991,98.396107,0.670398,198.396107,10.187194,298.396107,16.902805,398.396107,25.777470
992,98.446638,0.621568,198.446638,10.178500,298.446638,16.913019,398.446638,25.844689
993,98.480625,0.565786,198.480625,10.128587,298.480625,16.923212,398.480625,25.889344
994,98.544909,0.542344,198.544909,10.082902,298.544909,16.979737,398.544909,25.965981
995,98.575525,0.487842,198.575525,9.981215,298.575525,17.016247,398.575525,26.009681
996,98.641888,0.472256,198.641888,9.896670,298.641888,17.099767,398.641888,26.088896
997,98.680010,0.432160,198.680010,9.769015,298.680010,17.163924,398.680010,26.138682
998,98.730966,0.409191,198.730966,9.643055,298.730966,17.247406,398.730966,26.199154
999,98.770105,0.379261,198.770105,9.497872,298.770105,17.323176,398.770105,26.244702
1000,98.823510,0.369016,198.823510,9.363282,298.823510,17.414931,398.823510,26.300452
1001,98.883672,0.371507,198.883672,9.235507,298.883672,17.512773,398.883672,26.357934
1002,98.920689,0.357397,198.920689,9.088378,298.920689,17.584416,398.920689,26.386290
1003,98.970363,0.363048,198.970363,8.961430,298.970363,17.663275,398.970363,26.420361
1004,99.025006,0.381336,199.025006,8.850707,299.025006,17.739275,399.025006,26.451501
1005,99.081063,0.409268,199.081063,8.756386,299.081063,17.806475,399.081063,26.475197
1006,99.120203,0.429074,199.120203,8.663869,299.120203,17.844156,399.120203,26.472159
1007,99.161506,0.460398,199.161506,8.595968,299.161506,17.869013,399.161506,26.460508
1008,99.218026,0.516855,199.218026,8.569469,299.218026,17.891714,399.218026,26.452339
1009,99.267893,0.584738,199.267893,8.561582,299.267893,17.889443,399.267893,26.420633
1010,99.325982,0.684257,199.325982,8.582197,299.325982,17.879144,399.325982,26.377598
1011,99.367788,0.787231,199.367788,8.604439,299.367788,17.838438,399.367788,26.301490
1012,99.417423,0.914094,199.417423,8.650048,299.417423,17.793564,399.417423,26.219185
1013,99.470029,1.056311,199.470029,8.711800,299.470029,17.741792,399.470029,26.128587
1014,99.511512,1.196111,199.511512,8.773231,299.511512,17.671156,399.511512,26.018365
1015,99.559927,1.347870,199.559927,8.850025,299.559927,17.601836,399.559927,25.909335
1016,99.600849,1.493489,199.600849,8.925390,299.600849,17.521539,399.600849,25.789839
1017,99.656092,1.651101,199.656092,9.018769,299.656092,17.454203,399.656092,25.684449
1018,99.712611,1.803987,199.712611,9.114749,299.712611,17.388910,399.712611,25.582885
1019,99.752833,1.930895,199.752833,9.193386,299.752833,17.310217,399.752833,25.470335
1020,99.812000,2.063390,199.812000,9.287554,299.812000,17.255492,399.812000,25.384807
1021,99.854844,2.162527,199.854844,9.359615,299.854844,17.191595,399.854844,25.293791
1022,99.909366,2.252631,199.909366,9.435202,299.909366,17.148654,399.909366,25.228056
1023,99.949659,2.304115,199.949659,9.486037,299.949659,17.102889,399.949659,25.164453