time,automatic,temperature,setpoint,output,error,integral,derivative
0,0,28.25,93,0,66.5,0,-1
0.25,0,28.25,93,0,66.5,0,-1
0.5,0,28.25,93,0,66.5,0,-1
0.75,0,30.5,93,0,66.5,0,-1
1,0,30.5,93,0,66.5,0,-1
1.25,0,30.5,93,0,66.5,0,-1
1.5,0,30.5,93,0,66.5,0,-1
1.75,0,30.25,93,0,66.5,0,-1
2,0,30.25,93,0,66.5,0,-1
2.25,0,30.25,93,0,66.5,0,-1
2.5,0,30.25,93,0,66.5,0,-1
2.75,0,29.5,93,0,66.5,0,-1
3,0,29.5,93,0,66.5,0,-1
3.25,0,29.5,93,0,66.5,0,-1
3.5,0,29.5,93,0,66.5,0,-1
3.75,0,29.25,93,0,66.5,0,-1
4,0,29.25,93,0,66.5,0,-1
4.25,0,29.25,93,0,66.5,0,-1
4.5,0,29.25,93,0,66.5,0,-1
4.75,0,28.25,93,0,66.5,0,-1
5,0,28.25,93,0,66.5,0,-1
5.25,0,28.25,93,0,66.5,0,-1
5.5,0,28.25,93,0,66.5,0,-1
5.75,0,29.25,93,0,66.5,0,-1
6,0,29.25,93,0,66.5,0,-1
6.25,0,29.25,93,0,66.5,0,-1
6.5,0,29.25,93,0,66.5,0,-1
6.75,0,29.25,93,0,66.5,0,-1
7,0,29.25,93,0,66.5,0,-1
7.25,0,29.25,93,0,66.5,0,-1
7.5,0,29.25,93,0,66.5,0,-1
7.75,0,28,93,0,66.5,0,-1
8,0,28,93,0,66.5,0,-1
8.25,0,28,93,0,66.5,0,-1
8.5,0,28,93,0,66.5,0,-1
8.75,0,28,93,0,66.5,0,-1
9,0,28,93,0,66.5,0,-1
9.25,0,28,93,0,66.5,0,-1
9.5,0,28,93,0,66.5,0,-1
9.75,0,24.5,93,0,66.5,0,-1
10,0,24.5,93,0,66.5,0,-1
10.25,0,24.5,93,0,66.5,0,-1
10.5,0,24.5,93,0,66.5,0,-1
10.75,0,25.25,93,0,66.5,0,-1
11,0,25.25,93,0,66.5,0,-1
11.25,0,25.25,93,0,66.5,0,-1
11.5,0,25.25,93,0,66.5,0,-1
11.75,0,24.5,93,0,66.5,0,-1
12,1,24.5,93,0,66.5,0,-1
12.25,1,24.5,93,0,66.5,0,-1
12.5,1,24.5,93,0,66.5,0,-1
12.75,1,29.25,93,255,63.75,15.9375,255
13,1,29.25,93,255,63.75,15.9375,255
13.25,1,29.25,93,255,63.75,15.9375,255
13.5,1,29.25,93,255,63.75,15.9375,255
13.75,1,25,93,204,68,65.5,0
14,1,25,93,204,68,65.5,0
14.25,1,25,93,204,68,65.5,0
14.5,1,25,93,204,68,65.5,0
14.75,1,25.75,93,205,67.25,130.75,7
15,1,25.75,93,205,67.25,130.75,7
15.25,1,25.75,93,205,67.25,130.75,7
15.5,1,25.75,93,205,67.25,130.75,7
15.75,1,24.5,93,212,68.5,196.0625,13
16,1,24.5,93,212,68.5,196.0625,13
16.25,1,24.5,93,212,68.5,196.0625,13
16.5,1,24.5,93,212,68.5,196.0625,13
16.75,1,24.75,93,210,68.25,261.625,9
17,1,24.75,93,210,68.25,261.625,9
17.25,1,24.75,93,210,68.25,261.625,9
17.5,1,24.75,93,210,68.25,261.625,9
17.75,1,25.25,93,210,67.75,326.6875,12
18,1,25.25,93,210,67.75,326.6875,12
18.25,1,25.25,93,210,67.75,326.6875,12
18.5,1,25.25,93,210,67.75,326.6875,12
18.75,1,24.5,93,208,68.5,392.6875,2
19,1,24.5,93,208,68.5,392.6875,2
19.25,1,24.5,93,208,68.5,392.6875,2
19.5,1,24.5,93,208,68.5,392.6875,2
19.75,1,27.75,93,193,65.25,474.4375,-10
20,1,27.75,93,193,65.25,474.4375,-10
20.25,1,27.75,93,193,65.25,474.4375,-10
20.5,1,27.75,93,193,65.25,474.4375,-10
20.75,1,26.75,93,197,66.25,540.6875,-7
21,1,26.75,93,197,66.25,540.6875,-7
21.25,1,26.75,93,197,66.25,540.6875,-7
21.5,1,26.75,93,197,66.25,540.6875,-7
21.75,1,24.75,93,208,68.25,607.5,1
22,1,24.75,93,208,68.25,607.5,1
22.25,1,24.75,93,208,68.25,607.5,1
22.5,1,24.75,93,208,68.25,607.5,1
22.75,1,24.5,93,210,68.5,673.6875,4
23,1,24.5,93,210,68.5,673.6875,4
23.25,1,24.5,93,210,68.5,673.6875,4
23.5,1,24.5,93,210,68.5,673.6875,4
23.75,1,28.5,93,190,64.5,739.625,-13
24,1,28.5,93,190,64.5,739.625,-13
24.25,1,28.5,93,190,64.5,739.625,-13
24.5,1,28.5,93,190,64.5,739.625,-13
24.75,1,25.25,93,213,67.75,805.625,12
25,1,25.25,93,213,67.75,805.625,12
25.25,1,25.25,93,213,67.75,805.625,12
25.5,1,25.25,93,213,67.75,805.625,12
25.75,1,28,93,199,65,869.625,1
26,1,28,93,199,65,869.625,1
26.25,1,28,93,199,65,869.625,1
26.5,1,28,93,199,65,869.625,1
26.75,1,28.5,93,198,64.5,934.3125,0
27,1,28.5,93,198,64.5,934.3125,0
27.25,1,28.5,93,198,64.5,934.3125,0
27.5,1,29.25,93,196,63.75,998.3125,1
27.75,1,29.25,93,196,63.75,998.3125,1
28,1,29.25,93,196,63.75,998.3125,1
28.25,1,29.25,93,196,63.75,998.3125,1
28.5,1,28.5,93,199,64.5,1062.1875,2
28.75,1,28.5,93,199,64.5,1062.1875,2
29,1,28.5,93,199,64.5,1062.1875,2
29.25,1,28.5,93,199,64.5,1062.1875,2
29.5,1,28.25,93,200,64.75,1125.9375,2
29.75,1,28.25,93,200,64.75,1125.9375,2
30,1,28.25,93,200,64.75,1125.9375,2
30.25,1,28.25,93,200,64.75,1125.9375,2
30.5,1,28.75,93,198,64.25,1189.5,0
30.75,1,28.75,93,198,64.25,1189.5,0
31,1,28.75,93,198,64.25,1189.5,0
31.25,1,28.75,93,198,64.25,1189.5,0
31.5,1,29,93,199,64,1252.6875,2
31.75,1,29,93,199,64,1252.6875,2
32,1,29,93,199,64,1252.6875,2
32.25,1,29,93,199,64,1252.6875,2
32.5,1,29.5,93,196,63.5,1315.6875,-1
32.75,1,29.5,93,196,63.5,1315.6875,-1
33,1,29.5,93,196,63.5,1315.6875,-1
33.25,1,29.5,93,196,63.5,1315.6875,-1
33.5,1,30,93,195,63,1378.1875,-1
33.75,1,30,93,195,63,1378.1875,-1
34,1,30,93,195,63,1378.1875,-1
34.25,1,30,93,195,63,1378.1875,-1
34.5,1,30,93,197,63,1440.125,2
34.75,1,30,93,197,63,1440.125,2
35,1,30,93,197,63,1440.125,2
35.25,1,30,93,197,63,1440.125,2
35.5,1,30.25,93,196,62.75,1502.1875,2
35.75,1,30.25,93,196,62.75,1502.1875,2
36,1,30.25,93,196,62.75,1502.1875,2
36.25,1,30.25,93,196,62.75,1502.1875,2
36.5,1,29.75,93,199,63.25,1563.75,3
36.75,1,29.75,93,199,63.25,1563.75,3
37,1,29.75,93,199,63.25,1563.75,3
37.25,1,29.75,93,199,63.25,1563.75,3
37.5,1,30.5,93,198,62.5,1624.625,5
37.75,1,30.5,93,198,62.5,1624.625,5
38,1,30.5,93,198,62.5,1624.625,5
38.25,1,30.5,93,198,62.5,1624.625,5
38.5,1,31,93,195,62,1685.25,2
38.75,1,31,93,195,62,1685.25,2
39,1,31,93,195,62,1685.25,2
39.25,1,31,93,195,62,1685.25,2
39.5,1,31.75,93,192,61.25,1745.3125,1
39.75,1,31.75,93,192,61.25,1745.3125,1
40,1,31.75,93,192,61.25,1745.3125,1
40.25,1,31.75,93,192,61.25,1745.3125,1
40.5,1,32.25,93,191,60.75,1805.375,1
40.75,1,32.25,93,191,60.75,1805.375,1
41,1,32.25,93,191,60.75,1805.375,1
41.25,1,32.25,93,191,60.75,1805.375,1
41.5,1,33,93,189,60,1865.25,1
41.75,1,33,93,189,60,1865.25,1
42,1,33,93,189,60,1865.25,1
42.25,1,33,93,189,60,1865.25,1
42.5,1,33,93,189,60,1924.8125,0
42.75,1,33,93,189,60,1924.8125,0
43,1,33,93,189,60,1924.8125,0
43.25,1,33,93,189,60,1924.8125,0
43.5,1,33.5,93,189,59.5,1983.25,2
43.75,1,33.5,93,189,59.5,1983.25,2
44,1,33.5,93,189,59.5,1983.25,2
44.25,1,33.5,93,189,59.5,1983.25,2
44.5,1,34.25,93,185,58.75,2041.875,-1
44.75,1,34.25,93,185,58.75,2041.875,-1
45,1,34.25,93,185,58.75,2041.875,-1
45.25,1,34.25,93,185,58.75,2041.875,-1
45.5,1,34.75,93,185,58.25,2099.625,0
45.75,1,34.75,93,185,58.25,2099.625,0
46,1,34.75,93,185,58.25,2099.625,0
46.25,1,34.75,93,185,58.25,2099.625,0
46.5,1,34.75,93,185,58.25,2099.625,0
46.75,1,35,93,183,58,2157.5,-2
47,1,35,93,183,58,2157.5,-2
47.25,1,35,93,183,58,2157.5,-2
47.5,1,35.25,93,184,57.75,2214.3125,1
47.75,1,35.25,93,184,57.75,2214.3125,1
48,1,35.25,93,184,57.75,2214.3125,1
48.25,1,35.25,93,184,57.75,2214.3125,1
48.5,1,36,93,181,57,2271.25,-1
48.75,1,36,93,181,57,2271.25,-1
49,1,36,93,181,57,2271.25,-1
49.25,1,36,93,181,57,2271.25,-1
49.5,1,36.5,93,180,56.5,2328,-1
49.75,1,36.5,93,180,56.5,2328,-1
50,1,36.5,93,180,56.5,2328,-1
50.25,1,36.5,93,180,56.5,2328,-1
50.5,1,37.25,93,178,55.75,2384.125,-1
50.75,1,37.25,93,178,55.75,2384.125,-1
51,1,37.25,93,178,55.75,2384.125,-1
51.25,1,37.25,93,178,55.75,2384.125,-1
51.5,1,37.75,93,177,55.25,2439.4375,0
51.75,1,37.75,93,177,55.25,2439.4375,0
52,1,37.75,93,177,55.25,2439.4375,0
52.25,1,37.75,93,177,55.25,2439.4375,0
52.5,1,38,93,178,55,2493.5625,2
52.75,1,38,93,178,55,2493.5625,2
53,1,38,93,178,55,2493.5625,2
53.25,1,38,93,178,55,2493.5625,2
53.5,1,38.75,93,176,54.25,2547.375,2
53.75,1,38.75,93,176,54.25,2547.375,2
54,1,38.75,93,176,54.25,2547.375,2
54.25,1,38.75,93,176,54.25,2547.375,2
54.5,1,40,93,171,53,2600.625,-2
54.75,1,40,93,171,53,2600.625,-2
55,1,40,93,171,53,2600.625,-2
55.25,1,40,93,171,53,2600.625,-2
55.5,1,40.75,93,170,52.25,2652.8125,1
55.75,1,40.75,93,170,52.25,2652.8125,1
56,1,40.75,93,170,52.25,2652.8125,1
56.25,1,40.75,93,170,52.25,2652.8125,1
56.5,1,42,93,166,51,2704.1875,0
56.75,1,42,93,166,51,2704.1875,0
57,1,42,93,166,51,2704.1875,0
57.25,1,42,93,166,51,2704.1875,0
57.5,1,42.25,93,168,50.75,2754.9375,5
57.75,1,42.25,93,168,50.75,2754.9375,5
58,1,42.25,93,168,50.75,2754.9375,5
58.25,1,42.25,93,168,50.75,2754.9375,5
58.5,1,44.25,93,161,48.75,2804.5,2
58.75,1,44.25,93,161,48.75,2804.5,2
59,1,44.25,93,161,48.75,2804.5,2
59.25,1,44.25,93,161,48.75,2804.5,2
59.5,1,45.25,93,157,47.75,2853.375,0
59.75,1,45.25,93,157,47.75,2853.375,0
60,1,45.25,93,157,47.75,2853.375,0
60.25,1,45.25,93,157,47.75,2853.375,0
60.5,1,45.5,93,158,47.5,2901.375,2
60.75,1,45.5,93,158,47.5,2901.375,2
61,1,45.5,93,158,47.5,2901.375,2
61.25,1,45.5,93,158,47.5,2901.375,2
61.5,1,46.25,93,156,46.75,2948.3125,3
61.75,1,46.25,93,156,46.75,2948.3125,3
62,1,46.25,93,156,46.75,2948.3125,3
62.25,1,46.25,93,156,46.75,2948.3125,3
62.5,1,47.25,93,151,45.75,2994.8125,-2
62.75,1,47.25,93,151,45.75,2994.8125,-2
63,1,47.25,93,151,45.75,2994.8125,-2
63.25,1,47.25,93,151,45.75,2994.8125,-2
63.5,1,48.5,93,147,44.5,3040,-2
63.75,1,48.5,93,147,44.5,3040,-2
64,1,48.5,93,147,44.5,3040,-2
64.25,1,48.5,93,147,44.5,3040,-2
64.5,1,48.75,93,147,44.25,3085.4375,-2
64.75,1,48.75,93,147,44.25,3085.4375,-2
65,1,48.75,93,147,44.25,3085.4375,-2
65.25,1,48.75,93,147,44.25,3085.4375,-2
65.5,1,48.75,93,147,44.25,3085.4375,-2
65.75,1,45.25,93,75,47.75,3152.75,-168
66,1,45.25,93,75,47.75,3152.75,-168
66.25,1,45.25,93,75,47.75,3152.75,-168
66.5,1,45.25,93,75,47.75,3152.75,-168
66.75,1,47.5,93,152,45.5,3198.3125,0
67,1,47.5,93,152,45.5,3198.3125,0
67.25,1,47.5,93,152,45.5,3198.3125,0
67.5,1,47.5,93,152,45.5,3198.3125,0
67.75,1,48.25,93,149,44.75,3243.375,-2
68,1,48.25,93,149,44.75,3243.375,-2
68.25,1,48.25,93,149,44.75,3243.375,-2
68.5,1,48.25,93,149,44.75,3243.375,-2
68.75,1,48.5,93,148,44.5,3288.0625,-2
69,1,48.5,93,148,44.5,3288.0625,-2
69.25,1,48.5,93,148,44.5,3288.0625,-2
69.5,1,48.5,93,148,44.5,3288.0625,-2
69.75,1,49.5,93,147,43.5,3331.8125,0
70,1,49.5,93,147,43.5,3331.8125,0
70.25,1,49.5,93,147,43.5,3331.8125,0
70.5,1,49.5,93,147,43.5,3331.8125,0
70.75,1,49.5,93,148,43.5,3375.125,2
71,1,49.5,93,148,43.5,3375.125,2
71.25,1,49.5,93,148,43.5,3375.125,2
71.5,1,49.5,93,148,43.5,3375.125,2
71.75,1,50.5,93,145,42.5,3417.8125,1
72,1,50.5,93,145,42.5,3417.8125,1
72.25,1,50.5,93,145,42.5,3417.8125,1
72.5,1,50.5,93,145,42.5,3417.8125,1
72.75,1,51.5,93,141,41.5,3459.5,-1
73,1,51.5,93,141,41.5,3459.5,-1
73.25,1,51.5,93,141,41.5,3459.5,-1
73.5,1,51.5,93,141,41.5,3459.5,-1
73.75,1,51.75,93,141,41.25,3500.875,1
74,1,51.75,93,141,41.25,3500.875,1
74.25,1,51.75,93,141,41.25,3500.875,1
74.5,1,51.75,93,141,41.25,3500.875,1
74.75,1,52.75,93,137,40.25,3541.3125,-1
75,1,52.75,93,137,40.25,3541.3125,-1
75.25,1,52.75,93,137,40.25,3541.3125,-1
75.5,1,52.75,93,137,40.25,3541.3125,-1
75.75,1,53.25,93,137,39.75,3581.0625,0
76,1,53.25,93,137,39.75,3581.0625,0
76.25,1,53.25,93,137,39.75,3581.0625,0
76.5,1,53.25,93,137,39.75,3581.0625,0
76.75,1,54,93,134,39,3620.4375,-1
77,1,54,93,134,39,3620.4375,-1
77.25,1,54,93,134,39,3620.4375,-1
77.5,1,54,93,134,39,3620.4375,-1
77.75,1,54.5,93,133,38.5,3659,0
78,1,54.5,93,133,38.5,3659,0
78.25,1,54.5,93,133,38.5,3659,0
78.5,1,54.5,93,133,38.5,3659,0
78.75,1,55.25,93,132,37.75,3696.75,2
79,1,55.25,93,132,37.75,3696.75,2
79.25,1,55.25,93,132,37.75,3696.75,2
79.5,1,55.25,93,132,37.75,3696.75,2
79.75,1,55.75,93,130,37.25,3733.875,0
80,1,55.75,93,130,37.25,3733.875,0
80.25,1,55.75,93,130,37.25,3733.875,0
80.5,1,55.75,93,130,37.25,3733.875,0
80.75,1,55.75,93,130,37.25,3733.875,0
81,1,57,93,126,36,3770.0625,-1
81.25,1,57,93,126,36,3770.0625,-1
81.5,1,57,93,126,36,3770.0625,-1
81.75,1,57.5,93,125,35.5,3805.9375,-1
82,1,57.5,93,125,35.5,3805.9375,-1
82.25,1,57.5,93,125,35.5,3805.9375,-1
82.5,1,57.5,93,125,35.5,3805.9375,-1
82.75,1,58,93,124,35,3841,1
83,1,58,93,124,35,3841,1
83.25,1,58,93,124,35,3841,1
83.5,1,58,93,124,35,3841,1
83.75,1,59,93,120,34,3875.375,-2
84,1,59,93,120,34,3875.375,-2
84.25,1,59,93,120,34,3875.375,-2
84.5,1,59,93,120,34,3875.375,-2
84.75,1,59.75,93,119,33.25,3908.8125,0
85,1,59.75,93,119,33.25,3908.8125,0
85.25,1,59.75,93,119,33.25,3908.8125,0
85.5,1,59.75,93,119,33.25,3908.8125,0
85.75,1,60,93,119,33,3941.75,2
86,1,60,93,119,33,3941.75,2
86.25,1,60,93,119,33,3941.75,2
86.5,1,60,93,119,33,3941.75,2
86.75,1,60.75,93,117,32.25,3974.0625,1
87,1,60.75,93,117,32.25,3974.0625,1
87.25,1,60.75,93,117,32.25,3974.0625,1
87.5,1,61.5,93,114,31.5,4005.6875,-1
87.75,1,61.5,93,114,31.5,4005.6875,-1
88,1,61.5,93,114,31.5,4005.6875,-1
88.25,1,61.5,93,114,31.5,4005.6875,-1
88.5,1,61.75,93,114,31.25,4036.625,2
88.75,1,61.75,93,114,31.25,4036.625,2
89,1,61.75,93,114,31.25,4036.625,2
89.25,1,61.75,93,114,31.25,4036.625,2
89.5,1,63,93,110,30,4066.75,0
89.75,1,63,93,110,30,4066.75,0
90,1,63,93,110,30,4066.75,0
90.25,1,63,93,110,30,4066.75,0
90.5,1,64,93,107,29,4095.9375,0
90.75,1,64,93,107,29,4095.9375,0
91,1,64,93,107,29,4095.9375,0
91.25,1,64,93,107,29,4095.9375,0
91.5,1,65,93,103,28,4124.5,-3
91.75,1,65,93,103,28,4124.5,-3
92,1,65,93,103,28,4124.5,-3
92.25,1,65,93,103,28,4124.5,-3
92.5,1,65.25,93,104,27.75,4152.4375,0
92.75,1,65.25,93,104,27.75,4152.4375,0
93,1,65.25,93,104,27.75,4152.4375,0
93.25,1,65.25,93,104,27.75,4152.4375,0
93.5,1,65.75,93,103,27.25,4179.75,1
93.75,1,65.75,93,103,27.25,4179.75,1
94,1,65.75,93,103,27.25,4179.75,1
94.25,1,65.75,93,103,27.25,4179.75,1
94.5,1,66.75,93,99,26.25,4206.1875,-1
94.75,1,66.75,93,99,26.25,4206.1875,-1
95,1,66.75,93,99,26.25,4206.1875,-1
95.25,1,66.75,93,99,26.25,4206.1875,-1
95.5,1,67.75,93,95,25.25,4232.125,-2
95.75,1,67.75,93,95,25.25,4232.125,-2
96,1,67.75,93,95,25.25,4232.125,-2
96.25,1,67.75,93,95,25.25,4232.125,-2
96.5,1,67.75,93,95,25.25,4232.125,-2
96.75,1,68,93,96,25,4257.25,0
97,1,68,93,96,25,4257.25,0
97.25,1,68,93,96,25,4257.25,0
97.5,1,68.75,93,94,24.25,4281.875,0
97.75,1,68.75,93,94,24.25,4281.875,0
98,1,68.75,93,94,24.25,4281.875,0
98.25,1,68.75,93,94,24.25,4281.875,0
98.5,1,68.75,93,94,24.25,4281.875,0
98.75,1,69.5,93,91,23.5,4305.5625,-1
99,1,69.5,93,91,23.5,4305.5625,-1
99.25,1,69.5,93,91,23.5,4305.5625,-1
99.5,1,70,93,90,23,4328.8125,0
99.75,1,70,93,90,23,4328.8125,0
100,1,70,93,90,23,4328.8125,0
100.25,1,70,93,90,23,4328.8125,0
100.5,1,70.75,93,88,22.25,4351.1875,-1
100.75,1,70.75,93,88,22.25,4351.1875,-1
101,1,70.75,93,88,22.25,4351.1875,-1
101.25,1,70.75,93,88,22.25,4351.1875,-1
101.5,1,70.75,93,88,22.25,4351.1875,-1
101.75,1,71.75,93,85,21.25,4378.125,0
102,1,71.75,93,85,21.25,4378.125,0
102.25,1,71.75,93,85,21.25,4378.125,0
102.5,1,71.75,93,85,21.25,4378.125,0
102.75,1,72.25,93,84,20.75,4398.875,1
103,1,72.25,93,84,20.75,4398.875,1
103.25,1,72.25,93,84,20.75,4398.875,1
103.5,1,72.25,93,84,20.75,4398.875,1
103.75,1,73.25,93,81,19.75,4418.6875,1
104,1,73.25,93,81,19.75,4418.6875,1
104.25,1,73.25,93,81,19.75,4418.6875,1
104.5,1,73.5,93,81,19.5,4438.25,1
104.75,1,73.5,93,81,19.5,4438.25,1
105,1,73.5,93,81,19.5,4438.25,1
105.25,1,73.5,93,81,19.5,4438.25,1
105.5,1,74,93,79,19,4457.1875,0
105.75,1,74,93,79,19,4457.1875,0
106,1,74,93,79,19,4457.1875,0
106.25,1,74,93,79,19,4457.1875,0
106.5,1,74.75,93,76,18.25,4475.5,-2
106.75,1,74.75,93,76,18.25,4475.5,-2
107,1,74.75,93,76,18.25,4475.5,-2
107.25,1,74.75,93,76,18.25,4475.5,-2
107.5,1,75.5,93,75,17.5,4492.9375,1
107.75,1,75.5,93,75,17.5,4492.9375,1
108,1,75.5,93,75,17.5,4492.9375,1
108.25,1,75.5,93,75,17.5,4492.9375,1
108.5,1,76.25,93,71,16.75,4510.125,-2
108.75,1,76.25,93,71,16.75,4510.125,-2
109,1,76.25,93,71,16.75,4510.125,-2
109.25,1,76.25,93,71,16.75,4510.125,-2
109.5,1,76.75,93,70,16.25,4526.625,-1
109.75,1,76.75,93,70,16.25,4526.625,-1
110,1,76.75,93,70,16.25,4526.625,-1
110.25,1,76.75,93,70,16.25,4526.625,-1
110.5,1,77.5,93,68,15.5,4542.3125,-1
110.75,1,77.5,93,68,15.5,4542.3125,-1
111,1,77.5,93,68,15.5,4542.3125,-1
111.25,1,77.5,93,68,15.5,4542.3125,-1
111.5,1,78.5,93,64,14.5,4557.3125,-3
111.75,1,78.5,93,64,14.5,4557.3125,-3
112,1,78.5,93,64,14.5,4557.3125,-3
112.25,1,78.5,93,64,14.5,4557.3125,-3
112.5,1,78.75,93,65,14.25,4571.8125,0
112.75,1,78.75,93,65,14.25,4571.8125,0
113,1,78.75,93,65,14.25,4571.8125,0
113.25,1,78.75,93,65,14.25,4571.8125,0
113.5,1,79.25,93,63,13.75,4585.625,-1
113.75,1,79.25,93,63,13.75,4585.625,-1
114,1,79.25,93,63,13.75,4585.625,-1
114.25,1,79.25,93,63,13.75,4585.625,-1
114.5,1,80,93,61,13,4598.75,0
114.75,1,80,93,61,13,4598.75,0
115,1,80,93,61,13,4598.75,0
115.25,1,80,93,61,13,4598.75,0
115.5,1,80.25,93,61,12.75,4611.5,0
115.75,1,80.25,93,61,12.75,4611.5,0
116,1,80.25,93,61,12.75,4611.5,0
116.25,1,80.25,93,61,12.75,4611.5,0
116.5,1,81.5,93,56,11.5,4623.5625,-3
116.75,1,81.5,93,56,11.5,4623.5625,-3
117,1,81.5,93,56,11.5,4623.5625,-3
117.25,1,81.5,93,56,11.5,4623.5625,-3
117.5,1,81.25,93,59,11.75,4635,3
117.75,1,81.25,93,59,11.75,4635,3
118,1,81.25,93,59,11.75,4635,3
118.25,1,81.25,93,59,11.75,4635,3
118.5,1,82.5,93,54,10.5,4645.625,0
118.75,1,82.5,93,54,10.5,4645.625,0
119,1,82.5,93,54,10.5,4645.625,0
119.25,1,82.5,93,54,10.5,4645.625,0
119.5,1,83.5,93,50,9.5,4655.625,-3
119.75,1,83.5,93,50,9.5,4655.625,-3
120,1,83.5,93,50,9.5,4655.625,-3
120.25,1,83.5,93,50,9.5,4655.625,-3
120.5,1,84,93,49,9,4664.875,-1
120.75,1,84,93,49,9,4664.875,-1
121,1,84,93,49,9,4664.875,-1
121.25,1,84,93,49,9,4664.875,-1
121.5,1,84.25,93,49,8.75,4673.875,-1
121.75,1,84.25,93,49,8.75,4673.875,-1
122,1,84.25,93,49,8.75,4673.875,-1
122.25,1,84.25,93,49,8.75,4673.875,-1
122.5,1,85,93,48,8,4681.9375,2
122.75,1,85,93,48,8,4681.9375,2
123,1,85,93,48,8,4681.9375,2
123.25,1,85,93,48,8,4681.9375,2
123.5,1,85.25,93,46,7.75,4689.625,0
123.75,1,85.25,93,46,7.75,4689.625,0
124,1,85.25,93,46,7.75,4689.625,0
124.25,1,85.25,93,46,7.75,4689.625,0
124.5,1,86,93,44,7,4696.625,0
124.75,1,86,93,44,7,4696.625,0
125,1,86,93,44,7,4696.625,0
125.25,1,86,93,44,7,4696.625,0
125.5,1,86.25,93,44,6.75,4703.3125,1
125.75,1,86.25,93,44,6.75,4703.3125,1
126,1,86.25,93,44,6.75,4703.3125,1
126.25,1,86.25,93,44,6.75,4703.3125,1
126.5,1,87.5,93,38,5.5,4709.3125,-4
126.75,1,87.5,93,38,5.5,4709.3125,-4
127,1,87.5,93,38,5.5,4709.3125,-4
127.25,1,87.5,93,38,5.5,4709.3125,-4
127.5,1,88.25,93,35,4.75,4714.5,-4
127.75,1,88.25,93,35,4.75,4714.5,-4
128,1,88.25,93,35,4.75,4714.5,-4
128.25,1,88.25,93,35,4.75,4714.5,-4
128.5,1,88.75,93,35,4.25,4719.25,-2
128.75,1,88.75,93,35,4.25,4719.25,-2
129,1,88.75,93,35,4.25,4719.25,-2
129.25,1,88.75,93,35,4.25,4719.25,-2
129.5,1,88.75,93,35,4.25,4723.6875,-1
129.75,1,88.75,93,35,4.25,4723.6875,-1
130,1,88.75,93,35,4.25,4723.6875,-1
130.25,1,88.75,93,35,4.25,4723.6875,-1
130.5,1,89.5,93,32,3.5,4727.5625,-3
130.75,1,89.5,93,32,3.5,4727.5625,-3
131,1,89.5,93,32,3.5,4727.5625,-3
131.25,1,89.5,93,32,3.5,4727.5625,-3
131.5,1,89.5,93,32,3.5,4727.5625,-3
131.75,1,90,93,32,3,4730.875,-1
132,1,90,93,32,3,4730.875,-1
132.25,1,90,93,32,3,4730.875,-1
132.5,1,90.25,93,31,2.75,4733.5625,0
132.75,1,90.25,93,31,2.75,4733.5625,0
133,1,90.25,93,31,2.75,4733.5625,0
133.25,1,90.25,93,31,2.75,4733.5625,0
133.5,1,90.75,93,30,2.25,4735.9375,0
133.75,1,90.75,93,30,2.25,4735.9375,0
134,1,90.75,93,30,2.25,4735.9375,0
134.25,1,90.75,93,30,2.25,4735.9375,0
134.5,1,91.25,93,28,1.75,4737.75,0
134.75,1,91.25,93,28,1.75,4737.75,0
135,1,91.25,93,28,1.75,4737.75,0
135.25,1,91.25,93,28,1.75,4737.75,0
135.5,1,92.25,93,24,0.75,4738.9375,-2
135.75,1,92.25,93,24,0.75,4738.9375,-2
136,1,92.25,93,24,0.75,4738.9375,-2
136.25,1,92.25,93,24,0.75,4738.9375,-2
136.5,1,92.25,93,25,0.75,4739.6875,-1
136.75,1,92.25,93,25,0.75,4739.6875,-1
137,1,92.25,93,25,0.75,4739.6875,-1
137.25,1,92.25,93,25,0.75,4739.6875,-1
137.5,1,92.25,93,25,0.75,4739.6875,-1
137.75,1,92.5,93,26,0.5,4740.0625,2
138,1,92.5,93,26,0.5,4740.0625,2
138.25,1,92.5,93,26,0.5,4740.0625,2
138.5,1,92.5,93,26,0.5,4740.0625,2
138.75,1,93,93,24,0,4739.875,1
139,1,93,93,24,0,4739.875,1
139.25,1,93,93,24,0,4739.875,1
139.5,1,93,93,24,0,4739.875,1
139.75,1,94,93,19,-1,4739.0625,-2
140,1,94,93,19,-1,4739.0625,-2
140.25,1,94,93,19,-1,4739.0625,-2
140.5,1,94,93,19,-1,4739.0625,-2
140.75,1,94.5,93,19,-1.5,4737.5,1
141,1,94.5,93,19,-1.5,4737.5,1
141.25,1,94.5,93,19,-1.5,4737.5,1
141.5,1,94.5,93,19,-1.5,4737.5,1
141.75,1,94.5,93,19,-1.5,4737.5,1
142,1,94.75,93,17,-1.75,4736.0625,-1
142.25,1,94.75,93,17,-1.75,4736.0625,-1
142.5,1,94.75,93,17,-1.75,4736.0625,-1
142.75,1,94.75,93,17,-1.75,4736.0625,-1
143,1,95.25,93,16,-2.25,4734,0
143.25,1,95.25,93,16,-2.25,4734,0
143.5,1,95.25,93,16,-2.25,4734,0
143.75,1,95.75,93,14,-2.75,4731.625,-2
144,1,95.75,93,14,-2.75,4731.625,-2
144.25,1,95.75,93,14,-2.75,4731.625,-2
144.5,1,95.75,93,14,-2.75,4731.625,-2
144.75,1,96,93,15,-3,4728.4375,2
145,1,96,93,15,-3,4728.4375,2
145.25,1,96,93,15,-3,4728.4375,2
145.5,1,96,93,15,-3,4728.4375,2
145.75,1,96.25,93,14,-3.25,4724.9375,2
146,1,96.25,93,14,-3.25,4724.9375,2
146.25,1,96.25,93,14,-3.25,4724.9375,2
146.5,1,96.25,93,14,-3.25,4724.9375,2
146.75,1,97.25,93,10,-4.25,4721,0
147,1,97.25,93,10,-4.25,4721,0
147.25,1,97.25,93,10,-4.25,4721,0
147.5,1,97.25,93,10,-4.25,4721,0
147.75,1,97.5,93,9,-4.5,4716.75,-1
148,1,97.5,93,9,-4.5,4716.75,-1
148.25,1,97.5,93,9,-4.5,4716.75,-1
148.5,1,97.5,93,9,-4.5,4716.75,-1
148.75,1,97.5,93,10,-4.5,4712.25,1
149,1,97.5,93,10,-4.5,4712.25,1
149.25,1,97.5,93,10,-4.5,4712.25,1
149.5,1,97.5,93,10,-4.5,4712.25,1
149.75,1,98.5,93,6,-5.5,4707,-1
150,1,98.5,93,6,-5.5,4707,-1
150.25,1,98.5,93,6,-5.5,4707,-1
150.5,1,98.5,93,6,-5.5,4707,-1
150.75,1,98.5,93,7,-5.5,4701.625,0
151,1,98.5,93,7,-5.5,4701.625,0
151.25,1,98.5,93,7,-5.5,4701.625,0
151.5,1,98.5,93,7,-5.5,4701.625,0
151.75,1,99,93,4,-6,4695.75,-1
152,1,99,93,4,-6,4695.75,-1
152.25,1,99,93,4,-6,4695.75,-1
152.5,1,99,93,4,-6,4695.75,-1
152.75,1,99.5,93,3,-6.5,4689.4375,0
153,1,99.5,93,3,-6.5,4689.4375,0
153.25,1,99.5,93,3,-6.5,4689.4375,0
153.5,1,99.5,93,3,-6.5,4689.4375,0
153.75,1,99.5,93,4,-6.5,4682.8125,2
154,1,99.5,93,4,-6.5,4682.8125,2
154.25,1,99.5,93,4,-6.5,4682.8125,2
154.5,1,99.5,93,4,-6.5,4682.8125,2
154.75,1,100.5,93,0,-7.5,4675.75,-1
155,1,100.5,93,0,-7.5,4675.75,-1
155.25,1,100.5,93,0,-7.5,4675.75,-1
155.5,1,100.5,93,0,-7.5,4675.75,-1
155.75,1,100,93,2,-7,4668.6875,0
156,1,100,93,2,-7,4668.6875,0
156.25,1,100,93,2,-7,4668.6875,0
156.5,1,100.5,93,0,-7.5,4661.1875,0
156.75,1,100.5,93,0,-7.5,4661.1875,0
157,1,100.5,93,0,-7.5,4661.1875,0
157.25,1,100.5,93,0,-7.5,4661.1875,0
157.5,1,100.5,93,1,-7.5,4653.3125,2
157.75,1,100.5,93,1,-7.5,4653.3125,2
158,1,100.5,93,1,-7.5,4653.3125,2
158.25,1,100.5,93,1,-7.5,4653.3125,2
158.5,1,100.5,93,1,-7.5,4653.3125,2
158.75,1,101.5,93,0,-8.5,4644.9375,-1
159,1,101.5,93,0,-8.5,4644.9375,-1
159.25,1,101.5,93,0,-8.5,4644.9375,-1
159.5,1,101.75,93,0,-8.75,4636.625,-1
159.75,1,101.75,93,0,-8.75,4636.625,-1
160,1,101.75,93,0,-8.75,4636.625,-1
160.25,1,101.75,93,0,-8.75,4636.625,-1
160.5,1,101.75,93,0,-8.75,4627.8125,1
160.75,1,101.75,93,0,-8.75,4627.8125,1
161,1,101.75,93,0,-8.75,4627.8125,1
161.25,1,101.75,93,0,-8.75,4627.8125,1
161.5,1,102.25,93,0,-9.25,4618.8125,-1
161.75,1,102.25,93,0,-9.25,4618.8125,-1
162,1,102.25,93,0,-9.25,4618.8125,-1
162.25,1,102.25,93,0,-9.25,4618.8125,-1
162.5,1,102,93,0,-9,4609.625,3
162.75,1,102,93,0,-9,4609.625,3
163,1,102,93,0,-9,4609.625,3
163.25,1,102,93,0,-9,4609.625,3
163.5,1,102.5,93,0,-9.5,4600,2
163.75,1,102.5,93,0,-9.5,4600,2
164,1,102.5,93,0,-9.5,4600,2
164.25,1,102.5,93,0,-9.5,4600,2
164.5,1,103.25,93,0,-10.25,4589.875,0
164.75,1,103.25,93,0,-10.25,4589.875,0
165,1,103.25,93,0,-10.25,4589.875,0
165.25,1,103.25,93,0,-10.25,4589.875,0
165.5,1,103.5,93,0,-10.5,4579.6875,-2
165.75,1,103.5,93,0,-10.5,4579.6875,-2
166,1,103.5,93,0,-10.5,4579.6875,-2
166.25,1,103.5,93,0,-10.5,4579.6875,-2
166.5,1,103.25,93,0,-10.25,4569.5625,0
166.75,1,103.25,93,0,-10.25,4569.5625,0
167,1,103.25,93,0,-10.25,4569.5625,0
167.25,1,103.25,93,0,-10.25,4569.5625,0
167.5,1,103.5,93,0,-10.5,4559,0
167.75,1,103.5,93,0,-10.5,4559,0
168,1,103.5,93,0,-10.5,4559,0
168.25,1,103.5,93,0,-10.5,4559,0
168.5,1,103.75,93,0,-10.75,4548.125,1
168.75,1,103.75,93,0,-10.75,4548.125,1
169,1,103.75,93,0,-10.75,4548.125,1
169.25,1,103.75,93,0,-10.75,4548.125,1
169.5,1,103.75,93,0,-10.75,4537.1875,0
169.75,1,103.75,93,0,-10.75,4537.1875,0
170,1,103.75,93,0,-10.75,4537.1875,0
170.25,1,103.75,93,0,-10.75,4537.1875,0
170.5,1,104.5,93,0,-11.5,4526.0625,-1
170.75,1,104.5,93,0,-11.5,4526.0625,-1
171,1,104.5,93,0,-11.5,4526.0625,-1
171.25,1,104.5,93,0,-11.5,4526.0625,-1
171.5,1,104.5,93,0,-11.5,4514.625,1
171.75,1,104.5,93,0,-11.5,4514.625,1
172,1,104.5,93,0,-11.5,4514.625,1
172.25,1,104.5,93,0,-11.5,4514.625,1
172.5,1,104.75,93,0,-11.75,4503,-1
172.75,1,104.75,93,0,-11.75,4503,-1
173,1,104.75,93,0,-11.75,4503,-1
173.25,1,104.75,93,0,-11.75,4503,-1
173.5,1,104.75,93,0,-11.75,4503,-1
173.75,1,105,93,0,-12,4488.5,-3
174,1,105,93,0,-12,4488.5,-3
174.25,1,105,93,0,-12,4488.5,-3
174.5,1,105,93,0,-12,4488.5,-3
174.75,1,105.25,93,0,-12.25,4479.5,-2
175,1,105.25,93,0,-12.25,4479.5,-2
175.25,1,105.25,93,0,-12.25,4479.5,-2
175.5,1,105.25,93,0,-12.25,4479.5,-2
175.75,1,105.25,93,0,-12.25,4464.1875,-1
176,1,105.25,93,0,-12.25,4464.1875,-1
176.25,1,105.25,93,0,-12.25,4464.1875,-1
176.5,1,105.25,93,0,-12.25,4464.1875,-1
176.75,1,105.75,93,0,-12.75,4455,-2
177,1,105.75,93,0,-12.75,4455,-2
177.25,1,105.75,93,0,-12.75,4455,-2
177.5,1,105.75,93,0,-12.75,4455,-2
177.75,1,105.25,93,0,-12.25,4442.5625,0
178,1,105.25,93,0,-12.25,4442.5625,0
178.25,1,105.25,93,0,-12.25,4442.5625,0
178.5,1,105.25,93,0,-12.25,4442.5625,0
178.75,1,105,93,0,-12,4430.125,2
179,1,105,93,0,-12,4430.125,2
179.25,1,105,93,0,-12,4430.125,2
179.5,1,105,93,0,-12,4430.125,2
179.75,1,106,93,0,-13,4417.4375,-1
180,1,106,93,0,-13,4417.4375,-1
180.25,1,106,93,0,-13,4417.4375,-1
180.5,1,106,93,0,-13,4417.4375,-1
180.75,1,106,93,0,-13,4417.4375,-1
181,1,106.25,93,0,-13.25,4404.5,0
181.25,1,106.25,93,0,-13.25,4404.5,0
181.5,1,106.25,93,0,-13.25,4404.5,0
181.75,1,105.75,93,0,-12.75,4391.5625,-1
182,1,105.75,93,0,-12.75,4391.5625,-1
182.25,1,105.75,93,0,-12.75,4391.5625,-1
182.5,1,105.75,93,0,-12.75,4391.5625,-1
182.75,1,106.5,93,0,-13.5,4378.5625,-3
183,1,106.5,93,0,-13.5,4378.5625,-3
183.25,1,106.5,93,0,-13.5,4378.5625,-3
183.5,1,106.5,93,0,-13.5,4378.5625,-3
183.75,1,106.25,93,0,-13.25,4365.3125,1
184,1,106.25,93,0,-13.25,4365.3125,1
184.25,1,106.25,93,0,-13.25,4365.3125,1
184.5,1,106.25,93,0,-13.25,4365.3125,1
184.75,1,106,93,0,-13,4352.0625,1
185,1,106,93,0,-13,4352.0625,1
185.25,1,106,93,0,-13,4352.0625,1
185.5,1,106,93,0,-13,4352.0625,1
185.75,1,106,93,0,-13,4352.0625,1
186,1,106.25,93,0,-13.25,4338.75,2
186.25,1,106.25,93,0,-13.25,4338.75,2
186.5,1,106.25,93,0,-13.25,4338.75,2
186.75,1,106.5,93,0,-13.5,4325.4375,-2
187,1,106.5,93,0,-13.5,4325.4375,-2
187.25,1,106.5,93,0,-13.5,4325.4375,-2
187.5,1,106.5,93,0,-13.5,4325.4375,-2
187.75,1,106.25,93,0,-13.25,4308.5,2
188,1,106.25,93,0,-13.25,4308.5,2
188.25,1,106.25,93,0,-13.25,4308.5,2
188.5,1,106.25,93,0,-13.25,4308.5,2
188.75,1,106.25,93,0,-13.25,4298.4375,1
189,1,106.25,93,0,-13.25,4298.4375,1
189.25,1,106.25,93,0,-13.25,4298.4375,1
189.5,1,106.25,93,0,-13.25,4298.4375,1
189.75,1,106.75,93,0,-13.75,4284.6875,0
190,1,106.75,93,0,-13.75,4284.6875,0
190.25,1,106.75,93,0,-13.75,4284.6875,0
190.5,1,106.75,93,0,-13.75,4284.6875,0
190.75,1,106.5,93,0,-13.5,4271,2
191,1,106.5,93,0,-13.5,4271,2
191.25,1,106.5,93,0,-13.5,4271,2
191.5,1,106.5,93,0,-13.5,4271,2
191.75,1,106.25,93,0,-13.25,4257.5625,1
192,1,106.25,93,0,-13.25,4257.5625,1
192.25,1,106.25,93,0,-13.25,4257.5625,1
192.5,1,106.25,93,0,-13.25,4257.5625,1
192.75,1,107,93,0,-14,4243.6875,-1
193,1,107,93,0,-14,4243.6875,-1
193.25,1,107,93,0,-14,4243.6875,-1
193.5,1,107,93,0,-14,4243.6875,-1
193.75,1,107,93,0,-14,4230.0625,-2
194,1,107,93,0,-14,4230.0625,-2
194.25,1,107,93,0,-14,4230.0625,-2
194.5,1,107,93,0,-14,4230.0625,-2
194.75,1,107,93,0,-14,4216.3125,-2
195,1,107,93,0,-14,4216.3125,-2
195.25,1,107,93,0,-14,4216.3125,-2
195.5,1,107,93,0,-14,4216.3125,-2
195.75,1,106.5,93,0,-13.5,4202.375,2
196,1,106.5,93,0,-13.5,4202.375,2
196.25,1,106.5,93,0,-13.5,4202.375,2
196.5,1,106.5,93,0,-13.5,4202.375,2
196.75,1,107,93,0,-14,4188.5,-2
197,1,107,93,0,-14,4188.5,-2
197.25,1,107,93,0,-14,4188.5,-2
197.5,1,107,93,0,-14,4188.5,-2
197.75,1,107,93,0,-14,4174.8125,-1
198,1,107,93,0,-14,4174.8125,-1
198.25,1,107,93,0,-14,4174.8125,-1
198.5,1,106.75,93,0,-13.75,4161,0
198.75,1,106.75,93,0,-13.75,4161,0
199,1,106.75,93,0,-13.75,4161,0
199.25,1,106.75,93,0,-13.75,4161,0
199.5,1,106.75,93,0,-13.75,4143.9375,-1
199.75,1,106.75,93,0,-13.75,4143.9375,-1
200,1,106.75,93,0,-13.75,4143.9375,-1
200.25,1,106.75,93,0,-13.75,4143.9375,-1
200.5,1,107,93,0,-14,4130.0625,1
200.75,1,107,93,0,-14,4130.0625,1
201,1,107,93,0,-14,4130.0625,1
201.25,1,107,93,0,-14,4130.0625,1
201.5,1,106.25,93,0,-13.25,4116.3125,3
201.75,1,106.25,93,0,-13.25,4116.3125,3
202,1,106.25,93,0,-13.25,4116.3125,3
202.25,1,106.25,93,0,-13.25,4116.3125,3
202.5,1,106.75,93,0,-13.75,4102.4375,2
202.75,1,106.75,93,0,-13.75,4102.4375,2
203,1,106.75,93,0,-13.75,4102.4375,2
203.25,1,106.75,93,0,-13.75,4102.4375,2
203.5,1,106.5,93,0,-13.5,4088.5625,3
203.75,1,106.5,93,0,-13.5,4088.5625,3
204,1,106.5,93,0,-13.5,4088.5625,3
204.25,1,106.5,93,0,-13.5,4088.5625,3
204.5,1,106.5,93,0,-13.5,4088.5625,3
204.75,1,106.25,93,0,-13.25,4075.125,3
205,1,106.25,93,0,-13.25,4075.125,3
205.25,1,106.25,93,0,-13.25,4075.125,3
205.5,1,107,93,0,-14,4061.3125,0
205.75,1,107,93,0,-14,4061.3125,0
206,1,107,93,0,-14,4061.3125,0
206.25,1,107,93,0,-14,4061.3125,0
206.5,1,106.75,93,0,-13.75,4047.4375,2
206.75,1,106.75,93,0,-13.75,4047.4375,2
207,1,106.75,93,0,-13.75,4047.4375,2
207.25,1,106.75,93,0,-13.75,4047.4375,2
207.5,1,106,93,0,-13,4034.125,3
207.75,1,106,93,0,-13,4034.125,3
208,1,106,93,0,-13,4034.125,3
208.25,1,106,93,0,-13,4034.125,3
208.5,1,106,93,0,-13,4034.125,3
208.75,1,106.25,93,0,-13.25,4020.75,1
209,1,106.25,93,0,-13.25,4020.75,1
209.25,1,106.25,93,0,-13.25,4020.75,1
209.5,1,106.25,93,0,-13.25,4020.75,1
209.75,1,106.5,93,0,-13.5,4007.375,-1
210,1,106.5,93,0,-13.5,4007.375,-1
210.25,1,106.5,93,0,-13.5,4007.375,-1
210.5,1,106.5,93,0,-13.5,4007.375,-1
210.75,1,106.75,93,0,-13.75,3993.8125,1
211,1,106.75,93,0,-13.75,3993.8125,1
211.25,1,106.75,93,0,-13.75,3993.8125,1
211.5,1,106.75,93,0,-13.75,3993.8125,1
211.75,1,106.5,93,0,-13.5,3980.3125,1
212,1,106.5,93,0,-13.5,3980.3125,1
212.25,1,106.5,93,0,-13.5,3980.3125,1
212.5,1,106.5,93,0,-13.5,3980.3125,1
212.75,1,106.25,93,0,-13.25,3966.9375,1
213,1,106.25,93,0,-13.25,3966.9375,1
213.25,1,106.25,93,0,-13.25,3966.9375,1
213.5,1,106.25,93,0,-13.25,3966.9375,1
213.75,1,106.5,93,0,-13.5,3953.9375,-5
214,1,106.5,93,0,-13.5,3953.9375,-5
214.25,1,106.5,93,0,-13.5,3953.9375,-5
214.5,1,106.5,93,0,-13.5,3953.9375,-5
214.75,1,106.75,93,0,-13.75,3940.4375,-1
215,1,106.75,93,0,-13.75,3940.4375,-1
215.25,1,106.75,93,0,-13.75,3940.4375,-1
215.5,1,106.75,93,0,-13.75,3940.4375,-1
215.75,1,106.25,93,0,-13.25,3927.3125,-2
216,1,106.25,93,0,-13.25,3927.3125,-2
216.25,1,106.25,93,0,-13.25,3927.3125,-2
216.5,1,106.25,93,0,-13.25,3927.3125,-2
216.75,1,105.75,93,0,-12.75,3914.125,1
217,1,105.75,93,0,-12.75,3914.125,1
217.25,1,105.75,93,0,-12.75,3914.125,1
217.5,1,105.75,93,0,-12.75,3914.125,1
217.75,1,106,93,0,-13,3901.4375,-2
218,1,106,93,0,-13,3901.4375,-2
218.25,1,106,93,0,-13,3901.4375,-2
218.5,1,106,93,0,-13,3901.4375,-2
218.75,1,106,93,0,-13,3901.4375,-2
219,1,106,93,0,-13,3888.625,-2
219.25,1,106,93,0,-13,3888.625,-2
219.5,1,106,93,0,-13,3888.625,-2
219.75,1,105.5,93,0,-12.5,3875.6875,0
220,1,105.5,93,0,-12.5,3875.6875,0
220.25,1,105.5,93,0,-12.5,3875.6875,0
220.5,1,105.5,93,0,-12.5,3875.6875,0
220.75,1,106,93,0,-13,3862.75,0
221,1,106,93,0,-13,3862.75,0
221.25,1,106,93,0,-13,3862.75,0
221.5,1,106,93,0,-13,3862.75,0
221.75,1,105.75,93,0,-12.75,3850,-1
222,1,105.75,93,0,-12.75,3850,-1
222.25,1,105.75,93,0,-12.75,3850,-1
222.5,1,105.75,93,0,-12.75,3850,-1
222.75,1,105.75,93,0,-12.75,3837.5625,-2
223,1,105.75,93,0,-12.75,3837.5625,-2
223.25,1,105.75,93,0,-12.75,3837.5625,-2
223.5,1,105.75,93,0,-12.75,3837.5625,-2
223.75,1,106,93,0,-13,3825.0625,-2
224,1,106,93,0,-13,3825.0625,-2
224.25,1,106,93,0,-13,3825.0625,-2
224.5,1,106,93,0,-13,3825.0625,-2
224.75,1,105.5,93,0,-12.5,3812.6875,-2
225,1,105.5,93,0,-12.5,3812.6875,-2
225.25,1,105.5,93,0,-12.5,3812.6875,-2
225.5,1,105.5,93,0,-12.5,3812.6875,-2
225.75,1,105.5,93,0,-12.5,3800.375,-1
226,1,105.5,93,0,-12.5,3800.375,-1
226.25,1,105.5,93,0,-12.5,3800.375,-1
226.5,1,105.5,93,0,-12.5,3800.375,-1
226.75,1,105.5,93,0,-12.5,3787.9375,-1
227,1,105.5,93,0,-12.5,3787.9375,-1
227.25,1,105.5,93,0,-12.5,3787.9375,-1
227.5,1,105.5,93,0,-12.5,3787.9375,-1
227.75,1,105,93,0,-12,3776.125,0
228,1,105,93,0,-12,3776.125,0
228.25,1,105,93,0,-12,3776.125,0
228.5,1,105,93,0,-12,3776.125,0
228.75,1,105,93,0,-12,3764.3125,-2
229,1,105,93,0,-12,3764.3125,-2
229.25,1,105,93,0,-12,3764.3125,-2
229.5,1,105,93,0,-12,3764.3125,-2
229.75,1,105,93,0,-12,3764.3125,-2
230,1,104.5,93,0,-11.5,3752.5,1
230.25,1,104.5,93,0,-11.5,3752.5,1
230.5,1,104.5,93,0,-11.5,3752.5,1
230.75,1,105,93,0,-12,3740.9375,-2
231,1,105,93,0,-12,3740.9375,-2
231.25,1,105,93,0,-12,3740.9375,-2
231.5,1,105,93,0,-12,3740.9375,-2
231.75,1,104.25,93,0,-11.25,3729.4375,3
232,1,104.25,93,0,-11.25,3729.4375,3
232.25,1,104.25,93,0,-11.25,3729.4375,3
232.5,1,104.25,93,0,-11.25,3729.4375,3
232.75,1,104.25,93,0,-11.25,3718.125,0
233,1,104.25,93,0,-11.25,3718.125,0
233.25,1,104.25,93,0,-11.25,3718.125,0
233.5,1,104.25,93,0,-11.25,3718.125,0
233.75,1,104.75,93,0,-11.75,3706.6875,-2
234,1,104.75,93,0,-11.75,3706.6875,-2
234.25,1,104.75,93,0,-11.75,3706.6875,-2
234.5,1,104.75,93,0,-11.75,3706.6875,-2
234.75,1,104.5,93,0,-11.5,3695.3125,-1
235,1,104.5,93,0,-11.5,3695.3125,-1
235.25,1,104.5,93,0,-11.5,3695.3125,-1
235.5,1,104.5,93,0,-11.5,3695.3125,-1
235.75,1,104.5,93,0,-11.5,3695.3125,-1
236,1,104.5,93,0,-11.5,3684,0
236.25,1,104.5,93,0,-11.5,3684,0
236.5,1,104.5,93,0,-11.5,3684,0
236.75,1,104.25,93,0,-11.25,3673,-1
237,1,104.25,93,0,-11.25,3673,-1
237.25,1,104.25,93,0,-11.25,3673,-1
237.5,1,104.25,93,0,-11.25,3673,-1
237.75,1,103.5,93,0,-10.5,3662.1875,0
238,1,103.5,93,0,-10.5,3662.1875,0
238.25,1,103.5,93,0,-10.5,3662.1875,0
238.5,1,103.5,93,0,-10.5,3662.1875,0
238.75,1,104.25,93,0,-11.25,3651.375,-4
239,1,104.25,93,0,-11.25,3651.375,-4
239.25,1,104.25,93,0,-11.25,3651.375,-4
239.5,1,104.25,93,0,-11.25,3651.375,-4
239.75,1,103.5,93,0,-10.5,3640.75,0
240,1,103.5,93,0,-10.5,3640.75,0
240.25,1,103.5,93,0,-10.5,3640.75,0
240.5,1,103.5,93,0,-10.5,3640.75,0
240.75,1,104,93,0,-11,3629.9375,-1
241,1,104,93,0,-11,3629.9375,-1
241.25,1,104,93,0,-11,3629.9375,-1
241.5,1,104,93,0,-11,3629.9375,-1
241.75,1,103.25,93,0,-10.25,3619.5,1
242,1,103.25,93,0,-10.25,3619.5,1
242.25,1,103.25,93,0,-10.25,3619.5,1
242.5,1,103.25,93,0,-10.25,3619.5,1
242.75,1,103,93,0,-10,3609.3125,0
243,1,103,93,0,-10,3609.3125,0
243.25,1,103,93,0,-10,3609.3125,0
243.5,1,103,93,0,-10,3609.3125,0
243.75,1,103,93,0,-10,3609.3125,0
244,1,103,93,0,-10,3596.6875,2
244.25,1,103,93,0,-10,3596.6875,2
244.5,1,103,93,0,-10,3596.6875,2
244.75,1,103,93,0,-10,3596.6875,2
245,1,103,93,0,-10,3586.9375,-1
245.25,1,103,93,0,-10,3586.9375,-1
245.5,1,103,93,0,-10,3586.9375,-1
245.75,1,103,93,0,-10,3586.9375,-1
246,1,102.5,93,0,-9.5,3577.0625,1
246.25,1,102.5,93,0,-9.5,3577.0625,1
246.5,1,102.5,93,0,-9.5,3577.0625,1
246.75,1,102.5,93,0,-9.5,3577.0625,1
247,1,102.5,93,0,-9.5,3567.3125,2
247.25,1,102.5,93,0,-9.5,3567.3125,2
247.5,1,102.5,93,0,-9.5,3567.3125,2
247.75,1,102.5,93,0,-9.5,3567.3125,2
248,1,102.75,93,0,-9.75,3557.5625,-1
248.25,1,102.75,93,0,-9.75,3557.5625,-1
248.5,1,102.75,93,0,-9.75,3557.5625,-1
248.75,1,102.75,93,0,-9.75,3557.5625,-1
249,1,102.75,93,0,-9.75,3557.5625,-1
249.25,1,102,93,0,-9,3548.125,3
249.5,1,102,93,0,-9,3548.125,3
249.75,1,102,93,0,-9,3548.125,3
250,1,102,93,0,-9,3548.125,3
250.25,1,102.25,93,0,-9.25,3538.9375,0
250.5,1,102.25,93,0,-9.25,3538.9375,0
250.75,1,102.25,93,0,-9.25,3538.9375,0
251,1,102,93,0,-9,3529.875,0
251.25,1,102,93,0,-9,3529.875,0
251.5,1,102,93,0,-9,3529.875,0
251.75,1,102,93,0,-9,3529.875,0
252,1,102.25,93,0,-9.25,3520.8125,-1
252.25,1,102.25,93,0,-9.25,3520.8125,-1
252.5,1,102.25,93,0,-9.25,3520.8125,-1
252.75,1,102.25,93,0,-9.25,3520.8125,-1
253,1,102,93,0,-9,3511.75,0
253.25,1,102,93,0,-9,3511.75,0
253.5,1,102,93,0,-9,3511.75,0
253.75,1,102,93,0,-9,3511.75,0
254,1,101.5,93,0,-8.5,3503,0
254.25,1,101.5,93,0,-8.5,3503,0
254.5,1,101.5,93,0,-8.5,3503,0
254.75,1,101.5,93,0,-8.5,3503,0
255,1,101.25,93,0,-8.25,3494.5,0
255.25,1,101.25,93,0,-8.25,3494.5,0
255.5,1,101.25,93,0,-8.25,3494.5,0
255.75,1,101.25,93,0,-8.25,3494.5,0
256,1,101.5,93,0,-8.5,3486.0625,-2
256.25,1,101.5,93,0,-8.5,3486.0625,-2
256.5,1,101.5,93,0,-8.5,3486.0625,-2
256.75,1,101.5,93,0,-8.5,3486.0625,-2
257,1,101.25,93,0,-8.25,3477.8125,-1
257.25,1,101.25,93,0,-8.25,3477.8125,-1
257.5,1,101.25,93,0,-8.25,3477.8125,-1
257.75,1,101.25,93,0,-8.25,3477.8125,-1
258,1,100.75,93,0,-7.75,3469.9375,1
258.25,1,100.75,93,0,-7.75,3469.9375,1
258.5,1,100.75,93,0,-7.75,3469.9375,1
258.75,1,100.75,93,0,-7.75,3469.9375,1
259,1,100.75,93,0,-7.75,3461.6875,3
259.25,1,100.75,93,0,-7.75,3461.6875,3
259.5,1,100.75,93,0,-7.75,3461.6875,3
259.75,1,100.75,93,0,-7.75,3461.6875,3
260,1,100.75,93,0,-7.75,3453.75,0
260.25,1,100.75,93,0,-7.75,3453.75,0
260.5,1,100.75,93,0,-7.75,3453.75,0
260.75,1,100.75,93,0,-7.75,3453.75,0
261,1,101,93,0,-8,3445.875,1
261.25,1,101,93,0,-8,3445.875,1
261.5,1,101,93,0,-8,3445.875,1
261.75,1,101,93,0,-8,3445.875,1
262,1,100.5,93,0,-7.5,3438.375,-1
262.25,1,100.5,93,0,-7.5,3438.375,-1
262.5,1,100.5,93,0,-7.5,3438.375,-1
262.75,1,100.5,93,0,-7.5,3438.375,-1
263,1,100.25,93,0,-7.25,3430.875,1
263.25,1,100.25,93,0,-7.25,3430.875,1
263.5,1,100.25,93,0,-7.25,3430.875,1
263.75,1,100.25,93,0,-7.25,3430.875,1
264,1,100.25,93,0,-7.25,3423.5625,0
264.25,1,100.25,93,0,-7.25,3423.5625,0
264.5,1,100.25,93,0,-7.25,3423.5625,0
264.75,1,100.25,93,0,-7.25,3423.5625,0
265,1,100,93,0,-7,3416.4375,0
265.25,1,100,93,0,-7,3416.4375,0
265.5,1,100,93,0,-7,3416.4375,0
265.75,1,100,93,0,-7,3416.4375,0
266,1,100,93,0,-7,3409.4375,-1
266.25,1,100,93,0,-7,3409.4375,-1
266.5,1,100,93,0,-7,3409.4375,-1
266.75,1,100,93,0,-7,3409.4375,-1
267,1,99.5,93,0,-6.5,3402.625,2
267.25,1,99.5,93,0,-6.5,3402.625,2
267.5,1,99.5,93,0,-6.5,3402.625,2
267.75,1,99.5,93,0,-6.5,3402.625,2
268,1,99.25,93,0,-6.25,3396,2
268.25,1,99.25,93,0,-6.25,3396,2
268.5,1,99.25,93,0,-6.25,3396,2
268.75,1,99.25,93,0,-6.25,3396,2
269,1,99.75,93,0,-6.75,3389.4375,-2
269.25,1,99.75,93,0,-6.75,3389.4375,-2
269.5,1,99.75,93,0,-6.75,3389.4375,-2
269.75,1,99.75,93,0,-6.75,3389.4375,-2
270,1,99.25,93,0,-6.25,3383.25,-1
270.25,1,99.25,93,0,-6.25,3383.25,-1
270.5,1,99.25,93,0,-6.25,3383.25,-1
270.75,1,99.25,93,0,-6.25,3383.25,-1
271,1,98.75,93,1,-5.75,3376.9375,3
271.25,1,98.75,93,1,-5.75,3376.9375,3
271.5,1,98.75,93,1,-5.75,3376.9375,3
271.75,1,98.75,93,1,-5.75,3376.9375,3
272,1,98.75,93,0,-5.75,3371,1
272.25,1,98.75,93,0,-5.75,3371,1
272.5,1,98.75,93,0,-5.75,3371,1
272.75,1,98.75,93,0,-5.75,3371,1
273,1,99,93,0,-6,3365,0
273.25,1,99,93,0,-6,3365,0
273.5,1,99,93,0,-6,3365,0
273.75,1,99,93,0,-6,3365,0
274,1,98.75,93,0,-5.75,3359.3125,-1
274.25,1,98.75,93,0,-5.75,3359.3125,-1
274.5,1,98.75,93,0,-5.75,3359.3125,-1
274.75,1,98.75,93,0,-5.75,3359.3125,-1
275,1,99,93,0,-6,3353.5,-1
275.25,1,99,93,0,-6,3353.5,-1
275.5,1,99,93,0,-6,3353.5,-1
275.75,1,99,93,0,-6,3353.5,-1
276,1,98,93,2,-5,3348.375,1
276.25,1,98,93,2,-5,3348.375,1
276.5,1,98,93,2,-5,3348.375,1
276.75,1,98,93,2,-5,3348.375,1
277,1,98,93,1,-5,3343.125,0
277.25,1,98,93,1,-5,3343.125,0
277.5,1,98,93,1,-5,3343.125,0
277.75,1,98,93,1,-5,3343.125,0
278,1,98,93,1,-5,3343.125,0
278.25,1,97.75,93,3,-4.75,3336.5625,2
278.5,1,97.75,93,3,-4.75,3336.5625,2
278.75,1,97.75,93,3,-4.75,3336.5625,2
279,1,97.75,93,3,-4.75,3336.5625,2
279.25,1,97.75,93,2,-4.75,3331.5625,1
279.5,1,97.75,93,2,-4.75,3331.5625,1
279.75,1,97.75,93,2,-4.75,3331.5625,1
280,1,97.75,93,2,-4.75,3331.5625,1
280.25,1,98.25,93,0,-5.25,3326.5625,-4
280.5,1,98.25,93,0,-5.25,3326.5625,-4
280.75,1,98.25,93,0,-5.25,3326.5625,-4
281,1,98.25,93,0,-5.25,3326.5625,-4
281.25,1,98.25,93,0,-5.25,3326.5625,-4
281.5,1,98.25,93,0,-5.25,3326.5625,-4
281.75,1,97.75,93,2,-4.75,3319.25,1
282,1,97.75,93,2,-4.75,3319.25,1
282.25,1,97.25,93,4,-4.25,3317,2
282.5,1,97.25,93,4,-4.25,3317,2
282.75,1,97.25,93,4,-4.25,3317,2
283,1,97.25,93,4,-4.25,3317,2
283.25,1,97.75,93,1,-4.75,3312.625,-1
283.5,1,97.75,93,1,-4.75,3312.625,-1
283.75,1,97.75,93,1,-4.75,3312.625,-1
284,1,97.75,93,1,-4.75,3312.625,-1
284.25,1,97,93,4,-4,3308.4375,0
284.5,1,97,93,4,-4,3308.4375,0
284.75,1,97,93,4,-4,3308.4375,0
285,1,97,93,4,-4,3308.4375,0
285.25,1,96.5,93,6,-3.5,3304.625,0
285.5,1,96.5,93,6,-3.5,3304.625,0
285.75,1,96.5,93,6,-3.5,3304.625,0
286,1,96.5,93,6,-3.5,3304.625,0
286.25,1,97,93,4,-4,3300.6875,0
286.5,1,97,93,4,-4,3300.6875,0
286.75,1,97,93,4,-4,3300.6875,0
287,1,97,93,4,-4,3300.6875,0
287.25,1,97,93,3,-4,3297,-1
287.5,1,97,93,3,-4,3297,-1
287.75,1,97,93,3,-4,3297,-1
288,1,97,93,3,-4,3297,-1
288.25,1,96,93,8,-3,3293.3125,2
288.5,1,96,93,8,-3,3293.3125,2
288.75,1,96,93,8,-3,3293.3125,2
289,1,96,93,8,-3,3293.3125,2
289.25,1,96.75,93,4,-3.75,3289.875,-1
289.5,1,96.75,93,4,-3.75,3289.875,-1
289.75,1,96.75,93,4,-3.75,3289.875,-1
290,1,96.75,93,4,-3.75,3289.875,-1
290.25,1,96.25,93,6,-3.25,3286.375,0
290.5,1,96.25,93,6,-3.25,3286.375,0
290.75,1,96.25,93,6,-3.25,3286.375,0
291,1,96.25,93,6,-3.25,3286.375,0
291.25,1,96.5,93,4,-3.5,3283.1875,-2
291.5,1,96.5,93,4,-3.5,3283.1875,-2
291.75,1,96.5,93,4,-3.5,3283.1875,-2
292,1,96.5,93,4,-3.5,3283.1875,-2
292.25,1,95.75,93,8,-2.75,3280.25,1
292.5,1,95.75,93,8,-2.75,3280.25,1
292.75,1,95.75,93,8,-2.75,3280.25,1
293,1,95.75,93,8,-2.75,3280.25,1
293.25,1,95.5,93,9,-2.5,3277.5,2
293.5,1,95.5,93,9,-2.5,3277.5,2
293.75,1,95.5,93,9,-2.5,3277.5,2
294,1,95.5,93,9,-2.5,3277.5,2
294.25,1,95.25,93,9,-2.25,3274.9375,0
294.5,1,95.25,93,9,-2.25,3274.9375,0
294.75,1,95.25,93,9,-2.25,3274.9375,0
295,1,95.25,93,9,-2.25,3274.9375,0
295.25,1,95.5,93,8,-2.5,3272.3125,0
295.5,1,95.5,93,8,-2.5,3272.3125,0
295.75,1,95.5,93,8,-2.5,3272.3125,0
296,1,95.5,93,8,-2.5,3272.3125,0
296.25,1,95.5,93,8,-2.5,3270,0
296.5,1,95.5,93,8,-2.5,3270,0
296.75,1,95.5,93,8,-2.5,3270,0
297,1,95.5,93,8,-2.5,3270,0
297.25,1,95,93,11,-2,3267.8125,2
297.5,1,95,93,11,-2,3267.8125,2
297.75,1,95,93,11,-2,3267.8125,2
298,1,95,93,11,-2,3267.8125,2
298.25,1,95,93,9,-2,3265.75,-1
298.5,1,95,93,9,-2,3265.75,-1
298.75,1,95,93,9,-2,3265.75,-1
299,1,95,93,9,-2,3265.75,-1
299.25,1,95,93,10,-2,3263.8125,0
299.5,1,95,93,10,-2,3263.8125,0
299.75,1,95,93,10,-2,3263.8125,0
300,1,95,93,10,-2,3263.8125,0
300.25,1,95,93,9,-2,3261.875,-1
300.5,1,95,93,9,-2,3261.875,-1
300.75,1,95,93,9,-2,3261.875,-1
301,1,95,93,9,-2,3261.875,-1
301.25,1,94.5,93,11,-1.5,3260.1875,-1
301.5,1,94.5,93,11,-1.5,3260.1875,-1
301.75,1,94.5,93,11,-1.5,3260.1875,-1
302,1,94.5,93,11,-1.5,3260.1875,-1
302.25,1,94.75,93,10,-1.75,3258.4375,-1
302.5,1,94.75,93,10,-1.75,3258.4375,-1
302.75,1,94.75,93,10,-1.75,3258.4375,-1
303,1,94.75,93,10,-1.75,3258.4375,-1
303.25,1,94.25,93,12,-1.25,3257.3125,0
303.5,1,94.25,93,12,-1.25,3257.3125,0
303.75,1,94.25,93,12,-1.25,3257.3125,0
304,1,94.25,93,12,-1.25,3257.3125,0
304.25,1,94.25,93,11,-1.25,3256.125,-2
304.5,1,94.25,93,11,-1.25,3256.125,-2
304.75,1,94.25,93,11,-1.25,3256.125,-2
305,1,94.25,93,11,-1.25,3256.125,-2
305.25,1,93.5,93,15,-0.5,3255.375,1
305.5,1,93.5,93,15,-0.5,3255.375,1
305.75,1,93.5,93,15,-0.5,3255.375,1
306,1,93.5,93,15,-0.5,3255.375,1
306.25,1,93.5,93,15,-0.5,3255.375,1
306.5,1,93.75,93,14,-0.75,3254.5,1
306.75,1,93.75,93,14,-0.75,3254.5,1
307,1,93.75,93,14,-0.75,3254.5,1
307.25,1,93.75,93,14,-0.75,3253.625,1
307.5,1,93.75,93,14,-0.75,3253.625,1
307.75,1,93.75,93,14,-0.75,3253.625,1
308,1,93.75,93,14,-0.75,3253.625,1
308.25,1,93.5,93,15,-0.5,3252.9375,1
308.5,1,93.5,93,15,-0.5,3252.9375,1
308.75,1,93.5,93,15,-0.5,3252.9375,1
309,1,93.5,93,15,-0.5,3252.9375,1
309.25,1,93.25,93,15,-0.25,3252.6875,-1
309.5,1,93.25,93,15,-0.25,3252.6875,-1
309.75,1,93.25,93,15,-0.25,3252.6875,-1
310,1,93.25,93,15,-0.25,3252.6875,-1
310.25,1,93.75,93,13,-0.75,3252.375,-1
310.5,1,93.75,93,13,-0.75,3252.375,-1
310.75,1,93.75,93,13,-0.75,3252.375,-1
311,1,93.75,93,13,-0.75,3252.375,-1
311.25,1,93,93,16,0,3252.1875,1
311.5,1,93,93,16,0,3252.1875,1
311.75,1,93,93,16,0,3252.1875,1
312,1,93,93,16,0,3252.1875,1
312.25,1,93,93,15,0,3252.25,-1
312.5,1,93,93,15,0,3252.25,-1
312.75,1,93,93,15,0,3252.25,-1
313,1,93,93,15,0,3252.25,-1
313.25,1,92.75,93,17,0.25,3252.375,0
313.5,1,92.75,93,17,0.25,3252.375,0
313.75,1,92.75,93,17,0.25,3252.375,0
314,1,92.75,93,17,0.25,3252.375,0
314.25,1,92.75,93,17,0.25,3252.625,0
314.5,1,92.75,93,17,0.25,3252.625,0
314.75,1,92.75,93,17,0.25,3252.625,0
315,1,92.75,93,17,0.25,3252.625,0
315.25,1,92.75,93,17,0.25,3252.625,0
315.5,1,92.5,93,18,0.5,3253.3125,1
315.75,1,92.5,93,18,0.5,3253.3125,1
316,1,92.5,93,18,0.5,3253.3125,1
316.25,1,92.5,93,18,0.5,3253.3125,1
316.5,1,92.5,93,18,0.5,3253.6875,1
316.75,1,92.5,93,18,0.5,3253.6875,1
317,1,92.5,93,18,0.5,3253.6875,1
317.25,1,92.5,93,18,0.5,3253.6875,1
317.5,1,92.75,93,15,0.25,3254.375,-3
317.75,1,92.75,93,15,0.25,3254.375,-3
318,1,92.75,93,15,0.25,3254.375,-3
318.25,1,92.75,93,15,0.25,3254.375,-3
318.5,1,92.5,93,17,0.5,3255.0625,-1
318.75,1,92.5,93,17,0.5,3255.0625,-1
319,1,92.5,93,17,0.5,3255.0625,-1
319.25,1,92.5,93,17,0.5,3255.0625,-1
319.5,1,92.25,93,18,0.75,3255.8125,-1
319.75,1,92.25,93,18,0.75,3255.8125,-1
320,1,92.25,93,18,0.75,3255.8125,-1
320.25,1,92.25,93,18,0.75,3255.8125,-1
320.5,1,92,93,18,1,3256.8125,-1
320.75,1,92,93,18,1,3256.8125,-1
321,1,92,93,18,1,3256.8125,-1
321.25,1,92,93,18,1,3256.8125,-1
321.5,1,91.75,93,21,1.25,3257.75,2
321.75,1,91.75,93,21,1.25,3257.75,2
322,1,91.75,93,21,1.25,3257.75,2
322.25,1,91.75,93,21,1.25,3257.75,2
322.5,1,92,93,18,1,3258.875,-1
322.75,1,92,93,18,1,3258.875,-1
323,1,92,93,18,1,3258.875,-1
323.25,1,92,93,18,1,3258.875,-1
323.5,1,91.5,93,20,1.5,3260.1875,0
323.75,1,91.5,93,20,1.5,3260.1875,0
324,1,91.5,93,20,1.5,3260.1875,0
324.25,1,91.5,93,20,1.5,3260.1875,0
324.5,1,91.5,93,21,1.5,3261.4375,2
324.75,1,91.5,93,21,1.5,3261.4375,2
325,1,91.5,93,21,1.5,3261.4375,2
325.25,1,91.5,93,21,1.5,3261.4375,2
325.5,1,91.25,93,21,1.75,3263,0
325.75,1,91.25,93,21,1.75,3263,0
326,1,91.25,93,21,1.75,3263,0
326.25,1,91.25,93,21,1.75,3263,0
326.5,1,91.25,93,21,1.75,3263,0
326.75,1,91.75,93,19,1.25,3264.4375,-2
327,1,91.75,93,19,1.25,3264.4375,-2
327.25,1,91.75,93,19,1.25,3264.4375,-2
327.5,1,91.25,93,20,1.75,3266.5,-2
327.75,1,91.25,93,20,1.75,3266.5,-2
328,1,91.25,93,20,1.75,3266.5,-2
328.25,1,91.25,93,20,1.75,3266.5,-2
328.5,1,90.75,93,25,2.25,3268.125,4
328.75,1,90.75,93,25,2.25,3268.125,4
329,1,90.75,93,25,2.25,3268.125,4
329.25,1,90.75,93,25,2.25,3268.125,4
329.5,1,91.25,93,21,1.75,3270,0
329.75,1,91.25,93,21,1.75,3270,0
330,1,91.25,93,21,1.75,3270,0
330.25,1,91.25,93,21,1.75,3270,0
330.5,1,91.5,93,20,1.5,3271.75,0
330.75,1,91.5,93,20,1.5,3271.75,0
331,1,91.5,93,20,1.5,3271.75,0
331.25,1,91.5,93,20,1.5,3271.75,0
331.5,1,91.25,93,20,1.75,3273.8125,-2
331.75,1,91.25,93,20,1.75,3273.8125,-2
332,1,91.25,93,20,1.75,3273.8125,-2
332.25,1,91.25,93,20,1.75,3273.8125,-2
332.5,1,91,93,21,2,3275.9375,-1
332.75,1,91,93,21,2,3275.9375,-1
333,1,91,93,21,2,3275.9375,-1
333.25,1,91,93,21,2,3275.9375,-1
333.5,1,91,93,22,2,3278.0625,0
333.75,1,91,93,22,2,3278.0625,0
334,1,91,93,22,2,3278.0625,0
334.25,1,91,93,22,2,3278.0625,0
334.5,1,90.75,93,23,2.25,3280.125,1
334.75,1,90.75,93,23,2.25,3280.125,1
335,1,90.75,93,23,2.25,3280.125,1
335.25,1,90.75,93,23,2.25,3280.125,1
335.5,1,90.75,93,24,2.25,3282.1875,2
335.75,1,90.75,93,24,2.25,3282.1875,2
336,1,90.75,93,24,2.25,3282.1875,2
336.25,1,90.75,93,24,2.25,3282.1875,2
336.5,1,90.75,93,23,2.25,3284.375,0
336.75,1,90.75,93,23,2.25,3284.375,0
337,1,90.75,93,23,2.25,3284.375,0
337.25,1,90.75,93,23,2.25,3284.375,0
337.5,1,90.5,93,24,2.5,3286.6875,2
337.75,1,90.5,93,24,2.5,3286.6875,2
338,1,90.5,93,24,2.5,3286.6875,2
338.25,1,90.5,93,24,2.5,3286.6875,2
338.5,1,90.25,93,26,2.75,3288.5,3
338.75,1,90.25,93,26,2.75,3288.5,3
339,1,90.25,93,26,2.75,3288.5,3
339.25,1,90.25,93,26,2.75,3288.5,3
339.5,1,91,93,21,2,3291.375,-2
339.75,1,91,93,21,2,3291.375,-2
340,1,91,93,21,2,3291.375,-2
340.25,1,91,93,21,2,3291.375,-2
340.5,1,90.5,93,24,2.5,3293.8125,2
340.75,1,90.5,93,24,2.5,3293.8125,2
341,1,90.5,93,24,2.5,3293.8125,2
341.25,1,90.5,93,24,2.5,3293.8125,2
341.5,1,90.25,93,25,2.75,3296.4375,2
341.75,1,90.25,93,25,2.75,3296.4375,2
342,1,90.25,93,25,2.75,3296.4375,2
342.25,1,90.25,93,25,2.75,3296.4375,2
342.5,1,90.75,93,22,2.25,3299,-1
342.75,1,90.75,93,22,2.25,3299,-1
343,1,90.75,93,22,2.25,3299,-1
343.25,1,90.75,93,22,2.25,3299,-1
343.5,1,90.5,93,24,2.5,3301.0625,0
343.75,1,90.5,93,24,2.5,3301.0625,0
344,1,90.5,93,24,2.5,3301.0625,0
344.25,1,90.5,93,24,2.5,3301.0625,0
344.5,1,89.75,93,28,3.25,3304.625,4
344.75,1,89.75,93,28,3.25,3304.625,4
345,1,89.75,93,28,3.25,3304.625,4
345.25,1,89.75,93,28,3.25,3304.625,4
345.5,1,90.25,93,24,2.75,3307.375,0
345.75,1,90.25,93,24,2.75,3307.375,0
346,1,90.25,93,24,2.75,3307.375,0
346.25,1,90.25,93,24,2.75,3307.375,0
346.5,1,90.5,93,23,2.5,3310.125,-1
346.75,1,90.5,93,23,2.5,3310.125,-1
347,1,90.5,93,23,2.5,3310.125,-1
347.25,1,90.5,93,23,2.5,3310.125,-1
347.5,1,90.25,93,24,2.75,3312.875,-1
347.75,1,90.25,93,24,2.75,3312.875,-1
348,1,90.25,93,24,2.75,3312.875,-1
348.25,1,90.25,93,24,2.75,3312.875,-1
348.5,1,89.75,93,26,3.25,3316,1
348.75,1,89.75,93,26,3.25,3316,1
349,1,89.75,93,26,3.25,3316,1
349.25,1,89.75,93,26,3.25,3316,1
349.5,1,90,93,25,3,3319,0
349.75,1,90,93,25,3,3319,0
350,1,90,93,25,3,3319,0
350.25,1,90,93,25,3,3319,0
350.5,1,90.25,93,24,2.75,3322,-1
350.75,1,90.25,93,24,2.75,3322,-1
351,1,90.25,93,24,2.75,3322,-1
351.25,1,90.25,93,24,2.75,3322,-1
351.5,1,90.25,93,25,2.75,3324.625,1
351.75,1,90.25,93,25,2.75,3324.625,1
352,1,90.25,93,25,2.75,3324.625,1
352.25,1,90.25,93,25,2.75,3324.625,1
352.5,1,90.5,93,23,2.5,3327.4375,-1
352.75,1,90.5,93,23,2.5,3327.4375,-1
353,1,90.5,93,23,2.5,3327.4375,-1
353.25,1,90.5,93,23,2.5,3327.4375,-1
353.5,1,90.5,93,23,2.5,3327.4375,-1
353.75,1,90,93,25,3,3330.5625,0
354,1,90,93,25,3,3330.5625,0
354.25,1,90,93,25,3,3330.5625,0
354.5,1,90,93,25,3,3330.5625,0
354.75,1,89.75,93,26,3.25,3333.6875,0
355,1,89.75,93,26,3.25,3333.6875,0
355.25,1,89.75,93,26,3.25,3333.6875,0
355.5,1,89.75,93,26,3.25,3333.6875,0
355.75,1,89.75,93,26,3.25,3333.6875,0
356,1,90,93,24,3,3336.875,-2
356.25,1,90,93,24,3,3336.875,-2
356.5,1,90,93,24,3,3336.875,-2
356.75,1,90,93,25,3,3339.9375,-1
357,1,90,93,25,3,3339.9375,-1
357.25,1,90,93,25,3,3339.9375,-1
357.5,1,90,93,25,3,3339.9375,-1
357.75,1,90,93,25,3,3343.0625,0
358,1,90,93,25,3,3343.0625,0
358.25,1,90,93,25,3,3343.0625,0
358.5,1,90,93,25,3,3343.0625,0
358.75,1,89.5,93,28,3.5,3346.25,2
359,1,89.5,93,28,3.5,3346.25,2
359.25,1,89.5,93,28,3.5,3346.25,2
359.5,1,89.5,93,28,3.5,3346.25,2
359.75,1,90,93,25,3,3349.4375,-1
360,1,90,93,25,3,3349.4375,-1
360.25,1,90,93,25,3,3349.4375,-1
360.5,1,90,93,25,3,3349.4375,-1
360.75,1,90,93,25,3,3349.4375,-1
361,1,89.75,93,27,3.25,3352.75,1
361.25,1,89.75,93,27,3.25,3352.75,1
361.5,1,89.75,93,27,3.25,3352.75,1
361.75,1,89.5,93,26,3.5,3356.9375,-1
362,1,89.5,93,26,3.5,3356.9375,-1
362.25,1,89.5,93,26,3.5,3356.9375,-1
362.5,1,89.5,93,26,3.5,3356.9375,-1
362.75,1,89.75,93,27,3.25,3359.25,1
363,1,89.75,93,27,3.25,3359.25,1
363.25,1,89.75,93,27,3.25,3359.25,1
363.5,1,89.75,93,27,3.25,3359.25,1
363.75,1,89.75,93,27,3.25,3362.5,2
364,1,89.75,93,27,3.25,3362.5,2
364.25,1,89.75,93,27,3.25,3362.5,2
364.5,1,89.75,93,27,3.25,3362.5,2
364.75,1,89.75,93,26,3.25,3365.6875,0
365,1,89.75,93,26,3.25,3365.6875,0
365.25,1,89.75,93,26,3.25,3365.6875,0
365.5,1,89.75,93,26,3.25,3365.6875,0
365.75,1,90,93,25,3,3368.75,0
366,1,90,93,25,3,3368.75,0
366.25,1,90,93,25,3,3368.75,0
366.5,1,90,93,25,3,3368.75,0
366.75,1,89.25,93,28,3.75,3372.3125,1
367,1,89.25,93,28,3.75,3372.3125,1
367.25,1,89.25,93,28,3.75,3372.3125,1
367.5,1,89.25,93,28,3.75,3372.3125,1
367.75,1,89.25,93,28,3.75,3372.3125,1
368,1,89.5,93,28,3.5,3375.5,2
368.25,1,89.5,93,28,3.5,3375.5,2
368.5,1,89.5,93,28,3.5,3375.5,2
368.75,1,89.5,93,26,3.5,3378.875,-1
369,1,89.5,93,26,3.5,3378.875,-1
369.25,1,89.5,93,26,3.5,3378.875,-1
369.5,1,89.5,93,26,3.5,3378.875,-1
369.75,1,89.25,93,27,3.75,3382.4375,-1
370,1,89.25,93,27,3.75,3382.4375,-1
370.25,1,89.25,93,27,3.75,3382.4375,-1
370.5,1,89.25,93,27,3.75,3382.4375,-1
370.75,1,89.5,93,27,3.5,3385.875,1
371,1,89.5,93,27,3.5,3385.875,1
371.25,1,89.5,93,27,3.5,3385.875,1
371.5,1,89.5,93,27,3.5,3385.875,1
371.75,1,89.5,93,28,3.5,3389.125,2
372,1,89.5,93,28,3.5,3389.125,2
372.25,1,89.5,93,28,3.5,3389.125,2
372.5,1,89.5,93,28,3.5,3389.125,2
372.75,1,89.5,93,27,3.5,3392.5625,0
373,1,89.5,93,27,3.5,3392.5625,0
373.25,1,89.5,93,27,3.5,3392.5625,0
373.5,1,89.5,93,27,3.5,3392.5625,0
373.75,1,90,93,25,3,3395.6875,0
374,1,90,93,25,3,3395.6875,0
374.25,1,90,93,25,3,3395.6875,0
374.5,1,90,93,25,3,3395.6875,0
374.75,1,89.25,93,28,3.75,3399.25,0
375,1,89.25,93,28,3.75,3399.25,0
375.25,1,89.25,93,28,3.75,3399.25,0
375.5,1,89.25,93,28,3.75,3399.25,0
375.75,1,89.75,93,27,3.25,3402.4375,1
376,1,89.75,93,27,3.25,3402.4375,1
376.25,1,89.75,93,27,3.25,3402.4375,1
376.5,1,89.75,93,27,3.25,3402.4375,1
376.75,1,90,93,26,3,3405.5625,0
377,1,90,93,26,3,3405.5625,0
377.25,1,90,93,26,3,3405.5625,0
377.5,1,90,93,26,3,3405.5625,0
377.75,1,90.25,93,24,2.75,3408.75,-2
378,1,90.25,93,24,2.75,3408.75,-2
378.25,1,90.25,93,24,2.75,3408.75,-2
378.5,1,90.25,93,24,2.75,3408.75,-2
378.75,1,89.75,93,26,3.25,3411.9375,-1
379,1,89.75,93,26,3.25,3411.9375,-1
379.25,1,89.75,93,26,3.25,3411.9375,-1
379.5,1,89.75,93,26,3.25,3411.9375,-1
379.75,1,89.5,93,27,3.5,3415.375,-1
380,1,89.5,93,27,3.5,3415.375,-1
380.25,1,89.5,93,27,3.5,3415.375,-1
380.5,1,89.5,93,27,3.5,3415.375,-1
380.75,1,89.25,93,28,3.75,3419.0625,1
381,1,89.25,93,28,3.75,3419.0625,1
381.25,1,89.25,93,28,3.75,3419.0625,1
381.5,1,89.25,93,28,3.75,3419.0625,1
381.75,1,89.75,93,26,3.25,3423.1875,-1
382,1,89.75,93,26,3.25,3423.1875,-1
382.25,1,89.75,93,26,3.25,3423.1875,-1
382.5,1,89.75,93,26,3.25,3423.1875,-1
382.75,1,89.25,93,29,3.75,3426.4375,3
383,1,89.25,93,29,3.75,3426.4375,3
383.25,1,89.25,93,29,3.75,3426.4375,3
383.5,1,89.25,93,29,3.75,3426.4375,3
383.75,1,89.75,93,26,3.25,3428.875,-1
384,1,89.75,93,26,3.25,3428.875,-1
384.25,1,89.75,93,26,3.25,3428.875,-1
384.5,1,89.75,93,26,3.25,3428.875,-1
384.75,1,89.75,93,26,3.25,3432.875,0
385,1,89.75,93,26,3.25,3432.875,0
385.25,1,89.75,93,26,3.25,3432.875,0
385.5,1,89.75,93,26,3.25,3432.875,0
385.75,1,89.5,93,27,3.5,3436.4375,0
386,1,89.5,93,27,3.5,3436.4375,0
386.25,1,89.5,93,27,3.5,3436.4375,0
386.5,1,89.5,93,27,3.5,3436.4375,0
386.75,1,89.5,93,29,3.5,3439.625,3
387,1,89.5,93,29,3.5,3439.625,3
387.25,1,89.5,93,29,3.5,3439.625,3
387.5,1,89.5,93,29,3.5,3439.625,3
387.75,1,90.25,93,25,2.75,3442.8125,0
388,1,90.25,93,25,2.75,3442.8125,0
388.25,1,90.25,93,25,2.75,3442.8125,0
388.5,1,90.25,93,25,2.75,3442.8125,0
388.75,1,90,93,25,3,3446.125,-1
389,1,90,93,25,3,3446.125,-1
389.25,1,90,93,25,3,3446.125,-1
389.5,1,90,93,25,3,3446.125,-1
389.75,1,90.25,93,24,2.75,3449.375,-1
390,1,90.25,93,24,2.75,3449.375,-1
390.25,1,90.25,93,24,2.75,3449.375,-1
390.5,1,90.25,93,24,2.75,3449.375,-1
390.75,1,90.25,93,24,2.75,3449.375,-1
391,1,90.25,93,25,2.75,3452.25,0
391.25,1,90.25,93,25,2.75,3452.25,0
391.5,1,90.25,93,25,2.75,3452.25,0
391.75,1,90.25,93,25,2.75,3452.25,0
392,1,89.5,93,26,3.5,3455.8125,-2
392.25,1,89.5,93,26,3.5,3455.8125,-2
392.5,1,89.5,93,26,3.5,3455.8125,-2
392.75,1,89.5,93,26,3.5,3455.8125,-2
393,1,90,93,25,3,3459,-1
393.25,1,90,93,25,3,3459,-1
393.5,1,90,93,25,3,3459,-1
393.75,1,90,93,25,3,3459,-1
394,1,90,93,26,3,3462.0625,0
394.25,1,90,93,26,3,3462.0625,0
394.5,1,90,93,26,3,3462.0625,0
394.75,1,90,93,26,3,3462.0625,0
395,1,90,93,25,3,3465.3125,-1
395.25,1,90,93,25,3,3465.3125,-1
395.5,1,90,93,25,3,3465.3125,-1
395.75,1,90,93,25,3,3465.3125,-1
396,1,90,93,25,3,3465.3125,-1
396.25,1,90.25,93,25,2.75,3468.25,0
396.5,1,90.25,93,25,2.75,3468.25,0
396.75,1,90.25,93,25,2.75,3468.25,0
397,1,90,93,26,3,3471.3125,0
397.25,1,90,93,26,3,3471.3125,0
397.5,1,90,93,26,3,3471.3125,0
397.75,1,90,93,26,3,3471.3125,0
398,1,90,93,26,3,3471.3125,0
398.25,1,90.25,93,25,2.75,3474.375,-1
398.5,1,90.25,93,25,2.75,3474.375,-1
398.75,1,90.25,93,25,2.75,3474.375,-1
399,1,90,93,26,3,3477.375,1
399.25,1,90,93,26,3,3477.375,1
399.5,1,90,93,26,3,3477.375,1
399.75,1,90,93,26,3,3477.375,1
400,1,90,93,25,3,3480.25,-1
400.25,1,90,93,25,3,3480.25,-1
400.5,1,90,93,25,3,3480.25,-1
400.75,1,90,93,25,3,3480.25,-1
401,1,90,93,26,3,3483,1
401.25,1,90,93,26,3,3483,1
401.5,1,90,93,26,3,3483,1
401.75,1,90,93,26,3,3483,1
402,1,90.25,93,25,2.75,3485.8125,0
402.25,1,90.25,93,25,2.75,3485.8125,0
402.5,1,90.25,93,25,2.75,3485.8125,0
402.75,1,90.25,93,25,2.75,3485.8125,0
403,1,89.5,93,29,3.5,3488.8125,3
403.25,1,89.5,93,29,3.5,3488.8125,3
403.5,1,89.5,93,29,3.5,3488.8125,3
403.75,1,89.5,93,29,3.5,3488.8125,3
404,1,90,93,26,3,3491.6875,1
404.25,1,90,93,26,3,3491.6875,1
404.5,1,90,93,26,3,3491.6875,1
404.75,1,90,93,26,3,3491.6875,1
405,1,90.5,93,24,2.5,3494.25,0
405.25,1,90.5,93,24,2.5,3494.25,0
405.5,1,90.5,93,24,2.5,3494.25,0
405.75,1,90.5,93,24,2.5,3494.25,0
406,1,90,93,26,3,3497,0
406.25,1,90,93,26,3,3497,0
406.5,1,90,93,26,3,3497,0
406.75,1,90,93,26,3,3497,0
407,1,90.5,93,24,2.5,3499.5,-1
407.25,1,90.5,93,24,2.5,3499.5,-1
407.5,1,90.5,93,24,2.5,3499.5,-1
407.75,1,90.5,93,24,2.5,3499.5,-1
408,1,90.5,93,25,2.5,3502,0
408.25,1,90.5,93,25,2.5,3502,0
408.5,1,90.5,93,25,2.5,3502,0
408.75,1,90.5,93,25,2.5,3502,0
409,1,90.5,93,24,2.5,3504.75,-1
409.25,1,90.5,93,24,2.5,3504.75,-1
409.5,1,90.5,93,24,2.5,3504.75,-1
409.75,1,90.5,93,24,2.5,3504.75,-1
410,1,90.5,93,25,2.5,3507.0625,1
410.25,1,90.5,93,25,2.5,3507.0625,1
410.5,1,90.5,93,25,2.5,3507.0625,1
410.75,1,90.5,93,25,2.5,3507.0625,1
411,1,90.5,93,25,2.5,3509.375,1
411.25,1,90.5,93,25,2.5,3509.375,1
411.5,1,90.5,93,25,2.5,3509.375,1
411.75,1,90.5,93,25,2.5,3509.375,1
412,1,91,93,23,2,3511.6875,-1
412.25,1,91,93,23,2,3511.6875,-1
412.5,1,91,93,23,2,3511.6875,-1
412.75,1,91,93,23,2,3511.6875,-1
413,1,90.75,93,23,2.25,3514.1875,-2
413.25,1,90.75,93,23,2.25,3514.1875,-2
413.5,1,90.75,93,23,2.25,3514.1875,-2
413.75,1,90.75,93,23,2.25,3514.1875,-2
414,1,90.75,93,23,2.25,3516.5625,-2
414.25,1,90.75,93,23,2.25,3516.5625,-2
414.5,1,90.75,93,23,2.25,3516.5625,-2
414.75,1,90.75,93,23,2.25,3516.5625,-2
415,1,90.5,93,24,2.5,3519.1875,-1
415.25,1,90.5,93,24,2.5,3519.1875,-1
415.5,1,90.5,93,24,2.5,3519.1875,-1
415.75,1,90.5,93,24,2.5,3519.1875,-1
416,1,90.5,93,26,2.5,3521.625,2
416.25,1,90.5,93,26,2.5,3521.625,2
416.5,1,90.5,93,26,2.5,3521.625,2
416.75,1,90.5,93,26,2.5,3521.625,2
417,1,90.75,93,23,2.25,3524,-1
417.25,1,90.75,93,23,2.25,3524,-1
417.5,1,90.75,93,23,2.25,3524,-1
417.75,1,90.75,93,23,2.25,3524,-1
418,1,90.75,93,23,2.25,3526.4375,-1
418.25,1,90.75,93,23,2.25,3526.4375,-1
418.5,1,90.75,93,23,2.25,3526.4375,-1
418.75,1,90.75,93,23,2.25,3526.4375,-1
419,1,90.5,93,24,2.5,3528.75,-1
419.25,1,90.5,93,24,2.5,3528.75,-1
419.5,1,90.5,93,24,2.5,3528.75,-1
419.75,1,90.5,93,24,2.5,3528.75,-1
420,1,91.25,93,21,1.75,3531,-3
420.25,1,91.25,93,21,1.75,3531,-3
420.5,1,91.25,93,21,1.75,3531,-3
420.75,1,91.25,93,21,1.75,3531,-3
421,1,91.25,93,21,1.75,3533.375,-3
421.25,1,91.25,93,21,1.75,3533.375,-3
421.5,1,91.25,93,21,1.75,3533.375,-3
421.75,1,91.25,93,21,1.75,3533.375,-3
422,1,90.75,93,23,2.25,3535.75,-1
422.25,1,90.75,93,23,2.25,3535.75,-1
422.5,1,90.75,93,23,2.25,3535.75,-1
422.75,1,90.75,93,23,2.25,3535.75,-1
423,1,90.75,93,25,2.25,3537.625,3
423.25,1,90.75,93,25,2.25,3537.625,3
423.5,1,90.75,93,25,2.25,3537.625,3
423.75,1,90.75,93,25,2.25,3537.625,3
424,1,90.75,93,25,2.25,3539.6875,2
424.25,1,90.75,93,25,2.25,3539.6875,2
424.5,1,90.75,93,25,2.25,3539.6875,2
424.75,1,90.75,93,25,2.25,3539.6875,2
425,1,91.5,93,20,1.5,3541.5625,-4
425.25,1,91.5,93,20,1.5,3541.5625,-4
425.5,1,91.5,93,20,1.5,3541.5625,-4
425.75,1,91.5,93,20,1.5,3541.5625,-4
426,1,91.5,93,20,1.5,3543.375,-3
426.25,1,91.5,93,20,1.5,3543.375,-3
426.5,1,91.5,93,20,1.5,3543.375,-3
426.75,1,91.5,93,20,1.5,3543.375,-3
427,1,91.25,93,23,1.75,3544.9375,1
427.25,1,91.25,93,23,1.75,3544.9375,1
427.5,1,91.25,93,23,1.75,3544.9375,1
427.75,1,91.25,93,23,1.75,3544.9375,1
428,1,91.25,93,21,1.75,3546.875,-2
428.25,1,91.25,93,21,1.75,3546.875,-2
428.5,1,91.25,93,21,1.75,3546.875,-2
428.75,1,91.25,93,21,1.75,3546.875,-2
429,1,90.75,93,23,2.25,3548.875,-1
429.25,1,90.75,93,23,2.25,3548.875,-1
429.5,1,90.75,93,23,2.25,3548.875,-1
429.75,1,90.75,93,23,2.25,3548.875,-1
430,1,90.5,93,27,2.5,3550.6875,5
430.25,1,90.5,93,27,2.5,3550.6875,5
430.5,1,90.5,93,27,2.5,3550.6875,5
430.75,1,90.5,93,27,2.5,3550.6875,5
431,1,91,93,24,2,3552.4375,1
431.25,1,91,93,24,2,3552.4375,1
431.5,1,91,93,24,2,3552.4375,1
431.75,1,91,93,24,2,3552.4375,1
432,1,91,93,24,2,3554,2
432.25,1,91,93,24,2,3554,2
432.5,1,91,93,24,2,3554,2
432.75,1,91,93,24,2,3554,2
433,1,91.25,93,23,1.75,3555.5625,1
433.25,1,91.25,93,23,1.75,3555.5625,1
433.5,1,91.25,93,23,1.75,3555.5625,1
433.75,1,91.25,93,23,1.75,3555.5625,1
434,1,91,93,23,2,3557.25,0
434.25,1,91,93,23,2,3557.25,0
434.5,1,91,93,23,2,3557.25,0
434.75,1,91,93,23,2,3557.25,0
435,1,91,93,23,2,3557.25,0
435.25,1,91.25,93,22,1.75,3559.1875,-1
435.5,1,91.25,93,22,1.75,3559.1875,-1
435.75,1,91.25,93,22,1.75,3559.1875,-1
436,1,91.25,93,22,1.75,3559.1875,-1
436.25,1,91,93,24,2,3560.6875,2
436.5,1,91,93,24,2,3560.6875,2
436.75,1,91,93,24,2,3560.6875,2
437,1,91,93,24,2,3560.6875,2
437.25,1,91.75,93,20,1.25,3562.1875,-2
437.5,1,91.75,93,20,1.25,3562.1875,-2
437.75,1,91.75,93,20,1.25,3562.1875,-2
438,1,91.75,93,20,1.25,3562.1875,-2
438.25,1,91.75,93,20,1.25,3563.5625,-2
438.5,1,91.75,93,20,1.25,3563.5625,-2
438.75,1,91.75,93,20,1.25,3563.5625,-2
439,1,91.75,93,20,1.25,3563.5625,-2
439.25,1,90.75,93,26,2.25,3565.0625,4
439.5,1,90.75,93,26,2.25,3565.0625,4
439.75,1,90.75,93,26,2.25,3565.0625,4
440,1,90.75,93,26,2.25,3565.0625,4
440.25,1,91.25,93,23,1.75,3566.75,0
440.5,1,91.25,93,23,1.75,3566.75,0
440.75,1,91.25,93,23,1.75,3566.75,0
441,1,91.25,93,23,1.75,3566.75,0
441.25,1,91.25,93,24,1.75,3567.9375,2
441.5,1,91.25,93,24,1.75,3567.9375,2
441.75,1,91.25,93,24,1.75,3567.9375,2
442,1,91.25,93,24,1.75,3567.9375,2
442.25,1,91.5,93,22,1.5,3569.3125,0
442.5,1,91.5,93,22,1.5,3569.3125,0
442.75,1,91.5,93,22,1.5,3569.3125,0
443,1,91.5,93,22,1.5,3569.3125,0
443.25,1,92.25,93,18,0.75,3570.4375,-3
443.5,1,92.25,93,18,0.75,3570.4375,-3
443.75,1,92.25,93,18,0.75,3570.4375,-3
444,1,92.25,93,18,0.75,3570.4375,-3
444.25,1,91.75,93,21,1.25,3571.6875,-1
444.5,1,91.75,93,21,1.25,3571.6875,-1
444.75,1,91.75,93,21,1.25,3571.6875,-1
445,1,91.75,93,21,1.25,3571.6875,-1
445.25,1,92.25,93,19,0.75,3572.75,-1
445.5,1,92.25,93,19,0.75,3572.75,-1
445.75,1,92.25,93,19,0.75,3572.75,-1
446,1,92.25,93,19,0.75,3572.75,-1
446.25,1,91.5,93,23,1.5,3573.875,3
446.5,1,91.5,93,23,1.5,3573.875,3
446.75,1,91.5,93,23,1.5,3573.875,3
447,1,91.5,93,23,1.5,3573.875,3
447.25,1,92.25,93,19,0.75,3574.8125,-1
447.5,1,92.25,93,19,0.75,3574.8125,-1
447.75,1,92.25,93,19,0.75,3574.8125,-1
448,1,92.25,93,19,0.75,3574.8125,-1
448.25,1,92.25,93,19,0.75,3575.8125,-1
448.5,1,92.25,93,19,0.75,3575.8125,-1
448.75,1,92.25,93,19,0.75,3575.8125,-1
449,1,92.25,93,19,0.75,3575.8125,-1
449.25,1,92,93,21,1,3576.625,2
449.5,1,92,93,21,1,3576.625,2
449.75,1,92,93,21,1,3576.625,2
450,1,92,93,21,1,3576.625,2
450.25,1,91.75,93,22,1.25,3577.375,2
450.5,1,91.75,93,22,1.25,3577.375,2
450.75,1,91.75,93,22,1.25,3577.375,2
451,1,91.75,93,22,1.25,3577.375,2
451.25,1,91.75,93,23,1.25,3578.3125,3
451.5,1,91.75,93,23,1.25,3578.3125,3
451.75,1,91.75,93,23,1.25,3578.3125,3
452,1,91.75,93,23,1.25,3578.3125,3
452.25,1,92.5,93,18,0.5,3579.0625,-1
452.5,1,92.5,93,18,0.5,3579.0625,-1
452.75,1,92.5,93,18,0.5,3579.0625,-1
453,1,92.5,93,18,0.5,3579.0625,-1
453.25,1,92.25,93,20,0.75,3579.625,0
453.5,1,92.25,93,20,0.75,3579.625,0
453.75,1,92.25,93,20,0.75,3579.625,0
454,1,92.25,93,20,0.75,3579.625,0
454.25,1,92.25,93,20,0.75,3580.375,0
454.5,1,92.25,93,20,0.75,3580.375,0
454.75,1,92.25,93,20,0.75,3580.375,0
455,1,92.25,93,20,0.75,3580.375,0
455.25,1,92,93,21,1,3581.125,1
455.5,1,92,93,21,1,3581.125,1
455.75,1,92,93,21,1,3581.125,1
456,1,92,93,21,1,3581.125,1
456.25,1,92.25,93,20,0.75,3581.6875,0
456.5,1,92.25,93,20,0.75,3581.6875,0
456.75,1,92.25,93,20,0.75,3581.6875,0
457,1,92.25,93,20,0.75,3581.6875,0
457.25,1,92.5,93,18,0.5,3582.25,-1
457.5,1,92.5,93,18,0.5,3582.25,-1
457.75,1,92.5,93,18,0.5,3582.25,-1
458,1,92.5,93,18,0.5,3582.25,-1
458.25,1,92,93,20,1,3583.125,0
458.5,1,92,93,20,1,3583.125,0
458.75,1,92,93,20,1,3583.125,0
459,1,92,93,20,1,3583.125,0
459.25,1,92.75,93,17,0.25,3583.625,-2
459.5,1,92.75,93,17,0.25,3583.625,-2
459.75,1,92.75,93,17,0.25,3583.625,-2
460,1,92.75,93,17,0.25,3583.625,-2
460.25,1,92.5,93,19,0.5,3584.125,1
460.5,1,92.5,93,19,0.5,3584.125,1
460.75,1,92.5,93,19,0.5,3584.125,1
461,1,92.5,93,19,0.5,3584.125,1
461.25,1,92.75,93,18,0.25,3584.375,0
461.5,1,92.75,93,18,0.25,3584.375,0
461.75,1,92.75,93,18,0.25,3584.375,0
462,1,92.75,93,18,0.25,3584.375,0
462.25,1,92.25,93,19,0.75,3585.1875,-1
462.5,1,92.25,93,19,0.75,3585.1875,-1
462.75,1,92.25,93,19,0.75,3585.1875,-1
463,1,92.25,93,19,0.75,3585.1875,-1
463.25,1,92.75,93,19,0.25,3585.4375,1
463.5,1,92.75,93,19,0.25,3585.4375,1
463.75,1,92.75,93,19,0.25,3585.4375,1
464,1,92.75,93,19,0.25,3585.4375,1
464.25,1,93,93,16,0,3585.625,-2
464.5,1,93,93,16,0,3585.625,-2
464.75,1,93,93,16,0,3585.625,-2
465,1,93,93,16,0,3585.625,-2
465.25,1,92.25,93,22,0.75,3585.875,4
465.5,1,92.25,93,22,0.75,3585.875,4
465.75,1,92.25,93,22,0.75,3585.875,4
466,1,92.25,93,22,0.75,3585.875,4
466.25,1,93,93,15,0,3586.3125,-4
466.5,1,93,93,15,0,3586.3125,-4
466.75,1,93,93,15,0,3586.3125,-4
467,1,93,93,15,0,3586.3125,-4
467.25,1,93,93,15,0,3586.3125,-4
467.5,1,92.75,93,19,0.25,3586.5,1
467.75,1,92.75,93,19,0.25,3586.5,1
468,1,92.75,93,19,0.25,3586.5,1
468.25,1,92.75,93,19,0.25,3586.5,1
468.5,1,93,93,17,0,3586.625,-1
468.75,1,93,93,17,0,3586.625,-1
469,1,93,93,17,0,3586.625,-1
469.25,1,93,93,17,0,3586.625,-1
469.5,1,93,93,17,0,3586.75,-1
469.75,1,93,93,17,0,3586.75,-1
470,1,93,93,17,0,3586.75,-1
470.25,1,93,93,17,0,3586.75,-1
470.5,1,93.25,93,16,-0.25,3586.75,-2
470.75,1,93.25,93,16,-0.25,3586.75,-2
471,1,93.25,93,16,-0.25,3586.75,-2
471.25,1,93.25,93,16,-0.25,3586.75,-2
471.5,1,93,93,17,0,3586.75,0
471.75,1,93,93,17,0,3586.75,0
472,1,93,93,17,0,3586.75,0
472.25,1,93,93,17,0,3586.75,0
472.5,1,92.5,93,20,0.5,3586.75,2
472.75,1,92.5,93,20,0.5,3586.75,2
473,1,92.5,93,20,0.5,3586.75,2
473.25,1,92.5,93,20,0.5,3586.75,2
473.5,1,92.5,93,20,0.5,3586.875,2
473.75,1,92.5,93,20,0.5,3586.875,2
474,1,92.5,93,20,0.5,3586.875,2
474.25,1,92.5,93,20,0.5,3586.875,2
474.5,1,93,93,16,0,3587,-3
474.75,1,93,93,16,0,3587,-3
475,1,93,93,16,0,3587,-3
475.25,1,93,93,16,0,3587,-3
475.5,1,93.25,93,16,-0.25,3586.8125,-1
475.75,1,93.25,93,16,-0.25,3586.8125,-1
476,1,93.25,93,16,-0.25,3586.8125,-1
476.25,1,93.25,93,16,-0.25,3586.8125,-1
476.5,1,93.25,93,16,-0.25,3586.5625,-2
476.75,1,93.25,93,16,-0.25,3586.5625,-2
477,1,93.25,93,16,-0.25,3586.5625,-2
477.25,1,93.25,93,16,-0.25,3586.5625,-2
477.5,1,93.5,93,14,-0.5,3586.375,-3
477.75,1,93.5,93,14,-0.5,3586.375,-3
478,1,93.5,93,14,-0.5,3586.375,-3
478.25,1,93.5,93,14,-0.5,3586.375,-3
478.5,1,93.25,93,16,-0.25,3586.375,-2
478.75,1,93.25,93,16,-0.25,3586.375,-2
479,1,93.25,93,16,-0.25,3586.375,-2
479.25,1,93.25,93,16,-0.25,3586.375,-2
479.5,1,93.5,93,15,-0.5,3586.0625,-1
479.75,1,93.5,93,15,-0.5,3586.0625,-1
480,1,93.5,93,15,-0.5,3586.0625,-1
480.25,1,93.5,93,15,-0.5,3586.0625,-1
480.5,1,93.5,93,15,-0.5,3585.9375,-1
480.75,1,93.5,93,15,-0.5,3585.9375,-1
481,1,93.5,93,15,-0.5,3585.9375,-1
481.25,1,93.5,93,15,-0.5,3585.9375,-1
481.5,1,93.25,93,17,-0.25,3585.5,1
481.75,1,93.25,93,17,-0.25,3585.5,1
482,1,93.25,93,17,-0.25,3585.5,1
482.25,1,93.25,93,17,-0.25,3585.5,1
482.5,1,93.5,93,16,-0.5,3585,0
482.75,1,93.5,93,16,-0.5,3585,0
483,1,93.5,93,16,-0.5,3585,0
483.25,1,93.5,93,16,-0.5,3585,0
483.5,1,93.5,93,15,-0.5,3584.625,-2
483.75,1,93.5,93,15,-0.5,3584.625,-2
484,1,93.5,93,15,-0.5,3584.625,-2
484.25,1,93.5,93,15,-0.5,3584.625,-2
484.5,1,93.25,93,15,-0.25,3584.4375,-3
484.75,1,93.25,93,15,-0.25,3584.4375,-3
485,1,93.25,93,15,-0.25,3584.4375,-3
485.25,1,93.25,93,15,-0.25,3584.4375,-3
485.5,1,93.25,93,16,-0.25,3584.0625,-2
485.75,1,93.25,93,16,-0.25,3584.0625,-2
486,1,93.25,93,16,-0.25,3584.0625,-2
486.25,1,93.25,93,16,-0.25,3584.0625,-2
486.5,1,93.5,93,16,-0.5,3583.625,0
486.75,1,93.5,93,16,-0.5,3583.625,0
487,1,93.5,93,16,-0.5,3583.625,0
487.25,1,93.5,93,16,-0.5,3583.625,0
487.5,1,93.5,93,16,-0.5,3583.125,0
487.75,1,93.5,93,16,-0.5,3583.125,0
488,1,93.5,93,16,-0.5,3583.125,0
488.25,1,93.5,93,16,-0.5,3583.125,0
488.5,1,93.5,93,16,-0.5,3582.625,0
488.75,1,93.5,93,16,-0.5,3582.625,0
489,1,93.5,93,16,-0.5,3582.625,0
489.25,1,93.5,93,16,-0.5,3582.625,0
489.5,1,93.75,93,15,-0.75,3582.125,-1
489.75,1,93.75,93,15,-0.75,3582.125,-1
490,1,93.75,93,15,-0.75,3582.125,-1
490.25,1,93.75,93,15,-0.75,3582.125,-1
490.5,1,93.75,93,14,-0.75,3581.375,-2
490.75,1,93.75,93,14,-0.75,3581.375,-2
491,1,93.75,93,14,-0.75,3581.375,-2
491.25,1,93.75,93,14,-0.75,3581.375,-2
491.5,1,93.25,93,17,-0.25,3580.9375,1
491.75,1,93.25,93,17,-0.25,3580.9375,1
492,1,93.25,93,17,-0.25,3580.9375,1
492.25,1,93.25,93,17,-0.25,3580.9375,1
492.5,1,93,93,18,0,3580.3125,2
492.75,1,93,93,18,0,3580.3125,2
493,1,93,93,18,0,3580.3125,2
493.25,1,93,93,18,0,3580.3125,2
493.5,1,93.25,93,17,-0.25,3580.125,1
493.75,1,93.25,93,17,-0.25,3580.125,1
494,1,93.25,93,17,-0.25,3580.125,1
494.25,1,93.25,93,17,-0.25,3580.125,1
494.5,1,93.75,93,15,-0.75,3579.5625,-1
494.75,1,93.75,93,15,-0.75,3579.5625,-1
495,1,93.75,93,15,-0.75,3579.5625,-1
495.25,1,93.75,93,15,-0.75,3579.5625,-1
495.5,1,94,93,13,-1,3578.875,-2
495.75,1,94,93,13,-1,3578.875,-2
496,1,94,93,13,-1,3578.875,-2
496.25,1,94,93,13,-1,3578.875,-2
496.5,1,93.5,93,16,-0.5,3578.1875,1
496.75,1,93.5,93,16,-0.5,3578.1875,1
497,1,93.5,93,16,-0.5,3578.1875,1
497.25,1,93.5,93,16,-0.5,3578.1875,1
497.5,1,93.75,93,15,-0.75,3577.5,-1
497.75,1,93.75,93,15,-0.75,3577.5,-1
498,1,93.75,93,15,-0.75,3577.5,-1
498.25,1,93.75,93,15,-0.75,3577.5,-1
498.5,1,94,93,14,-1,3576.5625,0
498.75,1,94,93,14,-1,3576.5625,0
499,1,94,93,14,-1,3576.5625,0
499.25,1,94,93,14,-1,3576.5625,0
499.5,1,94,93,14,-1,3575.625,0
499.75,1,94,93,14,-1,3575.625,0
500,1,94,93,14,-1,3575.625,0
500.25,1,94,93,14,-1,3575.625,0
500.5,1,94,93,13,-1,3574.875,-2
500.75,1,94,93,13,-1,3574.875,-2
501,1,94,93,13,-1,3574.875,-2
501.25,1,94,93,13,-1,3574.875,-2
501.5,1,94,93,13,-1,3574.875,-2
501.75,1,93.75,93,16,-0.75,3573.75,1
502,1,93.75,93,16,-0.75,3573.75,1
502.25,1,93.75,93,16,-0.75,3573.75,1
502.5,1,93.75,93,16,-0.75,3573.75,1
502.75,1,93.75,93,14,-0.75,3573.125,-2
503,1,93.75,93,14,-0.75,3573.125,-2
503.25,1,93.75,93,14,-0.75,3573.125,-2
503.5,1,93.75,93,14,-0.75,3573.125,-2
503.75,1,93.25,93,18,-0.25,3572.5,3
504,1,93.25,93,18,-0.25,3572.5,3
504.25,1,93.25,93,18,-0.25,3572.5,3
504.5,1,93.25,93,18,-0.25,3572.5,3
504.75,1,94,93,14,-1,3571.625,0
505,1,94,93,14,-1,3571.625,0
505.25,1,94,93,14,-1,3571.625,0
505.5,1,94,93,14,-1,3571.625,0
505.75,1,93.25,93,18,-0.25,3571,2
506,1,93.25,93,18,-0.25,3571,2
506.25,1,93.25,93,18,-0.25,3571,2
506.5,1,93.25,93,18,-0.25,3571,2
506.75,1,93.5,93,17,-0.5,3570.3125,2
507,1,93.5,93,17,-0.5,3570.3125,2
507.25,1,93.5,93,17,-0.5,3570.3125,2
507.5,1,93.5,93,17,-0.5,3570.3125,2
507.75,1,94.25,93,12,-1.25,3569.5,-4
508,1,94.25,93,12,-1.25,3569.5,-4
508.25,1,94.25,93,12,-1.25,3569.5,-4
508.5,1,94.25,93,12,-1.25,3569.5,-4
508.75,1,94,93,15,-1,3568.5625,1
509,1,94,93,15,-1,3568.5625,1
509.25,1,94,93,15,-1,3568.5625,1
509.5,1,94,93,15,-1,3568.5625,1
509.75,1,94,93,14,-1,3567.5625,0
510,1,94,93,14,-1,3567.5625,0
510.25,1,94,93,14,-1,3567.5625,0
510.5,1,94,93,14,-1,3567.5625,0
510.75,1,93.75,93,15,-0.75,3566.75,0
511,1,93.75,93,15,-0.75,3566.75,0
511.25,1,93.75,93,15,-0.75,3566.75,0
511.5,1,93.75,93,15,-0.75,3566.75,0
511.75,1,94.25,93,13,-1.25,3565.6875,-1
512,1,94.25,93,13,-1.25,3565.6875,-1
512.25,1,94.25,93,13,-1.25,3565.6875,-1
512.5,1,94.25,93,13,-1.25,3565.6875,-1
512.75,1,94.25,93,13,-1.25,3564.875,-1
513,1,94.25,93,13,-1.25,3564.875,-1
513.25,1,94.25,93,13,-1.25,3564.875,-1
513.5,1,94.25,93,13,-1.25,3564.875,-1
513.75,1,93.5,93,16,-0.5,3564.25,1
514,1,93.5,93,16,-0.5,3564.25,1
514.25,1,93.5,93,16,-0.5,3564.25,1
514.5,1,93.5,93,16,-0.5,3564.25,1
514.75,1,93.75,93,16,-0.75,3563.5625,2
515,1,93.75,93,16,-0.75,3563.5625,2
515.25,1,93.75,93,16,-0.75,3563.5625,2
515.5,1,93.75,93,16,-0.75,3563.5625,2
515.75,1,94,93,14,-1,3562.4375,0
516,1,94,93,14,-1,3562.4375,0
516.25,1,94,93,14,-1,3562.4375,0
516.5,1,94,93,14,-1,3562.4375,0
516.75,1,94.5,93,12,-1.5,3561.375,-1
517,1,94.5,93,12,-1.5,3561.375,-1
517.25,1,94.5,93,12,-1.5,3561.375,-1
517.5,1,94.5,93,12,-1.5,3561.375,-1
517.75,1,94,93,14,-1,3560.4375,0
518,1,94,93,14,-1,3560.4375,0
518.25,1,94,93,14,-1,3560.4375,0
518.5,1,94,93,14,-1,3560.4375,0
518.75,1,94.25,93,13,-1.25,3559.3125,-1
519,1,94.25,93,13,-1.25,3559.3125,-1
519.25,1,94.25,93,13,-1.25,3559.3125,-1
519.5,1,94.25,93,13,-1.25,3559.3125,-1
519.75,1,94,93,14,-1,3558.5625,0
520,1,94,93,14,-1,3558.5625,0
520.25,1,94,93,14,-1,3558.5625,0
520.5,1,94.25,93,14,-1.25,3557.6875,0
520.75,1,94.25,93,14,-1.25,3557.6875,0
521,1,94.25,93,14,-1.25,3557.6875,0
521.25,1,94.25,93,14,-1.25,3557.6875,0
521.5,1,93.25,93,18,-0.25,3556.75,2
521.75,1,93.25,93,18,-0.25,3556.75,2
522,1,93.25,93,18,-0.25,3556.75,2
522.25,1,93.25,93,18,-0.25,3556.75,2
522.5,1,94.25,93,14,-1.25,3555.625,0
522.75,1,94.25,93,14,-1.25,3555.625,0
523,1,94.25,93,14,-1.25,3555.625,0
523.25,1,94.25,93,14,-1.25,3555.625,0
523.5,1,94,93,14,-1,3554.5625,0
523.75,1,94,93,14,-1,3554.5625,0
524,1,94,93,14,-1,3554.5625,0
524.25,1,94,93,14,-1,3554.5625,0
524.5,1,94.5,93,11,-1.5,3553.5,-4
524.75,1,94.5,93,11,-1.5,3553.5,-4
525,1,94.5,93,11,-1.5,3553.5,-4
525.25,1,94.5,93,11,-1.5,3553.5,-4
525.5,1,94.25,93,14,-1.25,3552.4375,0
525.75,1,94.25,93,14,-1.25,3552.4375,0
526,1,94.25,93,14,-1.25,3552.4375,0
526.25,1,94.25,93,14,-1.25,3552.4375,0
526.5,1,94.5,93,12,-1.5,3551.25,-2
526.75,0,94.5,93,12,-1.5,3551.25,-2
527,0,94.5,93,12,-1.5,3551.25,-2
527.25,0,94.5,93,12,-1.5,3551.25,-2
527.5,0,93.75,93,0,-0.5,0,2
527.75,0,93.75,93,0,-0.5,0,2
528,0,93.75,93,0,-0.5,0,2
528.25,0,93.75,93,0,-0.5,0,2
528.5,0,94,93,0,-0.5,0,2
528.75,0,94,93,0,-0.5,0,2
529,0,94,93,0,-0.5,0,2
529.25,0,94,93,0,-0.5,0,2
529.5,0,94.25,93,0,-0.5,0,2
529.75,0,94.25,93,0,-0.5,0,2
530,0,94.25,93,0,-0.5,0,2
530.25,0,94.25,93,0,-0.5,0,2
530.5,0,94.25,93,0,-0.5,0,2
530.75,0,94.25,93,0,-0.5,0,2
531,0,94.25,93,0,-0.5,0,2
531.25,0,94.25,93,0,-0.5,0,2
531.5,0,94,93,0,-0.5,0,2
531.75,0,94,93,0,-0.5,0,2
532,0,94,93,0,-0.5,0,2
532.25,0,94,93,0,-0.5,0,2
532.5,0,94,93,0,-0.5,0,2
532.75,0,94,93,0,-0.5,0,2
533,0,94,93,0,-0.5,0,2
533.25,0,94,93,0,-0.5,0,2
533.5,0,94,93,0,-0.5,0,2
533.75,0,94,93,0,-0.5,0,2
534,0,94,93,0,-0.5,0,2
534.25,0,94,93,0,-0.5,0,2
534.5,0,93.75,93,0,-0.5,0,2
534.75,0,93.75,93,0,-0.5,0,2
535,0,93.75,93,0,-0.5,0,2
535.25,0,93.75,93,0,-0.5,0,2
535.5,0,94,93,0,-0.5,0,2
535.75,0,94,93,0,-0.5,0,2
536,0,94,93,0,-0.5,0,2
536.25,0,94,93,0,-0.5,0,2
536.5,0,93.75,93,0,-0.5,0,2
536.75,0,93.75,93,0,-0.5,0,2
537,0,93.75,93,0,-0.5,0,2
537.25,0,93.75,93,0,-0.5,0,2
537.5,0,93.75,93,0,-0.5,0,2
537.75,0,93.75,93,0,-0.5,0,2
538,0,93.75,93,0,-0.5,0,2
538.25,0,93.75,93,0,-0.5,0,2
538.5,0,93.75,93,0,-0.5,0,2
538.75,0,94.25,93,0,-0.5,0,2
539,0,94.25,93,0,-0.5,0,2
539.25,0,94.25,93,0,-0.5,0,2
539.5,0,94.25,93,0,-0.5,0,2
539.75,0,93.5,93,0,-0.5,0,2
540,0,93.5,93,0,-0.5,0,2
540.25,0,93.5,93,0,-0.5,0,2
540.5,0,93.5,93,0,-0.5,0,2
540.75,0,94,93,0,-0.5,0,2
541,0,94,93,0,-0.5,0,2
541.25,0,94,93,0,-0.5,0,2
541.5,0,94,93,0,-0.5,0,2
541.75,0,93.75,93,0,-0.5,0,2
542,0,93.75,93,0,-0.5,0,2
542.25,0,93.75,93,0,-0.5,0,2
542.5,0,93.75,93,0,-0.5,0,2
542.75,0,93.75,93,0,-0.5,0,2
543,0,93.75,93,0,-0.5,0,2
543.25,0,93.75,93,0,-0.5,0,2
543.5,0,93.75,93,0,-0.5,0,2
543.75,0,93.75,93,0,-0.5,0,2
544,0,93.75,93,0,-0.5,0,2
544.25,0,93.75,93,0,-0.5,0,2
544.5,0,93.75,93,0,-0.5,0,2
544.75,0,93.75,93,0,-0.5,0,2
545,0,93.75,93,0,-0.5,0,2
545.25,0,93.75,93,0,-0.5,0,2
545.5,0,93.75,93,0,-0.5,0,2
545.75,0,93.5,93,0,-0.5,0,2
546,0,93.5,93,0,-0.5,0,2
546.25,0,93.5,93,0,-0.5,0,2
546.5,0,93.5,93,0,-0.5,0,2
546.75,0,93.5,93,0,-0.5,0,2
547,0,94,93,0,-0.5,0,2
547.25,0,94,93,0,-0.5,0,2
547.5,0,94,93,0,-0.5,0,2
547.75,0,95.25,93,0,-0.5,0,2
548,0,95.25,93,0,-0.5,0,2
548.25,0,95.25,93,0,-0.5,0,2
548.5,0,95.25,93,0,-0.5,0,2
548.75,0,94,93,0,-0.5,0,2
549,0,94,93,0,-0.5,0,2
549.25,0,94,93,0,-0.5,0,2
549.5,0,94,93,0,-0.5,0,2
549.75,0,94,93,0,-0.5,0,2
550,0,94,93,0,-0.5,0,2
550.25,0,94,93,0,-0.5,0,2
550.5,0,94,93,0,-0.5,0,2
550.75,0,93.5,93,0,-0.5,0,2
551,0,93.5,93,0,-0.5,0,2
551.25,0,93.5,93,0,-0.5,0,2
551.5,0,93.5,93,0,-0.5,0,2
551.75,0,99.5,93,0,-0.5,0,2
552,0,99.5,93,0,-0.5,0,2
552.25,0,99.5,93,0,-0.5,0,2
552.5,0,99.5,93,0,-0.5,0,2
552.75,0,93,93,0,-0.5,0,2
553,0,93,93,0,-0.5,0,2
553.25,0,93,93,0,-0.5,0,2
553.5,0,93,93,0,-0.5,0,2
553.75,0,93.5,93,0,-0.5,0,2
554,0,93.5,93,0,-0.5,0,2
554.25,0,93.5,93,0,-0.5,0,2
554.5,0,93.5,93,0,-0.5,0,2
554.75,0,93.5,93,0,-0.5,0,2
555,0,93.5,93,0,-0.5,0,2
555.25,0,93.5,93,0,-0.5,0,2
555.5,0,93.5,93,0,-0.5,0,2
555.75,0,87.5,93,0,-0.5,0,2
556,0,87.5,93,0,-0.5,0,2
556.25,0,87.5,93,0,-0.5,0,2
556.5,0,87.5,93,0,-0.5,0,2
556.75,0,92.25,93,0,-0.5,0,2
557,0,92.25,93,0,-0.5,0,2
557.25,0,92.25,93,0,-0.5,0,2
557.5,0,92.25,93,0,-0.5,0,2
557.75,0,94,93,0,-0.5,0,2
558,0,94,93,0,-0.5,0,2
558.25,0,94,93,0,-0.5,0,2
558.5,0,94,93,0,-0.5,0,2
558.75,0,92,93,0,-0.5,0,2
559,0,92,93,0,-0.5,0,2
559.25,0,92,93,0,-0.5,0,2
559.5,0,92,93,0,-0.5,0,2
559.75,0,91,93,0,-0.5,0,2
560,0,91,93,0,-0.5,0,2
560.25,0,91,93,0,-0.5,0,2
560.5,0,91,93,0,-0.5,0,2
560.75,0,91.5,93,0,-0.5,0,2
561,0,91.5,93,0,-0.5,0,2
561.25,0,91.5,93,0,-0.5,0,2
561.5,0,91.5,93,0,-0.5,0,2
561.75,0,95.75,93,0,-0.5,0,2
562,0,95.75,93,0,-0.5,0,2
562.25,0,95.75,93,0,-0.5,0,2
562.5,0,95.75,93,0,-0.5,0,2
562.75,0,91.5,93,0,-0.5,0,2
563,0,91.5,93,0,-0.5,0,2
563.25,0,91.5,93,0,-0.5,0,2
563.5,0,91.5,93,0,-0.5,0,2
563.75,0,91.5,93,0,-0.5,0,2
564,0,91.5,93,0,-0.5,0,2
564.25,0,91.5,93,0,-0.5,0,2
564.5,0,91.5,93,0,-0.5,0,2
564.75,0,91,93,0,-0.5,0,2
565,0,91,93,0,-0.5,0,2
565.25,0,91,93,0,-0.5,0,2
565.5,0,91,93,0,-0.5,0,2
565.75,0,91,93,0,-0.5,0,2
566,0,91,93,0,-0.5,0,2
566.25,0,91,93,0,-0.5,0,2
566.5,0,91,93,0,-0.5,0,2
566.75,0,91.25,93,0,-0.5,0,2
567,0,91.25,93,0,-0.5,0,2
567.25,0,91.25,93,0,-0.5,0,2
567.5,0,91.25,93,0,-0.5,0,2
567.75,0,91,93,0,-0.5,0,2
568,0,91,93,0,-0.5,0,2
568.25,0,91,93,0,-0.5,0,2
568.5,0,91,93,0,-0.5,0,2
568.75,0,89.75,93,0,-0.5,0,2
569,0,89.75,93,0,-0.5,0,2
569.25,0,89.75,93,0,-0.5,0,2
569.5,0,89.75,93,0,-0.5,0,2
569.75,0,92,93,0,-0.5,0,2
570,0,92,93,0,-0.5,0,2
570.25,0,92,93,0,-0.5,0,2
570.5,0,92,93,0,-0.5,0,2
570.75,0,92.75,93,0,-0.5,0,2
571,0,92.75,93,0,-0.5,0,2
571.25,0,92.75,93,0,-0.5,0,2
571.5,0,92.75,93,0,-0.5,0,2
571.75,0,90.75,93,0,-0.5,0,2
572,0,90.75,93,0,-0.5,0,2
572.25,0,90.75,93,0,-0.5,0,2
572.5,0,90.75,93,0,-0.5,0,2
572.75,0,90.75,93,0,-0.5,0,2
573,0,90,93,0,-0.5,0,2
573.25,0,90,93,0,-0.5,0,2
573.5,0,90,93,0,-0.5,0,2
573.75,0,90,93,0,-0.5,0,2
574,0,90.5,93,0,-0.5,0,2
574.25,0,90.5,93,0,-0.5,0,2
574.5,0,90.5,93,0,-0.5,0,2
574.75,0,90.5,93,0,-0.5,0,2
575,0,90,93,0,-0.5,0,2
575.25,0,90,93,0,-0.5,0,2
575.5,0,90,93,0,-0.5,0,2
575.75,0,90,93,0,-0.5,0,2
576,0,90,93,0,-0.5,0,2
576.25,0,90,93,0,-0.5,0,2
576.5,0,90,93,0,-0.5,0,2
576.75,0,90,93,0,-0.5,0,2
577,0,90,93,0,-0.5,0,2
577.25,0,90,93,0,-0.5,0,2
577.5,0,90,93,0,-0.5,0,2
577.75,0,90,93,0,-0.5,0,2
578,0,90.75,93,0,-0.5,0,2
578.25,0,90.75,93,0,-0.5,0,2
578.5,0,90.75,93,0,-0.5,0,2
578.75,0,90.75,93,0,-0.5,0,2
579,0,91.25,93,0,-0.5,0,2
579.25,0,91.25,93,0,-0.5,0,2
579.5,0,91.25,93,0,-0.5,0,2
579.75,0,91.25,93,0,-0.5,0,2
580,0,91.25,93,0,-0.5,0,2
580.25,0,91.25,93,0,-0.5,0,2
580.5,0,91.25,93,0,-0.5,0,2
580.75,0,91.25,93,0,-0.5,0,2
581,0,92,93,0,-0.5,0,2
581.25,0,92,93,0,-0.5,0,2
581.5,0,92,93,0,-0.5,0,2
581.75,0,92,93,0,-0.5,0,2
582,0,92,93,0,-0.5,0,2
582.25,0,92,93,0,-0.5,0,2
582.5,0,92,93,0,-0.5,0,2
582.75,0,92,93,0,-0.5,0,2
583,0,92,93,0,-0.5,0,2
583.25,0,92,93,0,-0.5,0,2
583.5,0,92,93,0,-0.5,0,2
583.75,0,92,93,0,-0.5,0,2
584,0,93,93,0,-0.5,0,2
584.25,0,93,93,0,-0.5,0,2
584.5,0,93,93,0,-0.5,0,2
584.75,0,93,93,0,-0.5,0,2
585,0,92.75,93,0,-0.5,0,2
585.25,0,92.75,93,0,-0.5,0,2
585.5,0,92.75,93,0,-0.5,0,2
585.75,0,92.75,93,0,-0.5,0,2
586,0,93,93,0,-0.5,0,2
586.25,0,93,93,0,-0.5,0,2
586.5,0,93,93,0,-0.5,0,2
586.75,0,93,93,0,-0.5,0,2
587,0,92.5,93,0,-0.5,0,2
587.25,0,92.5,93,0,-0.5,0,2
587.5,0,92.5,93,0,-0.5,0,2
587.75,0,92.5,93,0,-0.5,0,2
588,0,93,93,0,-0.5,0,2
588.25,0,93,93,0,-0.5,0,2
588.5,0,93,93,0,-0.5,0,2
588.75,0,93,93,0,-0.5,0,2
589,0,93,93,0,-0.5,0,2
589.25,0,93,93,0,-0.5,0,2
589.5,0,93,93,0,-0.5,0,2
589.75,0,93,93,0,-0.5,0,2
590,0,93,93,0,-0.5,0,2
590.25,0,93,93,0,-0.5,0,2
590.5,0,93,93,0,-0.5,0,2
590.75,0,93,93,0,-0.5,0,2
591,0,92.25,93,0,-0.5,0,2
591.25,0,92.25,93,0,-0.5,0,2
591.5,0,92.25,93,0,-0.5,0,2
591.75,0,92.25,93,0,-0.5,0,2
592,0,92.75,93,0,-0.5,0,2
592.25,0,92.75,93,0,-0.5,0,2
592.5,0,92.75,93,0,-0.5,0,2
592.75,0,92.75,93,0,-0.5,0,2
593,0,92.25,93,0,-0.5,0,2
593.25,0,92.25,93,0,-0.5,0,2
593.5,0,92.25,93,0,-0.5,0,2
593.75,0,92.25,93,0,-0.5,0,2
594,0,92.25,93,0,-0.5,0,2
594.25,0,92.25,93,0,-0.5,0,2
594.5,0,92.25,93,0,-0.5,0,2
594.75,0,92.25,93,0,-0.5,0,2
595,0,92.25,93,0,-0.5,0,2
595.25,0,92.25,93,0,-0.5,0,2
595.5,0,92.25,93,0,-0.5,0,2
595.75,0,92.25,93,0,-0.5,0,2
596,0,92,93,0,-0.5,0,2
596.25,0,92,93,0,-0.5,0,2
596.5,0,92,93,0,-0.5,0,2
596.75,0,92,93,0,-0.5,0,2
597,0,91.5,93,0,-0.5,0,2
597.25,0,91.5,93,0,-0.5,0,2
597.5,0,91.5,93,0,-0.5,0,2
597.75,0,91.5,93,0,-0.5,0,2
598,0,91.75,93,0,-0.5,0,2
598.25,0,91.75,93,0,-0.5,0,2
598.5,0,91.75,93,0,-0.5,0,2
598.75,0,91.75,93,0,-0.5,0,2
599,0,91.25,93,0,-0.5,0,2
599.25,0,91.25,93,0,-0.5,0,2
599.5,0,91.25,93,0,-0.5,0,2
599.75,0,91.25,93,0,-0.5,0,2
600,0,91.75,93,0,-0.5,0,2
600.25,0,91.75,93,0,-0.5,0,2
600.5,0,91.75,93,0,-0.5,0,2
600.75,0,91.75,93,0,-0.5,0,2
601,0,90.5,93,0,-0.5,0,2
601.25,0,90.5,93,0,-0.5,0,2
601.5,0,90.5,93,0,-0.5,0,2
601.75,0,90.5,93,0,-0.5,0,2
602,0,91.5,93,0,-0.5,0,2
602.25,0,91.5,93,0,-0.5,0,2
602.5,0,91.5,93,0,-0.5,0,2
602.75,0,91.5,93,0,-0.5,0,2
603,0,91,93,0,-0.5,0,2
603.25,0,91,93,0,-0.5,0,2
603.5,0,91,93,0,-0.5,0,2
603.75,0,91,93,0,-0.5,0,2
604,0,90.25,93,0,-0.5,0,2
604.25,0,90.25,93,0,-0.5,0,2
604.5,0,90.25,93,0,-0.5,0,2
604.75,0,90.25,93,0,-0.5,0,2
605,0,91.25,93,0,-0.5,0,2
605.25,0,91.25,93,0,-0.5,0,2
605.5,0,91.25,93,0,-0.5,0,2
605.75,0,91.25,93,0,-0.5,0,2
606,0,90.75,93,0,-0.5,0,2
606.25,0,90.75,93,0,-0.5,0,2
606.5,0,90.75,93,0,-0.5,0,2
606.75,0,90.75,93,0,-0.5,0,2
607,0,91,93,0,-0.5,0,2
607.25,0,91,93,0,-0.5,0,2
607.5,0,91,93,0,-0.5,0,2
607.75,0,91,93,0,-0.5,0,2
608,0,90.75,93,0,-0.5,0,2
608.25,0,90.75,93,0,-0.5,0,2
608.5,0,90.75,93,0,-0.5,0,2
608.75,0,90.75,93,0,-0.5,0,2
609,0,90.75,93,0,-0.5,0,2
609.25,0,90,93,0,-0.5,0,2
609.5,0,90,93,0,-0.5,0,2
609.75,0,90,93,0,-0.5,0,2
610,0,90,93,0,-0.5,0,2
610.25,0,90.25,93,0,-0.5,0,2
610.5,0,90.25,93,0,-0.5,0,2
610.75,0,90.25,93,0,-0.5,0,2
611,0,90.25,93,0,-0.5,0,2
611.25,0,90.25,93,0,-0.5,0,2
611.5,0,90,93,0,-0.5,0,2
611.75,0,90,93,0,-0.5,0,2
612,0,90,93,0,-0.5,0,2
612.25,0,90,93,0,-0.5,0,2
612.5,0,90,93,0,-0.5,0,2
612.75,0,90,93,0,-0.5,0,2
613,0,90,93,0,-0.5,0,2
613.25,0,89.25,93,0,-0.5,0,2
613.5,0,89.25,93,0,-0.5,0,2
613.75,0,89.25,93,0,-0.5,0,2
614,0,89.25,93,0,-0.5,0,2
614.25,0,88.25,93,0,-0.5,0,2
614.5,0,88.25,93,0,-0.5,0,2
614.75,0,88.25,93,0,-0.5,0,2
615,0,88.25,93,0,-0.5,0,2
615.25,0,88.25,93,0,-0.5,0,2
615.5,0,88.25,93,0,-0.5,0,2
615.75,0,88.25,93,0,-0.5,0,2
616,0,88.25,93,0,-0.5,0,2
616.25,0,88.25,93,0,-0.5,0,2
616.5,0,87.75,93,0,-0.5,0,2
616.75,0,87.75,93,0,-0.5,0,2
617,0,87.75,93,0,-0.5,0,2
617.25,0,86.75,93,0,-0.5,0,2
617.5,0,86.75,93,0,-0.5,0,2
617.75,0,86.75,93,0,-0.5,0,2
618,0,86.75,93,0,-0.5,0,2
618.25,0,87.75,93,0,-0.5,0,2
618.5,0,87.75,93,0,-0.5,0,2
618.75,0,87.75,93,0,-0.5,0,2
619,0,87.75,93,0,-0.5,0,2
619.25,0,88.5,93,0,-0.5,0,2
619.5,0,88.5,93,0,-0.5,0,2
619.75,0,88.5,93,0,-0.5,0,2
620,0,88.5,93,0,-0.5,0,2
620.25,0,89,93,0,-0.5,0,2
620.5,0,89,93,0,-0.5,0,2
620.75,0,89,93,0,-0.5,0,2
621,0,89,93,0,-0.5,0,2
621.25,0,88.75,93,0,-0.5,0,2
621.5,0,88.75,93,0,-0.5,0,2
621.75,0,88.75,93,0,-0.5,0,2
622,0,88.75,93,0,-0.5,0,2
622.25,0,88.75,93,0,-0.5,0,2
622.5,0,88.75,93,0,-0.5,0,2
622.75,0,88.75,93,0,-0.5,0,2
623,0,88.75,93,0,-0.5,0,2
623.25,0,88.25,93,0,-0.5,0,2
623.5,0,88.25,93,0,-0.5,0,2
623.75,0,88.25,93,0,-0.5,0,2
624,0,88.25,93,0,-0.5,0,2
624.25,0,87.75,93,0,-0.5,0,2
624.5,0,87.75,93,0,-0.5,0,2
624.75,0,87.75,93,0,-0.5,0,2
625,0,87.75,93,0,-0.5,0,2
625.25,0,87.75,93,0,-0.5,0,2
625.5,0,87.75,93,0,-0.5,0,2
625.75,0,87.75,93,0,-0.5,0,2
626,0,87.75,93,0,-0.5,0,2
626.25,0,87.5,93,0,-0.5,0,2
626.5,0,87.5,93,0,-0.5,0,2
626.75,0,87.5,93,0,-0.5,0,2
627,0,87.5,93,0,-0.5,0,2
627.25,0,86.5,93,0,-0.5,0,2
627.5,0,86.5,93,0,-0.5,0,2
627.75,0,86.5,93,0,-0.5,0,2
628,0,86.5,93,0,-0.5,0,2
628.25,0,86.25,93,0,-0.5,0,2
628.5,0,86.25,93,0,-0.5,0,2
628.75,0,86.25,93,0,-0.5,0,2
629,0,86.25,93,0,-0.5,0,2
629.25,0,85.75,93,0,-0.5,0,2
629.5,0,85.75,93,0,-0.5,0,2
629.75,0,85.75,93,0,-0.5,0,2
630,0,85.75,93,0,-0.5,0,2
630.25,0,85,93,0,-0.5,0,2
630.5,0,85,93,0,-0.5,0,2
630.75,0,85,93,0,-0.5,0,2
631,0,85,93,0,-0.5,0,2
631.25,0,84.75,93,0,-0.5,0,2
631.5,0,84.75,93,0,-0.5,0,2
631.75,0,84.75,93,0,-0.5,0,2
632,0,84.75,93,0,-0.5,0,2
632.25,0,84.75,93,0,-0.5,0,2
632.5,0,84.75,93,0,-0.5,0,2
632.75,0,84.75,93,0,-0.5,0,2
633,0,84.75,93,0,-0.5,0,2
633.25,0,84.25,93,0,-0.5,0,2
633.5,0,84.25,93,0,-0.5,0,2
633.75,0,84.25,93,0,-0.5,0,2
634,0,84.25,93,0,-0.5,0,2
634.25,0,84,93,0,-0.5,0,2
634.5,0,84,93,0,-0.5,0,2
634.75,0,84,93,0,-0.5,0,2
635,0,84,93,0,-0.5,0,2
635.25,0,84.75,93,0,-0.5,0,2
635.5,0,84.75,93,0,-0.5,0,2
635.75,0,84.75,93,0,-0.5,0,2
636,0,84.75,93,0,-0.5,0,2
636.25,0,84.25,93,0,-0.5,0,2
636.5,0,84.25,93,0,-0.5,0,2
636.75,0,84.25,93,0,-0.5,0,2
637,0,84.25,93,0,-0.5,0,2
637.25,0,84,93,0,-0.5,0,2
637.5,0,84,93,0,-0.5,0,2
637.75,0,84,93,0,-0.5,0,2
638,0,84,93,0,-0.5,0,2
638.25,0,83.75,93,0,-0.5,0,2
638.5,0,83.75,93,0,-0.5,0,2
638.75,0,83.75,93,0,-0.5,0,2
639,0,83.75,93,0,-0.5,0,2
639.25,0,83.5,93,0,-0.5,0,2
639.5,0,83.5,93,0,-0.5,0,2
639.75,0,83.5,93,0,-0.5,0,2
640,0,83.5,93,0,-0.5,0,2
640.25,0,83.5,93,0,-0.5,0,2
640.5,0,84,93,0,-0.5,0,2
640.75,0,84,93,0,-0.5,0,2
641,0,84,93,0,-0.5,0,2
641.25,0,83.5,93,0,-0.5,0,2
641.5,0,83.5,93,0,-0.5,0,2
641.75,0,83.5,93,0,-0.5,0,2
642,0,83.5,93,0,-0.5,0,2
642.25,0,83.5,93,0,-0.5,0,2
642.5,0,83.5,93,0,-0.5,0,2
642.75,0,83.5,93,0,-0.5,0,2
643,0,83.5,93,0,-0.5,0,2
643.25,0,83,93,0,-0.5,0,2
643.5,0,83,93,0,-0.5,0,2
643.75,0,83,93,0,-0.5,0,2
644,0,83,93,0,-0.5,0,2
644.25,0,82.5,93,0,-0.5,0,2
644.5,0,82.5,93,0,-0.5,0,2
644.75,0,82.5,93,0,-0.5,0,2
645,0,82.5,93,0,-0.5,0,2
645.25,0,83,93,0,-0.5,0,2
645.5,0,83,93,0,-0.5,0,2
645.75,0,83,93,0,-0.5,0,2
646,0,83,93,0,-0.5,0,2
646.25,0,83,93,0,-0.5,0,2
646.5,0,82.75,93,0,-0.5,0,2
646.75,0,82.75,93,0,-0.5,0,2
647,0,82.75,93,0,-0.5,0,2
647.25,0,82.75,93,0,-0.5,0,2
647.5,0,82.5,93,0,-0.5,0,2
647.75,0,82.5,93,0,-0.5,0,2
648,0,82.5,93,0,-0.5,0,2
648.25,0,82.5,93,0,-0.5,0,2
648.5,0,83,93,0,-0.5,0,2
648.75,0,83,93,0,-0.5,0,2
649,0,83,93,0,-0.5,0,2
649.25,0,83,93,0,-0.5,0,2
649.5,0,82.5,93,0,-0.5,0,2
649.75,0,82.5,93,0,-0.5,0,2
650,0,82.5,93,0,-0.5,0,2
650.25,0,82.5,93,0,-0.5,0,2
650.5,0,82.5,93,0,-0.5,0,2
650.75,0,82.5,93,0,-0.5,0,2
651,0,82.5,93,0,-0.5,0,2
651.25,0,82.5,93,0,-0.5,0,2
651.5,0,81.75,93,0,-0.5,0,2
651.75,0,81.75,93,0,-0.5,0,2
652,0,81.75,93,0,-0.5,0,2
652.25,0,81.75,93,0,-0.5,0,2
652.5,0,82,93,0,-0.5,0,2
652.75,0,82,93,0,-0.5,0,2
653,0,82,93,0,-0.5,0,2
653.25,0,82,93,0,-0.5,0,2
653.5,0,82.25,93,0,-0.5,0,2
653.75,0,82.25,93,0,-0.5,0,2
654,0,82.25,93,0,-0.5,0,2
654.25,0,82.25,93,0,-0.5,0,2
654.5,0,80.75,93,0,-0.5,0,2
654.75,0,80.75,93,0,-0.5,0,2
655,0,80.75,93,0,-0.5,0,2
655.25,0,80.75,93,0,-0.5,0,2
655.5,0,81.75,93,0,-0.5,0,2
655.75,0,81.75,93,0,-0.5,0,2
656,0,81.75,93,0,-0.5,0,2
656.25,0,81.75,93,0,-0.5,0,2
656.5,0,81.5,93,0,-0.5,0,2
656.75,0,81.5,93,0,-0.5,0,2
657,0,81.5,93,0,-0.5,0,2
657.25,0,81.5,93,0,-0.5,0,2
657.5,0,80.75,93,0,-0.5,0,2
657.75,0,80.75,93,0,-0.5,0,2
658,0,80.75,93,0,-0.5,0,2
658.25,0,80.75,93,0,-0.5,0,2
658.5,0,81.5,93,0,-0.5,0,2
658.75,0,81.5,93,0,-0.5,0,2
659,0,81.5,93,0,-0.5,0,2
659.25,0,81.5,93,0,-0.5,0,2
659.5,0,81.25,93,0,-0.5,0,2
659.75,0,81.25,93,0,-0.5,0,2
660,0,81.25,93,0,-0.5,0,2
660.25,0,81.25,93,0,-0.5,0,2
660.5,0,81.25,93,0,-0.5,0,2
660.75,0,81.75,93,0,-0.5,0,2
661,0,81.75,93,0,-0.5,0,2
661.25,0,81.75,93,0,-0.5,0,2
661.5,0,82.25,93,0,-0.5,0,2
661.75,0,82.25,93,0,-0.5,0,2
662,0,82.25,93,0,-0.5,0,2
662.25,0,82.25,93,0,-0.5,0,2
662.5,0,82.5,93,0,-0.5,0,2
662.75,0,82.5,93,0,-0.5,0,2
663,0,82.5,93,0,-0.5,0,2
663.25,0,82.5,93,0,-0.5,0,2
663.5,0,82,93,0,-0.5,0,2
663.75,0,82,93,0,-0.5,0,2
664,0,82,93,0,-0.5,0,2
664.25,0,82,93,0,-0.5,0,2
664.5,0,82.75,93,0,-0.5,0,2
664.75,0,82.75,93,0,-0.5,0,2
665,0,82.75,93,0,-0.5,0,2
665.25,0,82.75,93,0,-0.5,0,2
665.5,0,82.5,93,0,-0.5,0,2
665.75,0,82.5,93,0,-0.5,0,2
666,0,82.5,93,0,-0.5,0,2
666.25,0,82.5,93,0,-0.5,0,2
666.5,0,83.25,93,0,-0.5,0,2
666.75,0,83.25,93,0,-0.5,0,2
667,0,83.25,93,0,-0.5,0,2
667.25,0,83.25,93,0,-0.5,0,2
667.5,0,83.25,93,0,-0.5,0,2
667.75,0,83.25,93,0,-0.5,0,2
668,0,83.25,93,0,-0.5,0,2
668.25,0,83.25,93,0,-0.5,0,2
668.5,0,82.75,93,0,-0.5,0,2
668.75,0,82.75,93,0,-0.5,0,2
669,0,82.75,93,0,-0.5,0,2
669.25,0,82.75,93,0,-0.5,0,2
669.5,0,82.5,93,0,-0.5,0,2
669.75,0,82.5,93,0,-0.5,0,2
670,0,82.5,93,0,-0.5,0,2
670.25,0,82.75,93,0,-0.5,0,2
670.5,0,82.75,93,0,-0.5,0,2
670.75,0,82.75,93,0,-0.5,0,2
671,0,82.75,93,0,-0.5,0,2
671.25,0,82,93,0,-0.5,0,2
671.5,0,82,93,0,-0.5,0,2
671.75,0,82,93,0,-0.5,0,2
672,0,82,93,0,-0.5,0,2
672.25,0,82,93,0,-0.5,0,2
672.5,0,82,93,0,-0.5,0,2
672.75,0,82,93,0,-0.5,0,2
673,0,82,93,0,-0.5,0,2
673.25,0,82.5,93,0,-0.5,0,2
673.5,0,82.5,93,0,-0.5,0,2
673.75,0,82.5,93,0,-0.5,0,2
674,0,82.5,93,0,-0.5,0,2
674.25,0,82.25,93,0,-0.5,0,2
674.5,0,82.25,93,0,-0.5,0,2
674.75,0,82.25,93,0,-0.5,0,2
675,0,82.25,93,0,-0.5,0,2
675.25,0,82.5,93,0,-0.5,0,2
675.5,0,82.5,93,0,-0.5,0,2
675.75,0,82.5,93,0,-0.5,0,2
676,0,82.5,93,0,-0.5,0,2
676.25,0,81.75,93,0,-0.5,0,2
676.5,0,81.75,93,0,-0.5,0,2
676.75,0,81.75,93,0,-0.5,0,2
677,0,81.75,93,0,-0.5,0,2
677.25,0,78.5,93,0,-0.5,0,2
677.5,0,78.5,93,0,-0.5,0,2
677.75,0,78.5,93,0,-0.5,0,2
678,0,78.5,93,0,-0.5,0,2
678.25,0,80.25,93,0,-0.5,0,2
678.5,0,80.25,93,0,-0.5,0,2
678.75,0,80.25,93,0,-0.5,0,2
679,0,80.25,93,0,-0.5,0,2
679.25,0,77,93,0,-0.5,0,2
679.5,0,77,93,0,-0.5,0,2
679.75,0,77,93,0,-0.5,0,2
680,0,77,93,0,-0.5,0,2
680.25,0,79,93,0,-0.5,0,2
680.5,0,79,93,0,-0.5,0,2
680.75,0,79,93,0,-0.5,0,2
681,0,79,93,0,-0.5,0,2
681.25,0,77.75,93,0,-0.5,0,2
681.5,0,77.75,93,0,-0.5,0,2
681.75,0,77.75,93,0,-0.5,0,2
682,0,77.75,93,0,-0.5,0,2
682.25,0,78.5,93,0,-0.5,0,2
682.5,0,78.5,93,0,-0.5,0,2
682.75,0,78.5,93,0,-0.5,0,2
683,0,78.5,93,0,-0.5,0,2
683.25,0,78,93,0,-0.5,0,2
683.5,0,78,93,0,-0.5,0,2
683.75,0,78,93,0,-0.5,0,2
684,0,78,93,0,-0.5,0,2
684.25,0,78,93,0,-0.5,0,2
684.5,0,78,93,0,-0.5,0,2
684.75,0,78,93,0,-0.5,0,2
685,0,78,93,0,-0.5,0,2
685.25,0,78,93,0,-0.5,0,2
685.5,0,77.75,93,0,-0.5,0,2
685.75,0,77.75,93,0,-0.5,0,2
686,0,77.75,93,0,-0.5,0,2
686.25,0,77.75,93,0,-0.5,0,2
686.5,0,77.5,93,0,-0.5,0,2
686.75,0,77.5,93,0,-0.5,0,2
687,0,77.5,93,0,-0.5,0,2
687.25,0,77.5,93,0,-0.5,0,2
687.5,0,78.5,93,0,-0.5,0,2
687.75,0,78.5,93,0,-0.5,0,2
688,0,78.5,93,0,-0.5,0,2
688.25,0,78.5,93,0,-0.5,0,2
688.5,0,78.25,93,0,-0.5,0,2
688.75,0,78.25,93,0,-0.5,0,2
689,0,78.25,93,0,-0.5,0,2
689.25,0,78.25,93,0,-0.5,0,2
689.5,0,80,93,0,-0.5,0,2
689.75,0,80,93,0,-0.5,0,2
690,0,80,93,0,-0.5,0,2
690.25,0,80,93,0,-0.5,0,2
690.5,0,78.5,93,0,-0.5,0,2
690.75,0,78.5,93,0,-0.5,0,2
691,0,78.5,93,0,-0.5,0,2
691.25,0,78.5,93,0,-0.5,0,2
691.5,0,79.75,93,0,-0.5,0,2
691.75,0,79.75,93,0,-0.5,0,2
692,0,79.75,93,0,-0.5,0,2
692.25,0,79.75,93,0,-0.5,0,2
692.5,0,78.5,93,0,-0.5,0,2
692.75,0,78.5,93,0,-0.5,0,2
693,0,78.5,93,0,-0.5,0,2
693.25,0,78.5,93,0,-0.5,0,2
693.5,0,78.75,93,0,-0.5,0,2
693.75,0,78.75,93,0,-0.5,0,2
694,0,78.75,93,0,-0.5,0,2
694.25,0,78.75,93,0,-0.5,0,2
694.5,0,78,93,0,-0.5,0,2
694.75,0,78,93,0,-0.5,0,2
695,0,78,93,0,-0.5,0,2
695.25,0,78,93,0,-0.5,0,2
695.5,0,77,93,0,-0.5,0,2
695.75,0,77,93,0,-0.5,0,2
696,0,77,93,0,-0.5,0,2
696.25,0,77,93,0,-0.5,0,2
696.5,0,76.75,93,0,-0.5,0,2
696.75,0,76.75,93,0,-0.5,0,2
697,0,76.75,93,0,-0.5,0,2
697.25,0,76.75,93,0,-0.5,0,2
697.5,0,76.75,93,0,-0.5,0,2
697.75,0,76.75,93,0,-0.5,0,2
698,0,76.75,93,0,-0.5,0,2
698.25,0,76.75,93,0,-0.5,0,2
698.5,0,76.75,93,0,-0.5,0,2
698.75,0,73,93,0,-0.5,0,2
699,0,73,93,0,-0.5,0,2
699.25,0,73,93,0,-0.5,0,2
699.5,0,73,93,0,-0.5,0,2
699.75,0,73.25,93,0,-0.5,0,2
700,0,73.25,93,0,-0.5,0,2
700.25,0,73.25,93,0,-0.5,0,2
700.5,0,73,93,0,-0.5,0,2
700.75,0,73,93,0,-0.5,0,2
701,0,73,93,0,-0.5,0,2
701.25,0,73,93,0,-0.5,0,2
701.5,0,72.75,93,0,-0.5,0,2
701.75,0,72.75,93,0,-0.5,0,2
702,0,72.75,93,0,-0.5,0,2
702.25,0,72.75,93,0,-0.5,0,2
702.5,0,72.5,93,0,-0.5,0,2
702.75,0,72.5,93,0,-0.5,0,2
703,0,72.5,93,0,-0.5,0,2
703.25,0,72.5,93,0,-0.5,0,2
703.5,0,76.25,93,0,-0.5,0,2
703.75,0,76.25,93,0,-0.5,0,2
704,0,76.25,93,0,-0.5,0,2
704.25,0,72.5,93,0,-0.5,0,2
704.5,0,72.5,93,0,-0.5,0,2
704.75,0,72.5,93,0,-0.5,0,2
705,0,72.5,93,0,-0.5,0,2
705.25,0,71.5,93,0,-0.5,0,2
705.5,0,71.5,93,0,-0.5,0,2
705.75,0,71.5,93,0,-0.5,0,2
706,0,71.5,93,0,-0.5,0,2
706.25,0,72.25,93,0,-0.5,0,2
706.5,0,72.25,93,0,-0.5,0,2
706.75,0,72.25,93,0,-0.5,0,2
707,0,72.25,93,0,-0.5,0,2
707.25,0,72,93,0,-0.5,0,2
707.5,0,72,93,0,-0.5,0,2
707.75,0,72,93,0,-0.5,0,2
708,0,72,93,0,-0.5,0,2
708.25,0,72.25,93,0,-0.5,0,2
708.5,0,72.25,93,0,-0.5,0,2
708.75,0,72.25,93,0,-0.5,0,2
709,0,72.25,93,0,-0.5,0,2
709.25,0,72,93,0,-0.5,0,2
709.5,0,72,93,0,-0.5,0,2
709.75,0,72,93,0,-0.5,0,2
710,0,72,93,0,-0.5,0,2
710.25,0,71.5,93,0,-0.5,0,2
710.5,0,71.5,93,0,-0.5,0,2
710.75,0,71.5,93,0,-0.5,0,2
711,0,71.5,93,0,-0.5,0,2
711.25,0,71.5,93,0,-0.5,0,2
711.5,0,71.5,93,0,-0.5,0,2
711.75,0,71.5,93,0,-0.5,0,2
712,0,71.5,93,0,-0.5,0,2
712.25,0,71.5,93,0,-0.5,0,2
712.5,0,72.25,93,0,-0.5,0,2
712.75,0,72.25,93,0,-0.5,0,2
713,0,72.25,93,0,-0.5,0,2
713.25,0,74.75,93,0,-0.5,0,2
713.5,0,74.75,93,0,-0.5,0,2
713.75,0,74.75,93,0,-0.5,0,2
714,0,74.75,93,0,-0.5,0,2
714.25,0,71.25,93,0,-0.5,0,2
714.5,0,71.25,93,0,-0.5,0,2
714.75,0,71.25,93,0,-0.5,0,2
715,0,71.25,93,0,-0.5,0,2
715.25,0,72.25,93,0,-0.5,0,2
715.5,0,72.25,93,0,-0.5,0,2
715.75,0,72.25,93,0,-0.5,0,2
716,0,72.25,93,0,-0.5,0,2
716.25,0,71.25,93,0,-0.5,0,2
716.5,0,71.25,93,0,-0.5,0,2
716.75,0,71.25,93,0,-0.5,0,2
717,0,71.25,93,0,-0.5,0,2
717.25,0,71,93,0,-0.5,0,2
717.5,0,71,93,0,-0.5,0,2
717.75,0,71,93,0,-0.5,0,2
718,0,71,93,0,-0.5,0,2
718.25,0,70.75,93,0,-0.5,0,2
718.5,0,70.75,93,0,-0.5,0,2
718.75,0,70.75,93,0,-0.5,0,2
719,0,70.75,93,0,-0.5,0,2
719.25,0,71.25,93,0,-0.5,0,2
719.5,0,71.25,93,0,-0.5,0,2
719.75,0,71.25,93,0,-0.5,0,2
720,0,71.25,93,0,-0.5,0,2
720.25,0,70.5,93,0,-0.5,0,2
720.5,0,70.5,93,0,-0.5,0,2
720.75,0,70.5,93,0,-0.5,0,2
721,0,70.5,93,0,-0.5,0,2
721.25,0,72.75,93,0,-0.5,0,2
721.5,0,72.75,93,0,-0.5,0,2
721.75,0,72.75,93,0,-0.5,0,2
722,0,72.75,93,0,-0.5,0,2
722.25,0,72.75,93,0,-0.5,0,2
722.5,0,73.25,93,0,-0.5,0,2
722.75,0,73.25,93,0,-0.5,0,2
723,0,73.25,93,0,-0.5,0,2
723.25,0,73.25,93,0,-0.5,0,2
723.5,0,73,93,0,-0.5,0,2
723.75,0,73,93,0,-0.5,0,2
724,0,73,93,0,-0.5,0,2
724.25,0,73,93,0,-0.5,0,2
724.5,0,73,93,0,-0.5,0,2
724.75,0,73,93,0,-0.5,0,2
725,0,73,93,0,-0.5,0,2
725.25,0,73,93,0,-0.5,0,2
725.5,0,72.5,93,0,-0.5,0,2
725.75,0,72.5,93,0,-0.5,0,2
726,0,72.5,93,0,-0.5,0,2
726.25,0,72.5,93,0,-0.5,0,2
726.5,0,72.75,93,0,-0.5,0,2
726.75,0,72.75,93,0,-0.5,0,2
727,0,72.75,93,0,-0.5,0,2
727.25,0,72.75,93,0,-0.5,0,2
727.5,0,72.5,93,0,-0.5,0,2
727.75,0,72.5,93,0,-0.5,0,2
728,0,72.5,93,0,-0.5,0,2
728.25,0,72.5,93,0,-0.5,0,2
728.5,0,72.5,93,0,-0.5,0,2
728.75,0,72.5,93,0,-0.5,0,2
729,0,72.5,93,0,-0.5,0,2
729.25,0,72.5,93,0,-0.5,0,2
729.5,0,72.25,93,0,-0.5,0,2
729.75,0,72.25,93,0,-0.5,0,2
730,0,72.25,93,0,-0.5,0,2
730.25,0,72.25,93,0,-0.5,0,2
730.5,0,72.25,93,0,-0.5,0,2
730.75,0,72.25,93,0,-0.5,0,2
731,0,72.25,93,0,-0.5,0,2
731.25,0,72.25,93,0,-0.5,0,2
731.5,0,72,93,0,-0.5,0,2
731.75,0,72,93,0,-0.5,0,2
732,0,72,93,0,-0.5,0,2
732.25,0,72,93,0,-0.5,0,2
732.5,0,72.25,93,0,-0.5,0,2
732.75,0,72.25,93,0,-0.5,0,2
733,0,72.25,93,0,-0.5,0,2
733.25,0,72.25,93,0,-0.5,0,2
733.5,0,72,93,0,-0.5,0,2
733.75,0,72,93,0,-0.5,0,2
734,0,72,93,0,-0.5,0,2
734.25,0,72,93,0,-0.5,0,2
734.5,0,72,93,0,-0.5,0,2
734.75,0,72,93,0,-0.5,0,2
735,0,72,93,0,-0.5,0,2
735.25,0,72,93,0,-0.5,0,2
735.5,0,72,93,0,-0.5,0,2
735.75,0,72,93,0,-0.5,0,2
736,0,72,93,0,-0.5,0,2
736.25,0,72,93,0,-0.5,0,2
736.5,0,72,93,0,-0.5,0,2
736.75,0,72,93,0,-0.5,0,2
737,0,72,93,0,-0.5,0,2
737.25,0,72,93,0,-0.5,0,2
737.5,0,71.75,93,0,-0.5,0,2
737.75,0,71.75,93,0,-0.5,0,2
738,0,71.75,93,0,-0.5,0,2
738.25,0,71.75,93,0,-0.5,0,2
738.5,0,72,93,0,-0.5,0,2
738.75,0,72,93,0,-0.5,0,2
739,0,72,93,0,-0.5,0,2
739.25,0,72,93,0,-0.5,0,2
739.5,0,72,93,0,-0.5,0,2
739.75,0,72,93,0,-0.5,0,2
740,0,72,93,0,-0.5,0,2
740.25,0,72,93,0,-0.5,0,2
740.5,0,71.75,93,0,-0.5,0,2
740.75,0,71.75,93,0,-0.5,0,2
741,0,71.75,93,0,-0.5,0,2
741.25,0,71.75,93,0,-0.5,0,2
741.5,0,71,93,0,-0.5,0,2
741.75,0,71,93,0,-0.5,0,2
742,0,71,93,0,-0.5,0,2
742.25,0,71,93,0,-0.5,0,2
742.5,0,71.5,93,0,-0.5,0,2
742.75,0,71.5,93,0,-0.5,0,2
743,0,71.5,93,0,-0.5,0,2
743.25,0,71.5,93,0,-0.5,0,2
