time,status,kp,ki,kd,setpoint,output,temperature,error,integral,derivative
0,3,2,0.0025,0.5,93,120,32.5,60.5,45.5625,-1
0.297,3,2,0.0025,0.5,93,122,32.25,60.75,60.75,1
0.585,3,2,0.0025,0.5,93,120,32.5,60.5,75.875,-1
0.872,3,2,0.0025,0.5,93,122,32,61,106.313,1
1.193,3,2,0.0025,0.5,93,121,32.25,60.75,121.5,-1
1.496,3,2,0.0025,0.5,93,121,32.25,60.75,136.688,0
1.784,3,2,0.0025,0.5,93,123,31.75,61.25,152,2
2.071,3,2,0.0025,0.5,93,119,32.5,60.5,167.125,-3
2.359,3,2,0.0025,0.5,93,122,32,61,197.625,0
2.695,3,2,0.0025,0.5,93,122,32,61,212.875,0
2.999,3,2,0.0025,0.5,93,122,32,61,228.125,0
3.286,3,2,0.0025,0.5,93,121,32.25,60.75,243.313,-1
3.574,3,2,0.0025,0.5,93,123,32,61,258.563,1
3.863,3,2,0.0025,0.5,93,121,32.5,60.5,288.875,-1
4.197,3,2,0.0025,0.5,93,123,32,61,304.125,2
4.5,3,2,0.0025,0.5,93,121,32.25,60.75,319.313,-1
4.789,3,2,0.0025,0.5,93,124,31.75,61.25,334.625,2
5.076,3,2,0.0025,0.5,93,120,32.5,60.5,349.75,-3
5.364,3,2,0.0025,0.5,93,121,32.5,60.5,380.063,-1
5.7,3,2,0.0025,0.5,93,122,32.25,60.75,395.25,1
6.003,3,2,0.0025,0.5,93,121,32.5,60.5,410.375,-1
6.292,3,2,0.0025,0.5,93,122,32.5,60.5,425.5,0
6.579,3,2,0.0025,0.5,93,124,32,61,440.75,2
6.866,3,2,0.0025,0.5,93,123,32,61,471.188,1
7.202,3,2,0.0025,0.5,93,121,32.5,60.5,486.313,-2
7.506,3,2,0.0025,0.5,93,123,32.25,60.75,501.5,1
7.794,3,2,0.0025,0.5,93,122,32.25,60.75,516.688,0
8.082,3,2,0.0025,0.5,93,121,32.5,60.5,531.813,-1
8.369,3,2,0.0025,0.5,93,122,32.5,60.5,562.063,0
8.705,3,2,0.0025,0.5,93,123,32.25,60.75,577.25,1
9.008,3,2,0.0025,0.5,93,122,32.25,60.75,592.438,0
9.296,3,2,0.0025,0.5,93,123,32.25,60.75,607.625,0
9.584,3,2,0.0025,0.5,93,124,32,61,622.875,1
9.872,3,2,0.0025,0.5,93,126,31.75,61.25,653.25,4
10.208,3,2,0.0025,0.5,93,120,32.75,60.25,668.313,-4
10.511,3,2,0.0025,0.5,93,124,32.25,60.75,683.5,2
10.799,3,2,0.0025,0.5,93,122,32.5,60.5,698.625,-1
11.087,3,2,0.0025,0.5,93,124,32,61,713.875,2
11.374,3,2,0.0025,0.5,93,123,32.5,60.5,744.063,1
11.711,3,2,0.0025,0.5,93,122,32.5,60.5,759.188,0
12.014,3,2,0.0025,0.5,93,121,32.75,60.25,774.25,-1
12.302,3,2,0.0025,0.5,93,122,32.75,60.25,789.313,0
12.606,3,2,0.0025,0.5,93,121,33,60,819.375,-1
12.957,3,2,0.0025,0.5,93,123,32.75,60.25,834.438,1
13.261,3,2,0.0025,0.5,93,123,32.5,60.5,849.563,1
13.549,3,2,0.0025,0.5,93,124,32.25,60.75,864.75,1
13.836,3,2,0.0025,0.5,93,121,32.75,60.25,879.813,-2
14.123,3,2,0.0025,0.5,93,122,33,60,909.813,0
14.46,3,2,0.0025,0.5,93,123,32.75,60.25,924.875,1
14.763,3,2,0.0025,0.5,93,121,33,60,939.875,-1
15.05,3,2,0.0025,0.5,93,122,33,60,954.875,0
15.339,3,2,0.0025,0.5,93,125,32.25,60.75,970.063,3
15.642,3,2,0.0025,0.5,93,124,32.5,60.5,1000.25,1
15.994,3,2,0.0025,0.5,93,121,33,60,1015.25,-2
16.281,3,2,0.0025,0.5,93,124,32.5,60.5,1030.38,2
16.569,3,2,0.0025,0.5,93,121,33,60,1045.38,-2
16.857,3,2,0.0025,0.5,93,121,33.25,59.75,1060.31,-1
17.144,3,2,0.0025,0.5,93,123,33,60,1090.25,1
17.496,3,2,0.0025,0.5,93,121,33.25,59.75,1105.19,-1
17.784,3,2,0.0025,0.5,93,121,33.5,59.5,1120.06,-1
18.072,3,2,0.0025,0.5,93,124,32.75,60.25,1135.13,3
18.359,3,2,0.0025,0.5,93,121,33.25,59.75,1150.06,-2
18.647,3,2,0.0025,0.5,93,122,33.25,59.75,1179.94,0
18.999,3,2,0.0025,0.5,93,121,33.5,59.5,1194.81,-1
19.303,3,2,0.0025,0.5,93,122,33.5,59.5,1209.69,0
19.59,3,2,0.0025,0.5,93,125,32.75,60.25,1224.75,3
19.877,3,2,0.0025,0.5,93,122,33.5,59.5,1254.5,0
20.214,3,2,0.0025,0.5,93,121,33.75,59.25,1269.31,-1
20.518,3,2,0.0025,0.5,93,122,33.5,59.5,1284.19,1
20.82,3,2,0.0025,0.5,93,122,33.5,59.5,1299.06,0
21.108,3,2,0.0025,0.5,93,121,33.75,59.25,1313.88,-1
21.395,3,2,0.0025,0.5,93,121,33.75,59.25,1343.56,-1
21.715,3,2,0.0025,0.5,93,122,33.5,59.5,1358.44,1
22.019,3,2,0.0025,0.5,93,121,33.75,59.25,1373.25,-1
22.307,3,2,0.0025,0.5,93,122,33.5,59.5,1388.13,1
22.594,3,2,0.0025,0.5,93,120,34,59,1402.88,-2
22.883,3,2,0.0025,0.5,93,119,34.25,58.75,1432.44,-3
23.218,3,2,0.0025,0.5,93,122,34,59,1447.19,1
23.523,3,2,0.0025,0.5,93,120,34.25,58.75,1461.88,-1
23.81,3,2,0.0025,0.5,93,121,34.25,58.75,1476.56,0
24.097,3,2,0.0025,0.5,93,122,34,59,1491.31,1
24.385,3,2,0.0025,0.5,93,120,34.5,58.5,1520.56,0
24.72,3,2,0.0025,0.5,93,121,34.25,58.75,1535.25,1
25.024,3,2,0.0025,0.5,93,121,34.25,58.75,1549.94,0
25.312,3,2,0.0025,0.5,93,120,34.5,58.5,1564.56,-1
25.6,3,2,0.0025,0.5,93,120,34.5,58.5,1579.19,0
25.887,3,2,0.0025,0.5,93,121,34.25,58.75,1608.56,0
26.223,3,2,0.0025,0.5,93,119,34.75,58.25,1623.13,-2
26.526,3,2,0.0025,0.5,93,119,35,58,1637.63,-1
26.815,3,2,0.0025,0.5,93,121,34.75,58.25,1652.19,1
27.102,3,2,0.0025,0.5,93,120,34.75,58.25,1666.75,0
27.39,3,2,0.0025,0.5,93,122,34.5,58.5,1695.81,3
27.726,3,2,0.0025,0.5,93,119,35,58,1710.31,-2
28.029,3,2,0.0025,0.5,93,121,34.75,58.25,1724.88,1
28.317,3,2,0.0025,0.5,93,119,35,58,1739.38,-1
28.604,3,2,0.0025,0.5,93,119,35.25,57.75,1753.81,-1
28.893,3,2,0.0025,0.5,93,118,35.5,57.5,1782.69,-2
29.228,3,2,0.0025,0.5,93,120,35.25,57.75,1797.13,1
29.532,3,2,0.0025,0.5,93,120,35.25,57.75,1811.56,0
29.82,3,2,0.0025,0.5,93,120,35.25,57.75,1826,0
30.107,3,2,0.0025,0.5,93,117,36,57,1840.25,-3
30.395,3,2,0.0025,0.5,93,118,36,57,1868.75,0
30.731,3,2,0.0025,0.5,93,120,35.5,57.5,1883.13,2
31.034,3,2,0.0025,0.5,93,119,35.5,57.5,1897.5,0
31.322,3,2,0.0025,0.5,93,116,36.25,56.75,1911.69,-3
31.609,3,2,0.0025,0.5,93,120,35.75,57.25,1926,2
31.897,3,2,0.0025,0.5,93,117,36.5,56.5,1954.31,-1
32.233,3,2,0.0025,0.5,93,117,36.5,56.5,1968.44,0
32.537,3,2,0.0025,0.5,93,119,36,57,1982.69,2
32.824,3,2,0.0025,0.5,93,116,36.5,56.5,1996.81,-2
33.112,3,2,0.0025,0.5,93,117,36.75,56.25,2010.88,-1
33.399,3,2,0.0025,0.5,93,116,36.75,56.25,2039.13,-2
33.735,3,2,0.0025,0.5,93,117,36.75,56.25,2053.19,0
34.039,3,2,0.0025,0.5,93,116,37,56,2067.19,-1
34.327,3,2,0.0025,0.5,93,118,36.75,56.25,2081.25,1
34.614,3,2,0.0025,0.5,93,115,37.25,55.75,2095.19,-2
34.902,3,2,0.0025,0.5,93,118,36.75,56.25,2123.19,2
35.238,3,2,0.0025,0.5,93,115,37.25,55.75,2137.13,-2
35.542,3,2,0.0025,0.5,93,117,37,56,2151.13,1
35.829,3,2,0.0025,0.5,93,116,37.25,55.75,2165.06,-1
36.117,3,2,0.0025,0.5,93,114,37.75,55.25,2178.88,-2
36.405,3,2,0.0025,0.5,93,114,37.75,55.25,2206.69,-3
36.74,3,2,0.0025,0.5,93,115,38,55,2220.44,-1
37.044,3,2,0.0025,0.5,93,117,37.5,55.5,2234.31,2
37.333,3,2,0.0025,0.5,93,114,38,55,2248.06,-2
37.636,3,2,0.0025,0.5,93,114,38.25,54.75,2275.5,-1
37.987,3,2,0.0025,0.5,93,117,37.75,55.25,2289.31,2
38.292,3,2,0.0025,0.5,93,115,38,55,2303.06,-1
38.579,3,2,0.0025,0.5,93,113,38.5,54.5,2316.69,-2
38.882,3,2,0.0025,0.5,93,114,38.5,54.5,2330.31,0
39.17,3,2,0.0025,0.5,93,114,38.5,54.5,2357.63,-1
39.522,3,2,0.0025,0.5,93,113,38.75,54.25,2371.19,-1
39.809,3,2,0.0025,0.5,93,113,39,54,2384.69,-1
40.098,3,2,0.0025,0.5,93,115,38.5,54.5,2398.31,2
40.401,3,2,0.0025,0.5,93,113,39,54,2425.38,-1
40.752,3,2,0.0025,0.5,93,112,39.5,53.5,2438.75,-2
41.04,3,2,0.0025,0.5,93,114,39.25,53.75,2452.19,1
41.327,3,2,0.0025,0.5,93,112,39.5,53.5,2465.56,-1
41.616,3,2,0.0025,0.5,93,112,39.75,53.25,2478.88,-1
41.903,3,2,0.0025,0.5,93,113,39.5,53.5,2505.56,1
42.238,3,2,0.0025,0.5,93,111,40,53,2518.81,-2
42.543,3,2,0.0025,0.5,93,112,40,53,2532.06,0
42.83,3,2,0.0025,0.5,93,114,39.5,53.5,2545.44,2
43.118,3,2,0.0025,0.5,93,112,39.75,53.25,2558.75,-1
43.407,3,2,0.0025,0.5,93,110,40.5,52.5,2585.06,-1
43.741,3,2,0.0025,0.5,93,110,40.75,52.25,2598.13,-1
44.045,3,2,0.0025,0.5,93,112,40.5,52.5,2611.25,1
44.333,3,2,0.0025,0.5,93,111,40.5,52.5,2624.38,0
44.62,3,2,0.0025,0.5,93,110,40.75,52.25,2637.44,-1
44.908,3,2,0.0025,0.5,93,110,41,52,2663.5,-1
45.244,3,2,0.0025,0.5,93,110,41,52,2676.5,0
45.548,3,2,0.0025,0.5,93,110,41,52,2689.5,0
45.835,3,2,0.0025,0.5,93,109,41.25,51.75,2702.44,-1
46.123,3,2,0.0025,0.5,93,111,41,52,2715.44,1
46.41,3,2,0.0025,0.5,93,107,42,51,2741.06,-2
46.746,3,2,0.0025,0.5,93,110,41.5,51.5,2753.94,2
47.05,3,2,0.0025,0.5,93,108,41.75,51.25,2766.75,-1
47.338,3,2,0.0025,0.5,93,108,42,51,2779.5,-1
47.626,3,2,0.0025,0.5,93,108,42,51,2792.25,0
47.913,3,2,0.0025,0.5,93,108,42.25,50.75,2817.69,-1
48.249,3,2,0.0025,0.5,93,108,42.25,50.75,2830.38,0
48.552,3,2,0.0025,0.5,93,108,42.25,50.75,2843.06,0
48.84,3,2,0.0025,0.5,93,109,42,51,2855.81,1
49.128,3,2,0.0025,0.5,93,106,42.75,50.25,2868.38,-3
49.416,3,2,0.0025,0.5,93,107,43,50,2893.38,0
49.751,3,2,0.0025,0.5,93,107,43,50,2905.88,0
50.055,3,2,0.0025,0.5,93,107,43,50,2918.38,0
50.343,3,2,0.0025,0.5,93,107,43,50,2930.88,0
50.631,3,2,0.0025,0.5,93,106,43.25,49.75,2943.31,-1
50.919,3,2,0.0025,0.5,93,106,43.5,49.5,2968.06,0
51.253,3,2,0.0025,0.5,93,105,43.75,49.25,2980.38,-1
51.558,3,2,0.0025,0.5,93,105,43.75,49.25,2992.69,0
51.846,3,2,0.0025,0.5,93,105,44,49,3004.94,-1
52.133,3,2,0.0025,0.5,93,106,43.75,49.25,3017.25,1
52.421,3,2,0.0025,0.5,93,106,44,49,3041.69,1
52.757,3,2,0.0025,0.5,93,105,44,49,3053.94,0
53.06,3,2,0.0025,0.5,93,104,44.25,48.75,3066.13,-1
53.348,3,2,0.0025,0.5,93,103,44.75,48.25,3078.19,-2
53.635,3,2,0.0025,0.5,93,107,44,49,3090.44,3
53.923,3,2,0.0025,0.5,93,103,45,48,3114.5,-1
54.259,3,2,0.0025,0.5,93,103,45,48,3126.5,0
54.563,3,2,0.0025,0.5,93,103,45,48,3138.5,0
54.85,3,2,0.0025,0.5,93,100,45.75,47.25,3150.31,-3
55.137,3,2,0.0025,0.5,93,104,45.25,47.75,3162.25,2
55.426,3,2,0.0025,0.5,93,103,45.5,47.5,3185.94,1
55.762,3,2,0.0025,0.5,93,101,45.75,47.25,3197.75,-1
56.065,3,2,0.0025,0.5,93,101,46,47,3209.5,-1
56.353,3,2,0.0025,0.5,93,102,46,47,3221.25,0
56.641,3,2,0.0025,0.5,93,101,46.25,46.75,3232.94,-1
56.928,3,2,0.0025,0.5,93,100,46.5,46.5,3256.25,-1
57.264,3,2,0.0025,0.5,93,101,46.5,46.5,3267.88,0
57.567,3,2,0.0025,0.5,93,102,46.25,46.75,3279.56,1
57.855,3,2,0.0025,0.5,93,98,47,46,3291.06,-3
58.143,3,2,0.0025,0.5,93,101,46.75,46.25,3302.63,1
58.446,3,2,0.0025,0.5,93,98,47.5,45.5,3325.5,-2
58.798,3,2,0.0025,0.5,93,99,47.5,45.5,3336.88,0
59.086,3,2,0.0025,0.5,93,101,47,46,3348.38,2
59.373,3,2,0.0025,0.5,93,99,47.25,45.75,3359.81,-1
59.662,3,2,0.0025,0.5,93,98,47.75,45.25,3382.44,0
60.013,3,2,0.0025,0.5,93,99,47.5,45.5,3393.81,1
60.317,3,2,0.0025,0.5,93,98,47.75,45.25,3405.13,-1
60.604,3,2,0.0025,0.5,93,100,47.5,45.5,3416.5,1
60.892,3,2,0.0025,0.5,93,96,48.25,44.75,3427.69,-3
61.18,3,2,0.0025,0.5,93,98,48,45,3450.19,0
61.515,3,2,0.0025,0.5,93,95,48.75,44.25,3461.25,-3
61.82,3,2,0.0025,0.5,93,97,48.75,44.25,3472.31,0
62.123,3,2,0.0025,0.5,93,97,48.75,44.25,3483.38,0
62.41,3,2,0.0025,0.5,93,96,49,44,3494.38,-1
62.698,3,2,0.0025,0.5,93,96,49,44,3516.38,0
63.05,3,2,0.0025,0.5,93,95,49.25,43.75,3527.31,-1
63.339,3,2,0.0025,0.5,93,95,49.5,43.5,3538.19,-1
63.642,3,2,0.0025,0.5,93,95,49.5,43.5,3549.06,0
63.945,3,2,0.0025,0.5,93,95,49.75,43.25,3570.63,1
64.266,3,2,0.0025,0.5,93,94,50,43,3581.38,-1
64.569,3,2,0.0025,0.5,93,93,50.25,42.75,3592.06,-1
64.856,3,2,0.0025,0.5,93,95,50,43,3602.81,1
65.144,3,2,0.0025,0.5,93,94,50.25,42.75,3613.5,-1
65.431,3,2,0.0025,0.5,93,95,50.25,42.75,3634.81,1
65.768,3,2,0.0025,0.5,93,92,50.75,42.25,3645.38,-2
66.071,3,2,0.0025,0.5,93,93,50.75,42.25,3655.94,0
66.359,3,2,0.0025,0.5,93,92,51,42,3666.44,-1
66.646,3,2,0.0025,0.5,93,93,51,42,3676.94,0
66.935,3,2,0.0025,0.5,93,92,51.25,41.75,3697.81,0
67.27,3,2,0.0025,0.5,93,92,51.25,41.75,3708.25,0
67.573,3,2,0.0025,0.5,93,92,51.25,41.75,3718.69,0
67.861,3,2,0.0025,0.5,93,90,51.75,41.25,3729,-2
68.149,3,2,0.0025,0.5,93,91,51.75,41.25,3739.31,0
68.437,3,2,0.0025,0.5,93,90,52.25,40.75,3759.75,-1
68.772,3,2,0.0025,0.5,93,92,51.75,41.25,3770.06,2
69.076,3,2,0.0025,0.5,93,89,52.25,40.75,3780.25,-2
69.363,3,2,0.0025,0.5,93,89,52.5,40.5,3790.38,-1
69.652,3,2,0.0025,0.5,93,89,52.75,40.25,3800.44,-1
69.956,3,2,0.0025,0.5,93,89,52.75,40.25,3820.69,-2
70.306,3,2,0.0025,0.5,93,90,52.75,40.25,3830.75,0
70.594,3,2,0.0025,0.5,93,89,53,40,3840.75,-1
70.883,3,2,0.0025,0.5,93,88,53.25,39.75,3850.69,-1
71.186,3,2,0.0025,0.5,93,89,53.25,39.75,3870.56,0
71.539,3,2,0.0025,0.5,93,88,53.5,39.5,3880.44,-1
71.84,3,2,0.0025,0.5,93,88,53.5,39.5,3890.31,0
72.129,3,2,0.0025,0.5,93,87,53.75,39.25,3900.13,-1
72.432,3,2,0.0025,0.5,93,87,54,39,3919.69,-1
72.784,3,2,0.0025,0.5,93,86,54.25,38.75,3929.38,-1
73.087,3,2,0.0025,0.5,93,86,54.5,38.5,3939,-1
73.376,3,2,0.0025,0.5,93,87,54.25,38.75,3948.69,1
73.68,3,2,0.0025,0.5,93,85,54.75,38.25,3967.88,-1
74.031,3,2,0.0025,0.5,93,85,55,38,3977.38,-1
74.334,3,2,0.0025,0.5,93,85,55,38,3986.88,0
74.622,3,2,0.0025,0.5,93,86,54.75,38.25,3996.44,1
74.91,3,2,0.0025,0.5,93,83,55.5,37.5,4005.81,-3
75.214,3,2,0.0025,0.5,93,84,55.5,37.5,4024.63,-1
75.565,3,2,0.0025,0.5,93,85,55.5,37.5,4034,0
75.853,3,2,0.0025,0.5,93,83,56,37,4043.25,-2
76.141,3,2,0.0025,0.5,93,86,55.5,37.5,4052.63,2
76.428,3,2,0.0025,0.5,93,83,56,37,4061.88,-2
76.716,3,2,0.0025,0.5,93,82,56.5,36.5,4080.25,-2
77.068,3,2,0.0025,0.5,93,83,56.5,36.5,4089.38,0
77.372,3,2,0.0025,0.5,93,85,56,37,4098.63,2
77.659,3,2,0.0025,0.5,93,83,56.25,36.75,4107.81,-1
77.947,3,2,0.0025,0.5,93,82,56.75,36.25,4126,-1
78.283,3,2,0.0025,0.5,93,81,57,36,4135,-1
78.587,3,2,0.0025,0.5,93,83,56.75,36.25,4144.06,1
78.889,3,2,0.0025,0.5,93,80,57.25,35.75,4153,-2
79.178,3,2,0.0025,0.5,93,81,57.25,35.75,4161.94,0
79.481,3,2,0.0025,0.5,93,80,57.75,35.25,4179.63,-1
79.817,3,2,0.0025,0.5,93,81,57.5,35.5,4188.5,1
80.104,3,2,0.0025,0.5,93,80,57.75,35.25,4197.31,-1
80.393,3,2,0.0025,0.5,93,80,58,35,4206.06,-1
80.696,3,2,0.0025,0.5,93,80,58,35,4223.56,0
81.048,3,2,0.0025,0.5,93,80,58,35,4232.31,0
81.352,3,2,0.0025,0.5,93,79,58.25,34.75,4241,-1
81.654,3,2,0.0025,0.5,93,79,58.5,34.5,4249.63,-1
81.943,3,2,0.0025,0.5,93,78,58.5,34.5,4267,-2
82.295,3,2,0.0025,0.5,93,77,59,34,4275.5,-2
82.598,3,2,0.0025,0.5,93,78,59,34,4284,0
82.901,3,2,0.0025,0.5,93,78,59,34,4292.5,0
83.189,3,2,0.0025,0.5,93,77,59.25,33.75,4300.94,-1
83.476,3,2,0.0025,0.5,93,78,59.25,33.75,4317.75,1
83.829,3,2,0.0025,0.5,93,76,59.75,33.25,4326.06,-2
84.116,3,2,0.0025,0.5,93,78,59.5,33.5,4334.44,1
84.403,3,2,0.0025,0.5,93,77,59.5,33.5,4342.81,0
84.692,3,2,0.0025,0.5,93,76,60,33,4359.31,0
85.011,3,2,0.0025,0.5,93,75,60.25,32.75,4367.5,-1
85.347,3,2,0.0025,0.5,93,76,60.25,32.75,4375.69,0
85.635,3,2,0.0025,0.5,93,78,59.75,33.25,4384,2
85.923,3,2,0.0025,0.5,93,74,60.5,32.5,4392.13,-3
86.226,3,2,0.0025,0.5,93,74,61,32,4408.19,-1
86.578,3,2,0.0025,0.5,93,78,60.25,32.75,4416.38,3
86.866,3,2,0.0025,0.5,93,73,61,32,4424.38,-3
87.17,3,2,0.0025,0.5,93,77,60.5,32.5,4432.5,2
87.473,3,2,0.0025,0.5,93,73,61.5,31.5,4448.38,-2
87.792,3,2,0.0025,0.5,93,74,61.5,31.5,4456.25,0
88.097,3,2,0.0025,0.5,93,75,61.25,31.75,4464.19,1
88.384,3,2,0.0025,0.5,93,72,61.75,31.25,4472,-2
88.671,3,2,0.0025,0.5,93,73,61.75,31.25,4479.81,0
88.96,3,2,0.0025,0.5,93,73,62,31,4495.31,0
89.295,3,2,0.0025,0.5,93,72,62.25,30.75,4503,-1
89.599,3,2,0.0025,0.5,93,73,62,31,4510.75,1
89.887,3,2,0.0025,0.5,93,72,62.25,30.75,4518.44,-1
90.174,3,2,0.0025,0.5,93,69,63,30,4525.94,-3
90.462,3,2,0.0025,0.5,93,70,63,30,4541,-1
90.797,3,2,0.0025,0.5,93,72,62.75,30.25,4548.56,1
91.101,3,2,0.0025,0.5,93,72,62.5,30.5,4556.19,1
91.389,3,2,0.0025,0.5,93,69,63.25,29.75,4563.63,-3
91.676,3,2,0.0025,0.5,93,71,63,30,4571.13,1
91.964,3,2,0.0025,0.5,93,69,63.75,29.25,4585.81,-1
92.3,3,2,0.0025,0.5,93,70,63.5,29.5,4593.19,1
92.604,3,2,0.0025,0.5,93,67,64.25,28.75,4600.38,-3
92.891,3,2,0.0025,0.5,93,71,63.75,29.25,4607.69,2
93.179,3,2,0.0025,0.5,93,68,64.25,28.75,4614.88,-2
93.466,3,2,0.0025,0.5,93,68,64.5,28.5,4629.19,-1
93.802,3,2,0.0025,0.5,93,69,64.25,28.75,4636.38,1
94.106,3,2,0.0025,0.5,93,69,64.25,28.75,4643.56,0
94.394,3,2,0.0025,0.5,93,68,64.5,28.5,4650.69,-1
94.681,3,2,0.0025,0.5,93,66,65,28,4657.69,-2
94.968,3,2,0.0025,0.5,93,66,65.25,27.75,4671.63,-1
95.304,3,2,0.0025,0.5,93,67,65.25,27.75,4678.56,0
95.608,3,2,0.0025,0.5,93,65,65.75,27.25,4685.38,-2
95.896,3,2,0.0025,0.5,93,68,65.25,27.75,4692.31,2
96.184,3,2,0.0025,0.5,93,66,65.5,27.5,4699.19,-1
96.471,3,2,0.0025,0.5,93,66,65.75,27.25,4712.81,0
96.807,3,2,0.0025,0.5,93,65,66,27,4719.56,-1
97.11,3,2,0.0025,0.5,93,64,66.25,26.75,4726.25,-1
97.398,3,2,0.0025,0.5,93,64,66.5,26.5,4732.88,-1
97.686,3,2,0.0025,0.5,93,65,66.25,26.75,4739.56,1
97.974,3,2,0.0025,0.5,93,66,66.25,26.75,4752.81,2
98.309,3,2,0.0025,0.5,93,64,66.5,26.5,4759.44,-1
98.613,3,2,0.0025,0.5,93,64,66.5,26.5,4766.06,0
98.901,3,2,0.0025,0.5,93,63,66.75,26.25,4772.63,-1
99.188,3,2,0.0025,0.5,93,63,67,26,4779.13,-1
99.477,3,2,0.0025,0.5,93,63,67,26,4792.13,0
99.812,3,2,0.0025,0.5,93,62,67.25,25.75,4798.56,-1
100.116,3,2,0.0025,0.5,93,62,67.5,25.5,4804.94,-1
100.403,3,2,0.0025,0.5,93,62,67.75,25.25,4811.25,-1
100.691,3,2,0.0025,0.5,93,63,67.5,25.5,4817.63,1
100.979,3,2,0.0025,0.5,93,63,67.75,25.25,4830.19,1
101.315,3,2,0.0025,0.5,93,61,68,25,4836.44,-1
101.618,3,2,0.0025,0.5,93,62,68,25,4842.69,0
101.906,3,2,0.0025,0.5,93,62,68,25,4848.94,0
102.194,3,2,0.0025,0.5,93,61,68.25,24.75,4855.13,-1
102.481,3,2,0.0025,0.5,93,61,68.25,24.75,4867.5,0
102.817,3,2,0.0025,0.5,93,60,68.5,24.5,4873.63,-1
103.121,3,2,0.0025,0.5,93,59,69,24,4879.63,-2
103.408,3,2,0.0025,0.5,93,62,68.5,24.5,4885.75,2
103.696,3,2,0.0025,0.5,93,59,69,24,4891.75,-2
103.984,3,2,0.0025,0.5,93,58,69.5,23.5,4903.56,-1
104.32,3,2,0.0025,0.5,93,61,69,24,4909.56,2
104.624,3,2,0.0025,0.5,93,58,69.5,23.5,4915.44,-2
104.911,3,2,0.0025,0.5,93,58,69.75,23.25,4921.25,-1
105.199,3,2,0.0025,0.5,93,59,69.5,23.5,4927.13,1
105.486,3,2,0.0025,0.5,93,56,70,23,4938.88,-4
105.822,3,2,0.0025,0.5,93,57,70.25,22.75,4944.56,-1
106.125,3,2,0.0025,0.5,93,58,70,23,4950.31,1
106.413,3,2,0.0025,0.5,93,58,70,23,4956.06,0
106.701,3,2,0.0025,0.5,93,57,70.25,22.75,4961.75,-1
106.989,3,2,0.0025,0.5,93,57,70.5,22.5,4973,0
107.324,3,2,0.0025,0.5,93,57,70.5,22.5,4978.63,0
107.629,3,2,0.0025,0.5,93,56,70.75,22.25,4984.19,-1
107.916,3,2,0.0025,0.5,93,57,70.5,22.5,4989.81,1
108.204,3,2,0.0025,0.5,93,56,70.75,22.25,4995.38,-1
108.492,3,2,0.0025,0.5,93,55,71.25,21.75,5006.31,-1
108.827,3,2,0.0025,0.5,93,55,71.5,21.5,5011.69,-1
109.13,3,2,0.0025,0.5,93,55,71.5,21.5,5017.06,0
109.419,3,2,0.0025,0.5,93,54,71.75,21.25,5022.38,-1
109.706,3,2,0.0025,0.5,93,56,71.5,21.5,5027.75,1
109.994,3,2,0.0025,0.5,93,56,71.5,21.5,5038.44,1
110.33,3,2,0.0025,0.5,93,52,72.25,20.75,5043.63,-3
110.633,3,2,0.0025,0.5,93,54,72.25,20.75,5048.81,0
110.922,3,2,0.0025,0.5,93,53,72.5,20.5,5053.94,-1
111.225,3,2,0.0025,0.5,93,53,72.5,20.5,5064.19,0
111.576,3,2,0.0025,0.5,93,54,72.25,20.75,5069.38,1
111.879,3,2,0.0025,0.5,93,54,72.25,20.75,5074.56,0
112.168,3,2,0.0025,0.5,93,52,72.75,20.25,5079.63,-2
112.456,3,2,0.0025,0.5,93,52,73,20,5084.63,-1
112.743,3,2,0.0025,0.5,93,52,73,20,5094.63,0
113.079,3,2,0.0025,0.5,93,51,73.25,19.75,5099.56,-1
113.383,3,2,0.0025,0.5,93,55,72.5,20.5,5104.69,3
113.67,3,2,0.0025,0.5,93,49,73.5,19.5,5109.56,-4
113.957,3,2,0.0025,0.5,93,50,73.75,19.25,5114.38,-1
114.246,3,2,0.0025,0.5,93,50,74,19,5123.94,-1
114.581,3,2,0.0025,0.5,93,50,74,19,5128.69,0
114.886,3,2,0.0025,0.5,93,49,74.25,18.75,5133.38,-1
115.188,3,2,0.0025,0.5,93,51,74,19,5138.13,1
115.477,3,2,0.0025,0.5,93,48,74.5,18.5,5142.75,-2
115.765,3,2,0.0025,0.5,93,50,74.25,18.75,5152.13,0
116.116,3,2,0.0025,0.5,93,48,74.75,18.25,5156.69,-2
116.403,3,2,0.0025,0.5,93,49,74.75,18.25,5161.25,0
116.691,3,2,0.0025,0.5,93,49,74.75,18.25,5165.81,0
116.98,3,2,0.0025,0.5,93,49,74.75,18.25,5174.88,1
117.298,3,2,0.0025,0.5,93,46,75.5,17.5,5179.25,-3
117.634,3,2,0.0025,0.5,93,48,75.25,17.75,5183.69,1
117.923,3,2,0.0025,0.5,93,48,75.25,17.75,5188.13,0
118.227,3,2,0.0025,0.5,93,46,75.75,17.25,5192.44,-2
118.529,3,2,0.0025,0.5,93,48,75.5,17.5,5201.19,0
118.865,3,2,0.0025,0.5,93,46,76,17,5205.44,-2
119.153,3,2,0.0025,0.5,93,49,75.5,17.5,5209.81,2
119.44,3,2,0.0025,0.5,93,47,75.75,17.25,5214.13,-1
119.728,3,2,0.0025,0.5,93,47,75.75,17.25,5218.44,0
120.016,3,2,0.0025,0.5,93,45,76.25,16.75,5226.94,-2
120.368,3,2,0.0025,0.5,93,44,76.75,16.25,5231,-2
120.655,3,2,0.0025,0.5,93,46,76.5,16.5,5235.13,1
120.944,3,2,0.0025,0.5,93,45,76.75,16.25,5239.19,-1
121.247,3,2,0.0025,0.5,93,44,77,16,5247.31,-2
121.599,3,2,0.0025,0.5,93,45,77,16,5251.31,0
121.902,3,2,0.0025,0.5,93,44,77.25,15.75,5255.25,-1
122.19,3,2,0.0025,0.5,93,45,77,16,5259.25,1
122.493,3,2,0.0025,0.5,93,45,77,16,5267.25,0
122.845,3,2,0.0025,0.5,93,43,77.5,15.5,5271.13,-2
123.15,3,2,0.0025,0.5,93,44,77.5,15.5,5275,0
123.452,3,2,0.0025,0.5,93,43,77.75,15.25,5278.81,-1
123.74,3,2,0.0025,0.5,93,43,77.75,15.25,5286.5,-1
124.092,3,2,0.0025,0.5,93,43,77.75,15.25,5290.31,0
124.395,3,2,0.0025,0.5,93,43,77.75,15.25,5294.13,0
124.683,3,2,0.0025,0.5,93,44,77.5,15.5,5298,1
124.987,3,2,0.0025,0.5,93,42,78,15,5301.75,-2
125.275,3,2,0.0025,0.5,93,41,78.5,14.5,5309.06,-1
125.625,3,2,0.0025,0.5,93,43,78.25,14.75,5312.75,1
125.914,3,2,0.0025,0.5,93,41,78.5,14.5,5316.38,-1
126.217,3,2,0.0025,0.5,93,42,78.5,14.5,5320,0
126.506,3,2,0.0025,0.5,93,42,78.5,14.5,5327.19,1
126.841,3,2,0.0025,0.5,93,42,78.5,14.5,5330.81,0
127.144,3,2,0.0025,0.5,93,41,78.75,14.25,5334.38,-1
127.431,3,2,0.0025,0.5,93,39,79.25,13.75,5337.81,-2
127.72,3,2,0.0025,0.5,93,40,79.25,13.75,5341.25,0
128.007,3,2,0.0025,0.5,93,40,79.25,13.75,5348.13,0
128.343,3,2,0.0025,0.5,93,40,79.25,13.75,5351.56,0
128.647,3,2,0.0025,0.5,93,39,79.5,13.5,5354.94,-1
128.934,3,2,0.0025,0.5,93,40,79.5,13.5,5358.31,0
129.222,3,2,0.0025,0.5,93,39,79.75,13.25,5361.63,-1
129.511,3,2,0.0025,0.5,93,40,79.75,13.25,5368.19,1
129.845,3,2,0.0025,0.5,93,37,80.25,12.75,5371.38,-2
130.15,3,2,0.0025,0.5,93,39,80,13,5374.63,1
130.453,3,2,0.0025,0.5,93,39,80,13,5377.88,0
130.741,3,2,0.0025,0.5,93,38,80.25,12.75,5381.06,-1
131.028,3,2,0.0025,0.5,93,37,80.5,12.5,5387.44,-2
131.348,3,2,0.0025,0.5,93,38,80.5,12.5,5390.56,0
131.652,3,2,0.0025,0.5,93,38,80.5,12.5,5393.69,0
131.94,3,2,0.0025,0.5,93,38,80.5,12.5,5396.81,0
132.228,3,2,0.0025,0.5,93,38,80.5,12.5,5399.94,0
132.515,3,2,0.0025,0.5,93,37,81,12,5406,-1
132.851,3,2,0.0025,0.5,93,39,80.5,12.5,5409.13,2
133.154,3,2,0.0025,0.5,93,37,80.75,12.25,5412.19,-1
133.441,3,2,0.0025,0.5,93,36,81.25,11.75,5415.13,-2
133.731,3,2,0.0025,0.5,93,39,80.75,12.25,5418.19,2
134.033,3,2,0.0025,0.5,93,36,81.25,11.75,5424.19,-2
134.385,3,2,0.0025,0.5,93,37,81.25,11.75,5427.13,0
134.673,3,2,0.0025,0.5,93,36,81.5,11.5,5430,-1
134.961,3,2,0.0025,0.5,93,35,81.75,11.25,5432.81,-1
135.248,3,2,0.0025,0.5,93,36,81.75,11.25,5435.63,0
135.536,3,2,0.0025,0.5,93,35,82,11,5441.13,0
135.888,3,2,0.0025,0.5,93,37,81.5,11.5,5444,2
136.175,3,2,0.0025,0.5,93,34,82,11,5446.75,-2
136.463,3,2,0.0025,0.5,93,34,82.25,10.75,5449.44,-1
136.75,3,2,0.0025,0.5,93,37,81.75,11.25,5452.25,2
137.039,3,2,0.0025,0.5,93,36,82,11,5457.63,2
137.39,3,2,0.0025,0.5,93,34,82.25,10.75,5460.31,-1
137.677,3,2,0.0025,0.5,93,34,82.5,10.5,5462.94,-1
137.965,3,2,0.0025,0.5,93,34,82.5,10.5,5465.56,0
138.253,3,2,0.0025,0.5,93,34,82.5,10.5,5468.19,0
138.541,3,2,0.0025,0.5,93,33,83,10,5473.25,-1
138.892,3,2,0.0025,0.5,93,34,82.75,10.25,5475.81,1
139.18,3,2,0.0025,0.5,93,35,82.5,10.5,5478.44,1
139.469,3,2,0.0025,0.5,93,31,83.25,9.75,5480.88,-3
139.771,3,2,0.0025,0.5,93,32,83.25,9.75,5485.81,-1
140.108,3,2,0.0025,0.5,93,33,83.25,9.75,5488.25,0
140.412,3,2,0.0025,0.5,93,32,83.5,9.5,5490.63,-1
140.715,3,2,0.0025,0.5,93,32,83.5,9.5,5493,0
141.018,3,2,0.0025,0.5,93,33,83.5,9.5,5497.69,1
141.371,3,2,0.0025,0.5,93,32,83.5,9.5,5500.06,0
141.673,3,2,0.0025,0.5,93,31,83.75,9.25,5502.38,-1
141.962,3,2,0.0025,0.5,93,33,83.5,9.5,5504.75,1
142.266,3,2,0.0025,0.5,93,35,83.25,9.75,5509.38,4
142.617,3,2,0.0025,0.5,93,30,84,9,5511.63,-3
142.921,3,2,0.0025,0.5,93,31,84,9,5513.88,0
143.208,3,2,0.0025,0.5,93,31,84,9,5516.13,0
143.496,3,2,0.0025,0.5,93,30,84.25,8.75,5518.31,-1
143.784,3,2,0.0025,0.5,93,29,84.25,8.75,5522.88,-3
144.119,3,2,0.0025,0.5,93,30,84.5,8.5,5525,-1
144.424,3,2,0.0025,0.5,93,29,84.75,8.25,5527.06,-1
144.728,3,2,0.0025,0.5,93,31,84.5,8.5,5529.19,1
145.031,3,2,0.0025,0.5,93,29,84.5,8.5,5533.56,-2
145.367,3,2,0.0025,0.5,93,28,85,8,5535.56,-2
145.67,3,2,0.0025,0.5,93,29,85,8,5537.56,0
145.974,3,2,0.0025,0.5,93,30,84.75,8.25,5539.63,1
146.277,3,2,0.0025,0.5,93,30,84.75,8.25,5543.69,1
146.614,3,2,0.0025,0.5,93,28,85.25,7.75,5545.63,-2
146.916,3,2,0.0025,0.5,93,28,85.5,7.5,5547.5,-1
147.204,3,2,0.0025,0.5,93,29,85.25,7.75,5549.44,1
147.492,3,2,0.0025,0.5,93,28,85.5,7.5,5551.31,-1
147.78,3,2,0.0025,0.5,93,28,85.5,7.5,5555.06,0
148.132,3,2,0.0025,0.5,93,27,85.75,7.25,5556.88,-1
148.419,3,2,0.0025,0.5,93,29,85.5,7.5,5558.75,1
148.707,3,2,0.0025,0.5,93,27,85.75,7.25,5560.56,-1
149.011,3,2,0.0025,0.5,93,27,86,7,5562.31,-1
149.298,3,2,0.0025,0.5,93,28,85.75,7.25,5565.94,0
149.618,3,2,0.0025,0.5,93,28,85.75,7.25,5567.75,0
149.921,3,2,0.0025,0.5,93,27,86,7,5569.5,-1
150.21,3,2,0.0025,0.5,93,27,86,7,5571.25,0
150.513,3,2,0.0025,0.5,93,30,85.25,7.75,5573.19,3
150.8,3,2,0.0025,0.5,93,25,86.5,6.5,5576.56,-2
151.12,3,2,0.0025,0.5,93,30,85.5,7.5,5578.44,4
151.425,3,2,0.0025,0.5,93,26,86,7,5580.19,-2
151.727,3,2,0.0025,0.5,93,25,86.5,6.5,5581.81,-2
152.015,3,2,0.0025,0.5,93,26,86.5,6.5,5583.44,0
152.303,3,2,0.0025,0.5,93,27,86.5,6.5,5586.63,1
152.622,3,2,0.0025,0.5,93,25,86.75,6.25,5588.19,-1
152.926,3,2,0.0025,0.5,93,27,86.5,6.5,5589.81,1
153.215,3,2,0.0025,0.5,93,25,86.75,6.25,5591.38,-1
153.502,3,2,0.0025,0.5,93,27,86.5,6.5,5593,1
153.789,3,2,0.0025,0.5,93,24,87.25,5.75,5595.94,-1
154.125,3,2,0.0025,0.5,93,25,87.25,5.75,5597.38,0
154.429,3,2,0.0025,0.5,93,24,87.5,5.5,5598.75,-1
154.716,3,2,0.0025,0.5,93,26,87.25,5.75,5600.19,1
155.005,3,2,0.0025,0.5,93,25,87.25,5.75,5601.63,0
155.293,3,2,0.0025,0.5,93,24,87.75,5.25,5604.31,-1
155.628,3,2,0.0025,0.5,93,26,87.25,5.75,5605.75,2
155.931,3,2,0.0025,0.5,93,23,87.75,5.25,5607.06,-2
156.219,3,2,0.0025,0.5,93,25,87.5,5.5,5608.44,1
156.507,3,2,0.0025,0.5,93,24,87.75,5.25,5609.75,-1
156.795,3,2,0.0025,0.5,93,23,88,5,5612.31,-1
157.13,3,2,0.0025,0.5,93,24,88,5,5613.56,0
157.434,3,2,0.0025,0.5,93,24,88,5,5614.81,0
157.722,3,2,0.0025,0.5,93,24,88,5,5616.06,0
158.009,3,2,0.0025,0.5,93,23,88.25,4.75,5617.25,-1
158.297,3,2,0.0025,0.5,93,23,88.25,4.75,5619.63,0
158.633,3,2,0.0025,0.5,93,23,88.25,4.75,5620.81,0
158.936,3,2,0.0025,0.5,93,24,88,5,5622.06,1
159.224,3,2,0.0025,0.5,93,24,88,5,5623.31,0
159.511,3,2,0.0025,0.5,93,24,88,5,5624.56,0
159.8,3,2,0.0025,0.5,93,22,88.75,4.25,5626.75,-1
160.135,3,2,0.0025,0.5,93,25,88,5,5628,3
160.44,3,2,0.0025,0.5,93,22,88.5,4.5,5629.13,-2
160.742,3,2,0.0025,0.5,93,22,88.75,4.25,5630.19,-1
161.03,3,2,0.0025,0.5,93,22,88.75,4.25,5631.25,0
161.318,3,2,0.0025,0.5,93,22,88.75,4.25,5633.44,-1
161.669,3,2,0.0025,0.5,93,22,88.75,4.25,5634.5,0
161.958,3,2,0.0025,0.5,93,21,89,4,5635.5,-1
162.261,3,2,0.0025,0.5,93,21,89.25,3.75,5636.44,-1
162.549,3,2,0.0025,0.5,93,22,89,4,5638.38,1
162.9,3,2,0.0025,0.5,93,23,88.75,4.25,5639.44,1
163.188,3,2,0.0025,0.5,93,20,89.25,3.75,5640.38,-2
163.491,3,2,0.0025,0.5,93,22,89,4,5641.38,1
163.779,3,2,0.0025,0.5,93,19,89.75,3.25,5642.19,-3
164.066,3,2,0.0025,0.5,93,21,89.5,3.5,5643.88,1
164.386,3,2,0.0025,0.5,93,20,89.75,3.25,5644.69,-1
164.689,3,2,0.0025,0.5,93,20,89.75,3.25,5645.5,0
164.978,3,2,0.0025,0.5,93,20,89.75,3.25,5646.31,0
165.265,3,2,0.0025,0.5,93,20,89.75,3.25,5647.13,0
165.554,3,2,0.0025,0.5,93,21,89.5,3.5,5648.81,1
165.889,3,2,0.0025,0.5,93,18,90.25,2.75,5649.5,-3
166.193,3,2,0.0025,0.5,93,19,90.25,2.75,5650.19,0
166.497,3,2,0.0025,0.5,93,19,90.25,2.75,5650.88,0
166.784,3,2,0.0025,0.5,93,19,90.25,2.75,5651.56,0
167.073,3,2,0.0025,0.5,93,19,90.25,2.75,5652.94,0
167.392,3,2,0.0025,0.5,93,21,89.75,3.25,5653.75,2
167.696,3,2,0.0025,0.5,93,20,89.75,3.25,5654.56,0
167.999,3,2,0.0025,0.5,93,18,90.25,2.75,5655.25,-2
168.286,3,2,0.0025,0.5,93,20,90,3,5656,1
168.574,3,2,0.0025,0.5,93,21,90,3,5657.38,2
168.895,3,2,0.0025,0.5,93,18,90.5,2.5,5658,-2
169.198,3,2,0.0025,0.5,93,18,90.75,2.25,5658.56,-1
169.486,3,2,0.0025,0.5,93,18,90.75,2.25,5659.13,0
169.773,3,2,0.0025,0.5,93,18,90.75,2.25,5659.69,0
170.061,3,2,0.0025,0.5,93,19,90.5,2.5,5660.88,1
170.397,3,2,0.0025,0.5,93,19,90.5,2.5,5661.5,0
170.7,3,2,0.0025,0.5,93,17,91,2,5662,-2
170.988,3,2,0.0025,0.5,93,19,90.75,2.25,5662.56,1
171.275,3,2,0.0025,0.5,93,17,91,2,5663.06,-1
171.562,3,2,0.0025,0.5,93,18,91,2,5664.06,0
171.899,3,2,0.0025,0.5,93,18,91,2,5664.56,0
172.203,3,2,0.0025,0.5,93,18,91,2,5665.06,0
172.49,3,2,0.0025,0.5,93,18,91,2,5665.56,0
172.777,3,2,0.0025,0.5,93,16,91.5,1.5,5665.94,-2
173.066,3,2,0.0025,0.5,93,19,90.75,2.25,5666.94,2
173.401,3,2,0.0025,0.5,93,15,91.5,1.5,5667.31,-3
173.706,3,2,0.0025,0.5,93,18,91.25,1.75,5667.75,1
174.009,3,2,0.0025,0.5,93,16,91.5,1.5,5668.13,-1
174.311,3,2,0.0025,0.5,93,16,91.5,1.5,5668.94,-1
174.648,3,2,0.0025,0.5,93,17,91.5,1.5,5669.31,0
174.952,3,2,0.0025,0.5,93,18,91.25,1.75,5669.75,1
175.239,3,2,0.0025,0.5,93,17,91.25,1.75,5670.19,0
175.527,3,2,0.0025,0.5,93,14,92,1,5670.44,-3
175.816,3,2,0.0025,0.5,93,18,91.5,1.5,5671.06,2
176.15,3,2,0.0025,0.5,93,16,91.75,1.25,5671.38,-1
176.454,3,2,0.0025,0.5,93,16,91.75,1.25,5671.69,0
176.743,3,2,0.0025,0.5,93,16,91.75,1.25,5672,0
177.046,3,2,0.0025,0.5,93,16,91.75,1.25,5672.31,0
177.333,3,2,0.0025,0.5,93,18,91.5,1.5,5672.94,2
177.653,3,2,0.0025,0.5,93,15,92,1,5673.19,-2
177.957,3,2,0.0025,0.5,93,16,92,1,5673.44,0
178.244,3,2,0.0025,0.5,93,16,92,1,5673.69,0
178.532,3,2,0.0025,0.5,93,15,92.25,0.75,5673.88,-1
178.819,3,2,0.0025,0.5,93,15,92.25,0.75,5674.25,0
179.156,3,2,0.0025,0.5,93,15,92.25,0.75,5674.44,0
179.459,3,2,0.0025,0.5,93,16,92,1,5674.69,1
179.747,3,2,0.0025,0.5,93,16,92,1,5674.94,0
180.034,3,2,0.0025,0.5,93,15,92.25,0.75,5675.13,-1
180.323,3,2,0.0025,0.5,93,14,92.5,0.5,5675.5,-2
180.658,3,2,0.0025,0.5,93,15,92.5,0.5,5675.63,0
180.961,3,2,0.0025,0.5,93,15,92.5,0.5,5675.75,0
181.25,3,2,0.0025,0.5,93,14,92.75,0.25,5675.81,-1
181.537,3,2,0.0025,0.5,93,15,92.5,0.5,5675.94,1
181.824,3,2,0.0025,0.5,93,15,92.5,0.5,5676.19,0
182.16,3,2,0.0025,0.5,93,13,93,0,5676.19,-2
182.463,3,2,0.0025,0.5,93,15,92.75,0.25,5676.25,1
182.752,3,2,0.0025,0.5,93,14,92.75,0.25,5676.31,0
183.039,3,2,0.0025,0.5,93,15,92.5,0.5,5676.44,1
183.327,3,2,0.0025,0.5,93,14,92.75,0.25,5676.56,0
183.663,3,2,0.0025,0.5,93,13,93,0,5676.56,-1
183.966,3,2,0.0025,0.5,93,14,93,0,5676.56,0
184.254,3,2,0.0025,0.5,93,14,93,0,5676.56,0
184.541,3,2,0.0025,0.5,93,16,92.5,0.5,5676.69,2
184.83,3,2,0.0025,0.5,93,15,92.75,0.25,5676.75,1
185.165,3,2,0.0025,0.5,93,12,93.25,-0.25,5676.69,-2
185.469,3,2,0.0025,0.5,93,13,93.25,-0.25,5676.63,0
185.756,3,2,0.0025,0.5,93,14,93,0,5676.63,1
186.044,3,2,0.0025,0.5,93,13,93.25,-0.25,5676.56,-1
186.332,3,2,0.0025,0.5,93,14,93.25,-0.25,5676.31,2
186.667,3,2,0.0025,0.5,93,11,93.75,-0.75,5676.13,-2
186.971,3,2,0.0025,0.5,93,12,93.75,-0.75,5675.94,0
187.259,3,2,0.0025,0.5,93,14,93.25,-0.25,5675.88,2
187.547,3,2,0.0025,0.5,93,12,93.5,-0.5,5675.75,-1
187.834,3,2,0.0025,0.5,93,13,93.5,-0.5,5675.5,0
188.17,3,2,0.0025,0.5,93,13,93.5,-0.5,5675.38,0
188.473,3,2,0.0025,0.5,93,13,93.5,-0.5,5675.25,0
188.762,3,2,0.0025,0.5,93,11,94,-1,5675,-2
189.065,3,2,0.0025,0.5,93,13,93.75,-0.75,5674.81,1
189.353,3,2,0.0025,0.5,93,12,93.75,-0.75,5674.44,0
189.705,3,2,0.0025,0.5,93,13,93.5,-0.5,5674.31,1
189.993,3,2,0.0025,0.5,93,12,93.75,-0.75,5674.13,-1
190.296,3,2,0.0025,0.5,93,11,94,-1,5673.88,-1
190.583,3,2,0.0025,0.5,93,12,94,-1,5673.38,0
190.92,3,2,0.0025,0.5,93,11,94.25,-1.25,5673.06,-1
191.223,3,2,0.0025,0.5,93,12,94,-1,5672.81,1
191.511,3,2,0.0025,0.5,93,12,94,-1,5672.56,0
191.814,3,2,0.0025,0.5,93,11,94.25,-1.25,5672.25,-1
192.102,3,2,0.0025,0.5,93,12,94.25,-1.25,5671.56,1
192.422,3,2,0.0025,0.5,93,11,94.25,-1.25,5671.25,0
192.725,3,2,0.0025,0.5,93,12,94,-1,5671,1
193.014,3,2,0.0025,0.5,93,11,94.25,-1.25,5670.69,-1
193.301,3,2,0.0025,0.5,93,12,94,-1,5670.44,1
193.588,3,2,0.0025,0.5,93,11,94.25,-1.25,5669.88,-1
193.924,3,2,0.0025,0.5,93,10,94.5,-1.5,5669.5,-1
194.227,3,2,0.0025,0.5,93,13,94,-1,5669.25,2
194.516,3,2,0.0025,0.5,93,10,94.5,-1.5,5668.88,-2
194.803,3,2,0.0025,0.5,93,11,94.5,-1.5,5668.5,0
195.091,3,2,0.0025,0.5,93,12,94,-1,5668,0
195.426,3,2,0.0025,0.5,93,11,94.25,-1.25,5667.69,-1
195.73,3,2,0.0025,0.5,93,10,94.5,-1.5,5667.31,-1
196.018,3,2,0.0025,0.5,93,11,94.5,-1.5,5666.94,0
196.305,3,2,0.0025,0.5,93,11,94.5,-1.5,5666.56,0
196.593,3,2,0.0025,0.5,93,12,94.25,-1.25,5665.88,1
196.929,3,2,0.0025,0.5,93,10,94.5,-1.5,5665.5,-1
197.232,3,2,0.0025,0.5,93,12,94.25,-1.25,5665.19,1
197.521,3,2,0.0025,0.5,93,10,94.5,-1.5,5664.81,-1
197.808,3,2,0.0025,0.5,93,10,94.75,-1.75,5664.38,-1
198.096,3,2,0.0025,0.5,93,12,94.25,-1.25,5663.63,2
198.432,3,2,0.0025,0.5,93,9,94.75,-1.75,5663.19,-2
198.736,3,2,0.0025,0.5,93,12,94.25,-1.25,5662.88,2
199.023,3,2,0.0025,0.5,93,8,95,-2,5662.38,-3
199.311,3,2,0.0025,0.5,93,10,95,-2,5661.88,0
199.598,3,2,0.0025,0.5,93,12,94.5,-1.5,5661,2
199.934,3,2,0.0025,0.5,93,12,94.25,-1.25,5660.69,1
200.238,3,2,0.0025,0.5,93,11,94.25,-1.25,5660.38,0
200.525,3,2,0.0025,0.5,93,7,95.25,-2.25,5659.81,-4
200.814,3,2,0.0025,0.5,93,10,95,-2,5659.31,1
201.101,3,2,0.0025,0.5,93,9,95,-2,5658.38,-1
201.437,3,2,0.0025,0.5,93,10,95,-2,5657.88,0
201.741,3,2,0.0025,0.5,93,11,94.75,-1.75,5657.44,1
202.028,3,2,0.0025,0.5,93,10,94.75,-1.75,5657,0
202.316,3,2,0.0025,0.5,93,8,95.25,-2.25,5656.44,-2
202.603,3,2,0.0025,0.5,93,7,95.25,-2.25,5655.56,-4
202.939,3,2,0.0025,0.5,93,10,95,-2,5655.06,1
203.243,3,2,0.0025,0.5,93,9,95.25,-2.25,5654.5,-1
203.53,3,2,0.0025,0.5,93,9,95.25,-2.25,5653.94,0
203.818,3,2,0.0025,0.5,93,9,95.25,-2.25,5653.38,0
204.105,3,2,0.0025,0.5,93,9,95.25,-2.25,5652.31,-1
204.442,3,2,0.0025,0.5,93,9,95.25,-2.25,5651.75,0
204.745,3,2,0.0025,0.5,93,8,95.5,-2.5,5651.13,-1
205.033,3,2,0.0025,0.5,93,9,95.5,-2.5,5650.5,0
205.321,3,2,0.0025,0.5,93,9,95.5,-2.5,5649.88,0
205.608,3,2,0.0025,0.5,93,9,95.5,-2.5,5648.63,0
205.944,3,2,0.0025,0.5,93,9,95.5,-2.5,5648,0
206.249,3,2,0.0025,0.5,93,10,95.25,-2.25,5647.44,1
206.551,3,2,0.0025,0.5,93,8,95.5,-2.5,5646.81,-1
206.839,3,2,0.0025,0.5,93,9,95.5,-2.5,5645.56,0
207.19,3,2,0.0025,0.5,93,8,95.75,-2.75,5644.88,-1
207.494,3,2,0.0025,0.5,93,8,95.75,-2.75,5644.19,0
207.782,3,2,0.0025,0.5,93,10,95.25,-2.25,5643.63,2
208.07,3,2,0.0025,0.5,93,8,95.5,-2.5,5643,-1
208.358,3,2,0.0025,0.5,93,10,95.25,-2.25,5641.75,2
208.693,3,2,0.0025,0.5,93,7,95.75,-2.75,5641.06,-2
208.998,3,2,0.0025,0.5,93,9,95.5,-2.5,5640.44,1
209.301,3,2,0.0025,0.5,93,8,95.75,-2.75,5639.75,-1
209.588,3,2,0.0025,0.5,93,7,96,-3,5639,-1
209.875,3,2,0.0025,0.5,93,9,95.5,-2.5,5637.69,1
210.228,3,2,0.0025,0.5,93,7,96,-3,5636.94,-2
210.515,3,2,0.0025,0.5,93,9,95.75,-2.75,5636.25,1
210.803,3,2,0.0025,0.5,93,6,96.25,-3.25,5635.44,-2
211.091,3,2,0.0025,0.5,93,10,95.5,-2.5,5634.81,3
211.379,3,2,0.0025,0.5,93,7,96,-3,5633.38,-1
211.73,3,2,0.0025,0.5,93,8,96,-3,5632.63,0
212.018,3,2,0.0025,0.5,93,9,95.75,-2.75,5631.94,1
212.321,3,2,0.0025,0.5,93,8,95.75,-2.75,5631.25,0
212.609,3,2,0.0025,0.5,93,8,96,-3,5629.75,0
212.945,3,2,0.0025,0.5,93,8,96,-3,5629,0
213.248,3,2,0.0025,0.5,93,8,96,-3,5628.25,0
213.537,3,2,0.0025,0.5,93,7,96.25,-3.25,5627.44,-1
213.841,3,2,0.0025,0.5,93,7,96.25,-3.25,5626.63,0
214.144,3,2,0.0025,0.5,93,7,96.25,-3.25,5625.06,-1
214.479,3,2,0.0025,0.5,93,7,96.25,-3.25,5624.25,0
214.766,3,2,0.0025,0.5,93,7,96.25,-3.25,5623.44,0
215.055,3,2,0.0025,0.5,93,7,96.25,-3.25,5622.63,0
215.342,3,2,0.0025,0.5,93,9,95.75,-2.75,5621.94,2
215.63,3,2,0.0025,0.5,93,9,95.75,-2.75,5620.44,2
215.95,3,2,0.0025,0.5,93,6,96.25,-3.25,5619.63,-2
216.253,3,2,0.0025,0.5,93,6,96.5,-3.5,5618.75,-1
216.541,3,2,0.0025,0.5,93,10,95.75,-2.75,5618.06,3
216.828,3,2,0.0025,0.5,93,6,96.25,-3.25,5617.25,-2
217.117,3,2,0.0025,0.5,93,9,95.75,-2.75,5615.81,1
217.452,3,2,0.0025,0.5,93,6,96.25,-3.25,5615,-2
217.756,3,2,0.0025,0.5,93,8,96,-3,5614.25,1
218.043,3,2,0.0025,0.5,93,7,96.25,-3.25,5613.44,-1
218.331,3,2,0.0025,0.5,93,6,96.5,-3.5,5612.56,-1
218.619,3,2,0.0025,0.5,93,6,96.5,-3.5,5610.94,-2
218.955,3,2,0.0025,0.5,93,7,96.5,-3.5,5610.06,0
219.259,3,2,0.0025,0.5,93,9,96,-3,5609.31,2
219.562,3,2,0.0025,0.5,93,8,96,-3,5608.56,0
219.849,3,2,0.0025,0.5,93,6,96.5,-3.5,5607.69,-2
220.137,3,2,0.0025,0.5,93,9,96,-3,5606,3
220.49,3,2,0.0025,0.5,93,6,96.5,-3.5,5605.13,-2
220.793,3,2,0.0025,0.5,93,6,96.75,-3.75,5604.19,-1
221.081,3,2,0.0025,0.5,93,9,96,-3,5603.44,3
221.385,3,2,0.0025,0.5,93,5,96.75,-3.75,5601.69,-2
221.704,3,2,0.0025,0.5,93,7,96.5,-3.5,5600.81,1
222.007,3,2,0.0025,0.5,93,8,96.25,-3.25,5600,1
222.296,3,2,0.0025,0.5,93,7,96.25,-3.25,5599.19,0
222.583,3,2,0.0025,0.5,93,5,96.75,-3.75,5598.25,-2
222.871,3,2,0.0025,0.5,93,6,96.5,-3.5,5596.5,0
223.206,3,2,0.0025,0.5,93,8,96,-3,5595.75,2
223.51,3,2,0.0025,0.5,93,5,96.5,-3.5,5594.88,-2
223.799,3,2,0.0025,0.5,93,6,96.5,-3.5,5594,0
224.102,3,2,0.0025,0.5,93,6,96.5,-3.5,5593.13,0
224.389,3,2,0.0025,0.5,93,7,96.25,-3.25,5591.44,1
224.709,3,2,0.0025,0.5,93,6,96.5,-3.5,5590.56,-1
225.013,3,2,0.0025,0.5,93,7,96.25,-3.25,5589.75,1
225.3,3,2,0.0025,0.5,93,7,96.25,-3.25,5588.94,0
225.588,3,2,0.0025,0.5,93,7,96.25,-3.25,5588.13,0
225.875,3,2,0.0025,0.5,93,7,96.5,-3.5,5586.31,1
226.212,3,2,0.0025,0.5,93,7,96.25,-3.25,5585.5,1
226.515,3,2,0.0025,0.5,93,7,96.25,-3.25,5584.69,0
226.802,3,2,0.0025,0.5,93,6,96.5,-3.5,5583.81,-1
227.09,3,2,0.0025,0.5,93,7,96.25,-3.25,5583,1
227.379,3,2,0.0025,0.5,93,5,96.75,-3.75,5581.25,-2
227.714,3,2,0.0025,0.5,93,6,96.75,-3.75,5580.31,0
228.018,3,2,0.0025,0.5,93,7,96.5,-3.5,5579.44,1
228.306,3,2,0.0025,0.5,93,8,96,-3,5578.69,2
228.61,3,2,0.0025,0.5,93,6,96.25,-3.25,5577.88,-1
228.913,3,2,0.0025,0.5,93,8,96.25,-3.25,5576.13,2
229.249,3,2,0.0025,0.5,93,5,96.75,-3.75,5575.19,-2
229.536,3,2,0.0025,0.5,93,7,96.5,-3.5,5574.31,1
229.825,3,2,0.0025,0.5,93,5,96.75,-3.75,5573.38,-1
230.127,3,2,0.0025,0.5,93,7,96.5,-3.5,5571.5,2
230.479,3,2,0.0025,0.5,93,5,96.75,-3.75,5570.56,-1
230.767,3,2,0.0025,0.5,93,7,96.5,-3.5,5569.69,1
231.054,3,2,0.0025,0.5,93,8,96,-3,5568.94,2
231.342,3,2,0.0025,0.5,93,4,96.75,-3.75,5568,-3
231.63,3,2,0.0025,0.5,93,7,96.25,-3.25,5566.31,1
231.981,3,2,0.0025,0.5,93,6,96.5,-3.5,5565.44,-1
232.269,3,2,0.0025,0.5,93,7,96.25,-3.25,5564.63,1
232.557,3,2,0.0025,0.5,93,6,96.5,-3.5,5563.75,-1
232.844,3,2,0.0025,0.5,93,5,96.75,-3.75,5562.81,-1
233.133,3,2,0.0025,0.5,93,8,96.25,-3.25,5561.06,2
233.484,3,2,0.0025,0.5,93,6,96.5,-3.5,5560.19,-1
233.788,3,2,0.0025,0.5,93,6,96.5,-3.5,5559.31,0
234.075,3,2,0.0025,0.5,93,6,96.5,-3.5,5558.44,0
234.363,3,2,0.0025,0.5,93,5,96.75,-3.75,5557.5,-1
234.651,3,2,0.0025,0.5,93,8,96,-3,5555.94,1
234.987,3,2,0.0025,0.5,93,5,96.5,-3.5,5555.06,-2
235.274,3,2,0.0025,0.5,93,5,96.75,-3.75,5554.13,-1
235.562,3,2,0.0025,0.5,93,7,96.5,-3.5,5553.25,1
235.85,3,2,0.0025,0.5,93,5,96.75,-3.75,5552.31,-1
236.138,3,2,0.0025,0.5,93,6,96.75,-3.75,5550.44,0
236.489,3,2,0.0025,0.5,93,5,97,-4,5549.44,-1
236.777,3,2,0.0025,0.5,93,7,96.5,-3.5,5548.56,2
237.065,3,2,0.0025,0.5,93,5,96.75,-3.75,5547.63,-1
237.352,3,2,0.0025,0.5,93,6,96.75,-3.75,5546.69,0
237.64,3,2,0.0025,0.5,93,6,96.5,-3.5,5545,-1
237.991,3,2,0.0025,0.5,93,6,96.5,-3.5,5544.13,0
238.28,3,2,0.0025,0.5,93,7,96.25,-3.25,5543.31,1
238.583,3,2,0.0025,0.5,93,7,96.25,-3.25,5542.5,0
238.887,3,2,0.0025,0.5,93,7,96.25,-3.25,5540.88,0
239.238,3,2,0.0025,0.5,93,6,96.5,-3.5,5540,-1
239.542,3,2,0.0025,0.5,93,6,96.5,-3.5,5539.13,0
239.829,3,2,0.0025,0.5,93,5,96.75,-3.75,5538.19,-1
240.118,3,2,0.0025,0.5,93,9,96,-3,5537.44,3
240.422,3,2,0.0025,0.5,93,7,96.25,-3.25,5535.75,1
240.773,3,2,0.0025,0.5,93,6,96.5,-3.5,5534.88,-1
241.077,3,2,0.0025,0.5,93,7,96.25,-3.25,5534.06,1
241.38,3,2,0.0025,0.5,93,7,96.25,-3.25,5533.25,0
241.667,3,2,0.0025,0.5,93,7,96.5,-3.5,5531.44,1
242.019,3,2,0.0025,0.5,93,6,96.5,-3.5,5530.56,0
242.306,3,2,0.0025,0.5,93,5,96.75,-3.75,5529.63,-1
242.595,3,2,0.0025,0.5,93,7,96.5,-3.5,5528.75,1
242.882,3,2,0.0025,0.5,93,7,96.25,-3.25,5527.94,1
243.169,3,2,0.0025,0.5,93,7,96.25,-3.25,5526.31,0
243.521,3,2,0.0025,0.5,93,7,96.25,-3.25,5525.5,0
243.809,3,2,0.0025,0.5,93,7,96.25,-3.25,5524.69,0
244.097,3,2,0.0025,0.5,93,7,96.25,-3.25,5523.88,0
244.385,3,2,0.0025,0.5,93,7,96.25,-3.25,5523.06,0
244.672,3,2,0.0025,0.5,93,7,96.25,-3.25,5521.38,1
245.027,3,2,0.0025,0.5,93,6,96.5,-3.5,5520.5,-1
245.328,3,2,0.0025,0.5,93,7,96.25,-3.25,5519.69,1
245.615,3,2,0.0025,0.5,93,8,96,-3,5518.94,1
245.903,3,2,0.0025,0.5,93,6,96.25,-3.25,5517.38,-1
246.238,3,2,0.0025,0.5,93,9,95.75,-2.75,5516.69,2
246.543,3,2,0.0025,0.5,93,6,96.25,-3.25,5515.88,-2
246.83,3,2,0.0025,0.5,93,8,96,-3,5515.13,1
247.118,3,2,0.0025,0.5,93,5,96.5,-3.5,5514.25,-2
247.405,3,2,0.0025,0.5,93,5,96.25,-3.25,5512.81,-3
247.742,3,2,0.0025,0.5,93,8,96,-3,5512.06,1
248.045,3,2,0.0025,0.5,93,6,96.25,-3.25,5511.25,-1
248.333,3,2,0.0025,0.5,93,8,96,-3,5510.5,1
248.62,3,2,0.0025,0.5,93,7,96,-3,5509.75,0
248.908,3,2,0.0025,0.5,93,6,96.5,-3.5,5508,0
249.244,3,2,0.0025,0.5,93,8,96,-3,5507.25,2
249.547,3,2,0.0025,0.5,93,6,96.25,-3.25,5506.44,-1
249.835,3,2,0.0025,0.5,93,8,96,-3,5505.69,1
250.122,3,2,0.0025,0.5,93,6,96.25,-3.25,5504.88,-1
250.411,3,2,0.0025,0.5,93,8,96,-3,5503.25,2
250.746,3,2,0.0025,0.5,93,5,96.5,-3.5,5502.38,-2
251.05,3,2,0.0025,0.5,93,6,96.5,-3.5,5501.5,0
251.354,3,2,0.0025,0.5,93,8,96,-3,5500.75,2
251.641,3,2,0.0025,0.5,93,6,96.25,-3.25,5499.94,-1
251.93,3,2,0.0025,0.5,93,8,96,-3,5498.38,1
252.285,3,2,0.0025,0.5,93,6,96.25,-3.25,5497.56,-1
252.584,3,2,0.0025,0.5,93,9,95.75,-2.75,5496.88,2
252.873,3,2,0.0025,0.5,93,8,95.75,-2.75,5496.19,0
253.16,3,2,0.0025,0.5,93,6,96.25,-3.25,5494.63,-1
253.511,3,2,0.0025,0.5,93,9,95.75,-2.75,5493.94,2
253.799,3,2,0.0025,0.5,93,6,96.25,-3.25,5493.13,-2
254.088,3,2,0.0025,0.5,93,8,96,-3,5492.38,1
254.391,3,2,0.0025,0.5,93,6,96.25,-3.25,5491.56,-1
254.679,3,2,0.0025,0.5,93,6,96.25,-3.25,5490,-1
254.999,3,2,0.0025,0.5,93,9,95.75,-2.75,5489.31,2
255.302,3,2,0.0025,0.5,93,9,95.5,-2.5,5488.69,1
255.59,3,2,0.0025,0.5,93,5,96.25,-3.25,5487.88,-3
255.894,3,2,0.0025,0.5,93,9,95.75,-2.75,5487.19,2
256.181,3,2,0.0025,0.5,93,8,95.75,-2.75,5485.81,0
256.501,3,2,0.0025,0.5,93,7,96,-3,5485.06,-1
256.804,3,2,0.0025,0.5,93,7,96,-3,5484.31,0
257.092,3,2,0.0025,0.5,93,8,95.75,-2.75,5483.63,1
257.38,3,2,0.0025,0.5,93,10,95.25,-2.25,5483.06,2
257.667,3,2,0.0025,0.5,93,8,95.75,-2.75,5481.63,1
258.004,3,2,0.0025,0.5,93,7,96,-3,5480.88,-1
258.308,3,2,0.0025,0.5,93,7,96,-3,5480.13,0
258.611,3,2,0.0025,0.5,93,7,96,-3,5479.38,0
258.898,3,2,0.0025,0.5,93,9,95.5,-2.5,5478.75,2
259.186,3,2,0.0025,0.5,93,8,95.5,-2.5,5477.5,0
259.505,3,2,0.0025,0.5,93,7,95.75,-2.75,5476.81,-1
259.81,3,2,0.0025,0.5,93,8,95.75,-2.75,5476.13,0
260.113,3,2,0.0025,0.5,93,10,95.25,-2.25,5475.56,2
260.401,3,2,0.0025,0.5,93,7,95.75,-2.75,5474.88,-2
260.688,3,2,0.0025,0.5,93,9,95.25,-2.25,5473.69,1
261.008,3,2,0.0025,0.5,93,8,95.5,-2.5,5473.06,-1
261.312,3,2,0.0025,0.5,93,7,95.75,-2.75,5472.38,-1
261.6,3,2,0.0025,0.5,93,8,95.75,-2.75,5471.69,0
261.887,3,2,0.0025,0.5,93,9,95.5,-2.5,5471.06,1
262.176,3,2,0.0025,0.5,93,7,95.75,-2.75,5469.75,-1
262.51,3,2,0.0025,0.5,93,10,95.25,-2.25,5469.19,2
262.815,3,2,0.0025,0.5,93,7,95.75,-2.75,5468.5,-2
263.102,3,2,0.0025,0.5,93,9,95.5,-2.5,5467.88,1
263.39,3,2,0.0025,0.5,93,8,95.5,-2.5,5467.25,0
263.678,3,2,0.0025,0.5,93,8,95.75,-2.75,5465.88,0
264.012,3,2,0.0025,0.5,93,10,95.25,-2.25,5465.31,2
264.316,3,2,0.0025,0.5,93,10,95,-2,5464.81,1
264.603,3,2,0.0025,0.5,93,7,95.5,-2.5,5464.19,-2
264.892,3,2,0.0025,0.5,93,7,95.75,-2.75,5463.5,-1
265.18,3,2,0.0025,0.5,93,8,95.5,-2.5,5462.31,-1
265.515,3,2,0.0025,0.5,93,8,95.5,-2.5,5461.69,0
265.819,3,2,0.0025,0.5,93,10,95,-2,5461.19,2
266.107,3,2,0.0025,0.5,93,7,95.5,-2.5,5460.56,-2
266.395,3,2,0.0025,0.5,93,6,96,-3,5459.81,-2
266.682,3,2,0.0025,0.5,93,9,95.25,-2.25,5458.63,1
267.018,3,2,0.0025,0.5,93,8,95.5,-2.5,5458,-1
267.322,3,2,0.0025,0.5,93,8,95.5,-2.5,5457.38,0
267.625,3,2,0.0025,0.5,93,8,95.5,-2.5,5456.75,0
267.913,3,2,0.0025,0.5,93,8,95.5,-2.5,5456.13,0
268.201,3,2,0.0025,0.5,93,9,95.25,-2.25,5454.94,1
268.552,3,2,0.0025,0.5,93,11,94.75,-1.75,5454.5,2
268.839,3,2,0.0025,0.5,93,10,94.75,-1.75,5454.06,0
269.128,3,2,0.0025,0.5,93,7,95.5,-2.5,5453.44,-3
269.431,3,2,0.0025,0.5,93,8,95.5,-2.5,5452.25,-1
269.782,3,2,0.0025,0.5,93,9,95.25,-2.25,5451.69,1
270.07,3,2,0.0025,0.5,93,8,95.5,-2.5,5451.06,-1
270.358,3,2,0.0025,0.5,93,9,95.25,-2.25,5450.5,1
270.646,3,2,0.0025,0.5,93,9,95.25,-2.25,5449.94,0
270.934,3,2,0.0025,0.5,93,10,95,-2,5448.88,1
271.286,3,2,0.0025,0.5,93,8,95.25,-2.25,5448.31,-1
271.573,3,2,0.0025,0.5,93,9,95.25,-2.25,5447.75,0
271.862,3,2,0.0025,0.5,93,9,95.25,-2.25,5447.19,0
272.165,3,2,0.0025,0.5,93,9,95.25,-2.25,5446.63,0
272.468,3,2,0.0025,0.5,93,9,95,-2,5445.63,0
272.805,3,2,0.0025,0.5,93,9,95,-2,5445.13,0
273.108,3,2,0.0025,0.5,93,8,95.25,-2.25,5444.56,-1
273.411,3,2,0.0025,0.5,93,11,94.75,-1.75,5444.13,2
273.7,3,2,0.0025,0.5,93,11,94.5,-1.5,5443.25,2
274.035,3,2,0.0025,0.5,93,8,95,-2,5442.75,-2
274.339,3,2,0.0025,0.5,93,10,94.75,-1.75,5442.31,1
274.642,3,2,0.0025,0.5,93,9,95,-2,5441.81,-1
274.929,3,2,0.0025,0.5,93,9,95,-2,5440.81,0
275.281,3,2,0.0025,0.5,93,9,95,-2,5440.31,0
275.585,3,2,0.0025,0.5,93,10,94.75,-1.75,5439.88,1
275.872,3,2,0.0025,0.5,93,10,94.75,-1.75,5439.44,0
276.161,3,2,0.0025,0.5,93,10,94.75,-1.75,5439,0
276.464,3,2,0.0025,0.5,93,9,95,-2,5438.06,-1
276.816,3,2,0.0025,0.5,93,10,94.75,-1.75,5437.63,1
277.103,3,2,0.0025,0.5,93,10,94.75,-1.75,5437.19,0
277.392,3,2,0.0025,0.5,93,10,94.75,-1.75,5436.75,0
277.695,3,2,0.0025,0.5,93,10,94.75,-1.75,5435.88,0
278.03,3,2,0.0025,0.5,93,9,95,-2,5435.38,-1
278.334,3,2,0.0025,0.5,93,10,94.75,-1.75,5434.94,1
278.622,3,2,0.0025,0.5,93,10,94.75,-1.75,5434.5,0
278.91,3,2,0.0025,0.5,93,12,94.25,-1.25,5434.19,2
279.197,3,2,0.0025,0.5,93,10,94.5,-1.5,5433.44,0
279.534,3,2,0.0025,0.5,93,9,94.75,-1.75,5433,-1
279.836,3,2,0.0025,0.5,93,10,94.75,-1.75,5432.56,0
280.125,3,2,0.0025,0.5,93,11,94.5,-1.5,5432.19,1
280.428,3,2,0.0025,0.5,93,9,94.75,-1.75,5431.75,-1
280.715,3,2,0.0025,0.5,93,10,94.75,-1.75,5430.88,0
281.067,3,2,0.0025,0.5,93,13,94,-1,5430.63,3
281.354,3,2,0.0025,0.5,93,8,94.75,-1.75,5430.19,-3
281.643,3,2,0.0025,0.5,93,10,94.75,-1.75,5429.75,0
281.93,3,2,0.0025,0.5,93,10,94.75,-1.75,5429.31,0
282.219,3,2,0.0025,0.5,93,11,94.5,-1.5,5428.5,1
282.57,3,2,0.0025,0.5,93,10,94.5,-1.5,5428.13,0
282.858,3,2,0.0025,0.5,93,10,94.5,-1.5,5427.75,0
283.162,3,2,0.0025,0.5,93,10,94.5,-1.5,5427.38,0
283.449,3,2,0.0025,0.5,93,11,94.25,-1.25,5426.75,0
283.785,3,2,0.0025,0.5,93,11,94.25,-1.25,5426.44,0
284.088,3,2,0.0025,0.5,93,11,94.25,-1.25,5426.13,0
284.377,3,2,0.0025,0.5,93,10,94.5,-1.5,5425.75,-1
284.679,3,2,0.0025,0.5,93,11,94.25,-1.25,5425.44,1
284.968,3,2,0.0025,0.5,93,10,94.5,-1.5,5424.69,0
285.288,3,2,0.0025,0.5,93,10,94.5,-1.5,5424.31,0
285.591,3,2,0.0025,0.5,93,11,94.25,-1.25,5424,1
285.878,3,2,0.0025,0.5,93,11,94.25,-1.25,5423.69,0
286.166,3,2,0.0025,0.5,93,11,94.25,-1.25,5423.38,0
286.454,3,2,0.0025,0.5,93,11,94.25,-1.25,5422.75,0
286.79,3,2,0.0025,0.5,93,11,94.25,-1.25,5422.44,0
287.094,3,2,0.0025,0.5,93,12,94,-1,5422.19,1
287.381,3,2,0.0025,0.5,93,9,94.5,-1.5,5421.81,-2
287.669,3,2,0.0025,0.5,93,12,94,-1,5421.56,2
287.957,3,2,0.0025,0.5,93,12,94,-1,5421,1
288.292,3,2,0.0025,0.5,93,11,94,-1,5420.75,0
288.596,3,2,0.0025,0.5,93,10,94.25,-1.25,5420.44,-1
288.883,3,2,0.0025,0.5,93,12,94,-1,5420.19,1
289.171,3,2,0.0025,0.5,93,11,94,-1,5419.94,0
289.459,3,2,0.0025,0.5,93,11,94,-1,5419.5,-1
289.794,3,2,0.0025,0.5,93,13,93.5,-0.5,5419.38,2
290.099,3,2,0.0025,0.5,93,11,93.75,-0.75,5419.19,-1
290.386,3,2,0.0025,0.5,93,11,94,-1,5418.94,-1
290.674,3,2,0.0025,0.5,93,11,94,-1,5418.69,0
290.961,3,2,0.0025,0.5,93,10,94,-1,5418.31,-2
291.297,3,2,0.0025,0.5,93,11,94,-1,5418.06,0
291.6,3,2,0.0025,0.5,93,10,94.25,-1.25,5417.75,-1
291.888,3,2,0.0025,0.5,93,11,94.25,-1.25,5417.44,0
292.176,3,2,0.0025,0.5,93,12,94,-1,5417.19,1
292.463,3,2,0.0025,0.5,93,11,94,-1,5416.75,-1
292.8,3,2,0.0025,0.5,93,12,93.75,-0.75,5416.56,1
293.103,3,2,0.0025,0.5,93,13,93.5,-0.5,5416.44,1
293.391,3,2,0.0025,0.5,93,9,94.25,-1.25,5416.13,-3
293.678,3,2,0.0025,0.5,93,13,93.75,-0.75,5415.94,2
293.966,3,2,0.0025,0.5,93,12,93.5,-0.5,5415.69,0
294.302,3,2,0.0025,0.5,93,11,93.75,-0.75,5415.5,-1
294.605,3,2,0.0025,0.5,93,13,93.5,-0.5,5415.38,1
294.893,3,2,0.0025,0.5,93,11,93.75,-0.75,5415.19,-1
295.181,3,2,0.0025,0.5,93,11,94,-1,5414.94,-1
295.468,3,2,0.0025,0.5,93,12,93.75,-0.75,5414.5,1
295.805,3,2,0.0025,0.5,93,12,93.75,-0.75,5414.31,0
296.108,3,2,0.0025,0.5,93,12,93.75,-0.75,5414.13,0
296.395,3,2,0.0025,0.5,93,12,93.75,-0.75,5413.94,0
296.684,3,2,0.0025,0.5,93,13,93.5,-0.5,5413.81,1
296.971,3,2,0.0025,0.5,93,13,93.5,-0.5,5413.5,1
297.307,3,2,0.0025,0.5,93,11,93.75,-0.75,5413.31,-1
297.61,3,2,0.0025,0.5,93,12,93.75,-0.75,5413.13,0
297.899,3,2,0.0025,0.5,93,13,93.5,-0.5,5413,1
298.201,3,2,0.0025,0.5,93,12,93.5,-0.5,5412.88,0
298.489,3,2,0.0025,0.5,93,12,93.5,-0.5,5412.69,-1
298.841,3,2,0.0025,0.5,93,13,93.25,-0.25,5412.63,1
299.129,3,2,0.0025,0.5,93,11,93.75,-0.75,5412.44,-2
299.417,3,2,0.0025,0.5,93,13,93.5,-0.5,5412.31,1
299.705,3,2,0.0025,0.5,93,12,93.5,-0.5,5412.06,0
300.024,3,2,0.0025,0.5,93,11,93.75,-0.75,5411.88,-1
300.359,3,2,0.0025,0.5,93,12,93.75,-0.75,5411.69,0
300.648,3,2,0.0025,0.5,93,14,93.25,-0.25,5411.63,2
300.951,3,2,0.0025,0.5,93,12,93.5,-0.5,5411.5,-1
301.239,3,2,0.0025,0.5,93,14,93.25,-0.25,5411.25,2
301.59,3,2,0.0025,0.5,93,12,93.5,-0.5,5411.13,-1
301.878,3,2,0.0025,0.5,93,11,93.75,-0.75,5410.94,-1
302.167,3,2,0.0025,0.5,93,13,93.5,-0.5,5410.81,1
302.47,3,2,0.0025,0.5,93,11,93.75,-0.75,5410.5,-1
302.805,3,2,0.0025,0.5,93,14,93.25,-0.25,5410.44,2
303.11,3,2,0.0025,0.5,93,13,93.25,-0.25,5410.38,0
303.412,3,2,0.0025,0.5,93,14,93,0,5410.38,1
303.701,3,2,0.0025,0.5,93,11,93.5,-0.5,5410.25,-2
303.988,3,2,0.0025,0.5,93,14,93,0,5410.13,2
304.323,3,2,0.0025,0.5,93,12,93.25,-0.25,5410.06,-1
304.611,3,2,0.0025,0.5,93,13,93.25,-0.25,5410,0
304.899,3,2,0.0025,0.5,93,13,93.25,-0.25,5409.94,0
305.186,3,2,0.0025,0.5,93,12,93.5,-0.5,5409.81,-1
305.474,3,2,0.0025,0.5,93,14,93,0,5409.75,1
305.825,3,2,0.0025,0.5,93,14,92.75,0.25,5409.81,1
306.114,3,2,0.0025,0.5,93,14,92.75,0.25,5409.88,0
306.401,3,2,0.0025,0.5,93,12,93.25,-0.25,5409.81,-2
306.689,3,2,0.0025,0.5,93,12,93.5,-0.5,5409.69,-1
306.977,3,2,0.0025,0.5,93,14,92.75,0.25,5409.75,1
307.312,3,2,0.0025,0.5,93,11,93.5,-0.5,5409.63,-3
307.616,3,2,0.0025,0.5,93,14,93,0,5409.63,2
307.903,3,2,0.0025,0.5,93,15,92.5,0.5,5409.75,2
308.191,3,2,0.0025,0.5,93,13,92.75,0.25,5409.81,-1
308.479,3,2,0.0025,0.5,93,14,93,0,5409.75,1
308.83,3,2,0.0025,0.5,93,14,92.75,0.25,5409.81,1
309.119,3,2,0.0025,0.5,93,14,92.75,0.25,5409.88,0
309.406,3,2,0.0025,0.5,93,12,93.25,-0.25,5409.81,-2
309.694,3,2,0.0025,0.5,93,15,92.75,0.25,5409.88,2
309.981,3,2,0.0025,0.5,93,13,93,0,5409.94,-1
310.317,3,2,0.0025,0.5,93,13,93,0,5409.94,0
310.621,3,2,0.0025,0.5,93,14,92.75,0.25,5410,1
310.909,3,2,0.0025,0.5,93,11,93.5,-0.5,5409.88,-3
311.212,3,2,0.0025,0.5,93,15,92.75,0.25,5409.94,3
311.501,3,2,0.0025,0.5,93,15,92.75,0.25,5409.94,2
311.82,3,2,0.0025,0.5,93,12,93.25,-0.25,5409.88,-2
312.124,3,2,0.0025,0.5,93,13,93.25,-0.25,5409.81,0
312.427,3,2,0.0025,0.5,93,13,93.25,-0.25,5409.75,0
312.716,3,2,0.0025,0.5,93,13,93.25,-0.25,5409.69,0
313.019,3,2,0.0025,0.5,93,14,92.75,0.25,5409.81,0
313.355,3,2,0.0025,0.5,93,14,92.75,0.25,5409.88,0
313.642,3,2,0.0025,0.5,93,15,92.5,0.5,5410,1
313.93,3,2,0.0025,0.5,93,13,92.75,0.25,5410.06,-1
314.217,3,2,0.0025,0.5,93,12,93.25,-0.25,5410,-2
314.506,3,2,0.0025,0.5,93,15,92.5,0.5,5410.19,1
314.857,3,2,0.0025,0.5,93,13,92.75,0.25,5410.25,-1
315.145,3,2,0.0025,0.5,93,14,92.75,0.25,5410.31,0
315.432,3,2,0.0025,0.5,93,14,92.75,0.25,5410.38,0
315.719,3,2,0.0025,0.5,93,14,92.75,0.25,5410.44,0
316.008,3,2,0.0025,0.5,93,13,93,0,5410.44,0
316.327,3,2,0.0025,0.5,93,14,92.75,0.25,5410.5,1
316.631,3,2,0.0025,0.5,93,14,92.75,0.25,5410.56,0
316.918,3,2,0.0025,0.5,93,15,92.5,0.5,5410.69,1
317.207,3,2,0.0025,0.5,93,13,92.75,0.25,5410.75,-1
317.51,3,2,0.0025,0.5,93,14,92.75,0.25,5410.88,0
317.862,3,2,0.0025,0.5,93,15,92.5,0.5,5411,1
318.166,3,2,0.0025,0.5,93,13,92.75,0.25,5411.06,-1
318.453,3,2,0.0025,0.5,93,15,92.5,0.5,5411.19,1
318.741,3,2,0.0025,0.5,93,14,92.5,0.5,5411.5,-1
319.092,3,2,0.0025,0.5,93,14,92.5,0.5,5411.63,0
319.38,3,2,0.0025,0.5,93,14,92.5,0.5,5411.75,0
319.668,3,2,0.0025,0.5,93,14,92.5,0.5,5411.88,0
319.972,3,2,0.0025,0.5,93,15,92.25,0.75,5412.06,1
320.26,3,2,0.0025,0.5,93,14,92.5,0.5,5412.31,0
320.595,3,2,0.0025,0.5,93,13,92.75,0.25,5412.38,-1
320.882,3,2,0.0025,0.5,93,14,92.75,0.25,5412.44,0
321.17,3,2,0.0025,0.5,93,15,92.5,0.5,5412.56,1
321.458,3,2,0.0025,0.5,93,13,92.75,0.25,5412.63,-1
321.745,3,2,0.0025,0.5,93,15,92.5,0.5,5412.81,1
322.097,3,2,0.0025,0.5,93,14,92.5,0.5,5412.94,0
322.386,3,2,0.0025,0.5,93,14,92.5,0.5,5413.06,0
322.689,3,2,0.0025,0.5,93,13,92.75,0.25,5413.13,-1
322.992,3,2,0.0025,0.5,93,15,92.5,0.5,5413.31,1
323.345,3,2,0.0025,0.5,93,15,92.25,0.75,5413.5,1
323.647,3,2,0.0025,0.5,93,13,92.75,0.25,5413.56,-2
323.935,3,2,0.0025,0.5,93,15,92.5,0.5,5413.69,1
324.224,3,2,0.0025,0.5,93,15,92.25,0.75,5413.88,1
324.527,3,2,0.0025,0.5,93,14,92.5,0.5,5414.19,-1
324.878,3,2,0.0025,0.5,93,14,92.5,0.5,5414.31,0
325.166,3,2,0.0025,0.5,93,15,92.25,0.75,5414.5,1
325.453,3,2,0.0025,0.5,93,16,92,1,5414.75,1
325.741,3,2,0.0025,0.5,93,14,92.5,0.5,5415.06,-1
326.093,3,2,0.0025,0.5,93,15,92.25,0.75,5415.25,1
326.396,3,2,0.0025,0.5,93,15,92.25,0.75,5415.44,0
326.684,3,2,0.0025,0.5,93,14,92.5,0.5,5415.56,-1
326.973,3,2,0.0025,0.5,93,16,92,1,5415.81,2
327.26,3,2,0.0025,0.5,93,15,92.25,0.75,5416.19,0
327.596,3,2,0.0025,0.5,93,17,91.75,1.25,5416.5,2
327.899,3,2,0.0025,0.5,93,13,92.5,0.5,5416.63,-3
328.188,3,2,0.0025,0.5,93,14,92.5,0.5,5416.75,0
328.491,3,2,0.0025,0.5,93,15,92.25,0.75,5416.94,1
328.779,3,2,0.0025,0.5,93,15,92.25,0.75,5417.25,1
329.13,3,2,0.0025,0.5,93,16,92,1,5417.5,1
329.418,3,2,0.0025,0.5,93,14,92.25,0.75,5417.69,-1
329.705,3,2,0.0025,0.5,93,16,92,1,5417.94,1
329.994,3,2,0.0025,0.5,93,14,92.25,0.75,5418.13,-1
330.281,3,2,0.0025,0.5,93,16,92,1,5418.5,2
330.633,3,2,0.0025,0.5,93,15,92,1,5418.75,0
330.92,3,2,0.0025,0.5,93,14,92.25,0.75,5418.94,-1
331.208,3,2,0.0025,0.5,93,15,92.25,0.75,5419.13,0
331.496,3,2,0.0025,0.5,93,14,92.25,0.75,5419.63,-2
331.815,3,2,0.0025,0.5,93,17,91.75,1.25,5419.94,2
332.152,3,2,0.0025,0.5,93,16,91.75,1.25,5420.25,0
332.455,3,2,0.0025,0.5,93,15,92,1,5420.5,-1
332.742,3,2,0.0025,0.5,93,13,92.5,0.5,5420.63,-2
333.03,3,2,0.0025,0.5,93,14,92.5,0.5,5420.94,-1
333.382,3,2,0.0025,0.5,93,15,92.25,0.75,5421.13,1
333.67,3,2,0.0025,0.5,93,15,92.25,0.75,5421.31,0
333.957,3,2,0.0025,0.5,93,16,92,1,5421.56,1
334.245,3,2,0.0025,0.5,93,14,92.25,0.75,5421.75,-1
334.532,3,2,0.0025,0.5,93,15,92,1,5422.25,0
334.884,3,2,0.0025,0.5,93,15,92,1,5422.5,0
335.171,3,2,0.0025,0.5,93,14,92.25,0.75,5422.69,-1
335.459,3,2,0.0025,0.5,93,15,92.25,0.75,5422.88,0
335.746,3,2,0.0025,0.5,93,16,92,1,5423.13,1
336.035,3,2,0.0025,0.5,93,15,92,1,5423.63,0
336.386,3,2,0.0025,0.5,93,15,92,1,5423.88,0
336.673,3,2,0.0025,0.5,93,15,92,1,5424.13,0
336.961,3,2,0.0025,0.5,93,15,92,1,5424.38,0
337.249,3,2,0.0025,0.5,93,14,92.25,0.75,5424.56,-1
337.537,3,2,0.0025,0.5,93,15,92,1,5425.06,0
337.888,3,2,0.0025,0.5,93,15,92,1,5425.31,0
338.177,3,2,0.0025,0.5,93,16,91.75,1.25,5425.63,1
338.481,3,2,0.0025,0.5,93,15,92,1,5425.88,-1
338.768,3,2,0.0025,0.5,93,14,92,1,5426.5,-2
339.104,3,2,0.0025,0.5,93,15,92,1,5426.75,0
339.407,3,2,0.0025,0.5,93,16,91.75,1.25,5427.06,1
339.695,3,2,0.0025,0.5,93,15,92,1,5427.31,-1
339.983,3,2,0.0025,0.5,93,15,92,1,5427.56,0
340.27,3,2,0.0025,0.5,93,15,92,1,5428.13,-1
340.606,3,2,0.0025,0.5,93,16,91.75,1.25,5428.44,1
340.91,3,2,0.0025,0.5,93,17,91.5,1.5,5428.81,1
341.197,3,2,0.0025,0.5,93,14,92,1,5429.06,-2
341.485,3,2,0.0025,0.5,93,14,92.25,0.75,5429.25,-1
341.773,3,2,0.0025,0.5,93,16,91.75,1.25,5429.88,0
342.11,3,2,0.0025,0.5,93,15,92,1,5430.13,-1
342.413,3,2,0.0025,0.5,93,16,91.75,1.25,5430.44,1
342.7,3,2,0.0025,0.5,93,15,92,1,5430.69,-1
342.988,3,2,0.0025,0.5,93,14,92.25,0.75,5430.88,-1
343.276,3,2,0.0025,0.5,93,16,91.75,1.25,5431.5,0
343.611,3,2,0.0025,0.5,93,18,91.25,1.75,5431.94,2
343.914,3,2,0.0025,0.5,93,15,91.75,1.25,5432.25,-2
344.203,3,2,0.0025,0.5,93,15,92,1,5432.5,-1
344.49,3,2,0.0025,0.5,93,16,91.75,1.25,5432.81,1
344.778,3,2,0.0025,0.5,93,16,91.75,1.25,5433.44,0
345.113,3,2,0.0025,0.5,93,16,91.75,1.25,5433.75,0
345.417,3,2,0.0025,0.5,93,15,92,1,5434,-1
345.705,3,2,0.0025,0.5,93,15,92,1,5434.25,0
345.994,3,2,0.0025,0.5,93,15,92,1,5434.5,0
346.297,3,2,0.0025,0.5,93,15,92,1,5435.06,-1
346.616,3,2,0.0025,0.5,93,15,92,1,5435.31,0
346.92,3,2,0.0025,0.5,93,18,91.25,1.75,5435.75,3
347.208,3,2,0.0025,0.5,93,17,91.25,1.75,5436.19,0
347.512,3,2,0.0025,0.5,93,16,91.5,1.5,5436.56,-1
347.798,3,2,0.0025,0.5,93,15,92,1,5437.06,0
348.119,3,2,0.0025,0.5,93,15,92,1,5437.31,0
348.422,3,2,0.0025,0.5,93,16,91.75,1.25,5437.63,1
348.709,3,2,0.0025,0.5,93,16,91.75,1.25,5437.94,0
348.997,3,2,0.0025,0.5,93,16,91.75,1.25,5438.25,0
349.286,3,2,0.0025,0.5,93,16,91.5,1.5,5439.06,-1
349.621,3,2,0.0025,0.5,93,15,91.75,1.25,5439.38,-1
349.925,3,2,0.0025,0.5,93,16,91.75,1.25,5439.69,0
350.212,3,2,0.0025,0.5,93,17,91.5,1.5,5440.06,1
350.5,3,2,0.0025,0.5,93,14,92,1,5440.31,-2
350.788,3,2,0.0025,0.5,93,15,92,1,5440.88,-1
351.124,3,2,0.0025,0.5,93,16,91.75,1.25,5441.19,1
351.427,3,2,0.0025,0.5,93,15,92,1,5441.44,-1
351.715,3,2,0.0025,0.5,93,17,91.5,1.5,5441.81,2
352.003,3,2,0.0025,0.5,93,17,91.25,1.75,5442.25,1
352.291,3,2,0.0025,0.5,93,16,91.75,1.25,5442.88,0
352.626,3,2,0.0025,0.5,93,16,91.75,1.25,5443.19,0
352.929,3,2,0.0025,0.5,93,16,91.75,1.25,5443.5,0
353.217,3,2,0.0025,0.5,93,17,91.5,1.5,5443.88,1
353.505,3,2,0.0025,0.5,93,16,91.5,1.5,5444.25,0
353.793,3,2,0.0025,0.5,93,16,91.75,1.25,5444.88,0
354.128,3,2,0.0025,0.5,93,16,91.75,1.25,5445.19,0
354.432,3,2,0.0025,0.5,93,18,91.25,1.75,5445.63,2
354.72,3,2,0.0025,0.5,93,15,91.75,1.25,5445.94,-2
355.008,3,2,0.0025,0.5,93,17,91.5,1.5,5446.31,1
355.311,3,2,0.0025,0.5,93,16,91.75,1.25,5446.94,0
355.663,3,2,0.0025,0.5,93,17,91.5,1.5,5447.31,1
355.951,3,2,0.0025,0.5,93,15,91.75,1.25,5447.63,-1
356.254,3,2,0.0025,0.5,93,17,91.5,1.5,5448,1
356.542,3,2,0.0025,0.5,93,17,91.5,1.5,5448.69,1
356.878,3,2,0.0025,0.5,93,16,91.5,1.5,5449.06,0
357.181,3,2,0.0025,0.5,93,17,91.25,1.75,5449.5,1
357.469,3,2,0.0025,0.5,93,15,91.75,1.25,5449.81,-2
357.757,3,2,0.0025,0.5,93,16,91.75,1.25,5450.13,0
358.061,3,2,0.0025,0.5,93,14,92,1,5450.75,-2
358.412,3,2,0.0025,0.5,93,19,91,2,5451.25,4
358.699,3,2,0.0025,0.5,93,15,91.5,1.5,5451.63,-2
358.988,3,2,0.0025,0.5,93,16,91.5,1.5,5452,0
359.275,3,2,0.0025,0.5,93,16,91.5,1.5,5452.38,0
359.563,3,2,0.0025,0.5,93,16,91.5,1.5,5453.13,0
359.914,3,2,0.0025,0.5,93,16,91.5,1.5,5453.5,0
360.203,3,2,0.0025,0.5,93,17,91.25,1.75,5453.94,1
360.506,3,2,0.0025,0.5,93,16,91.5,1.5,5454.31,-1
360.793,3,2,0.0025,0.5,93,17,91.25,1.75,5455.19,0
361.129,3,2,0.0025,0.5,93,17,91.25,1.75,5455.63,0
361.433,3,2,0.0025,0.5,93,16,91.5,1.5,5456,-1
361.721,3,2,0.0025,0.5,93,18,91,2,5456.5,2
362.008,3,2,0.0025,0.5,93,18,90.75,2.25,5457.06,1
362.296,3,2,0.0025,0.5,93,15,91.75,1.25,5457.75,-1
362.631,3,2,0.0025,0.5,93,18,91.25,1.75,5458.19,2
362.936,3,2,0.0025,0.5,93,16,91.5,1.5,5458.56,-1
363.224,3,2,0.0025,0.5,93,16,91.5,1.5,5458.94,0
363.511,3,2,0.0025,0.5,93,16,91.5,1.5,5459.31,0
363.799,3,2,0.0025,0.5,93,18,91.25,1.75,5460.06,2
364.134,3,2,0.0025,0.5,93,16,91.5,1.5,5460.44,-1
364.438,3,2,0.0025,0.5,93,16,91.5,1.5,5460.81,0
364.726,3,2,0.0025,0.5,93,16,91.5,1.5,5461.19,0
365.014,3,2,0.0025,0.5,93,18,91,2,5461.69,2
365.318,3,2,0.0025,0.5,93,18,91,2,5462.63,1
365.653,3,2,0.0025,0.5,93,17,91,2,5463.13,0
365.941,3,2,0.0025,0.5,93,16,91.25,1.75,5463.56,-1
366.228,3,2,0.0025,0.5,93,17,91.25,1.75,5464,0
366.517,3,2,0.0025,0.5,93,17,91.25,1.75,5464.44,0
366.82,3,2,0.0025,0.5,93,16,91.5,1.5,5465.25,-1
367.139,3,2,0.0025,0.5,93,17,91.25,1.75,5465.69,1
367.444,3,2,0.0025,0.5,93,16,91.5,1.5,5466.06,-1
367.731,3,2,0.0025,0.5,93,16,91.5,1.5,5466.44,0
368.018,3,2,0.0025,0.5,93,17,91.25,1.75,5466.88,1
368.306,3,2,0.0025,0.5,93,16,91.5,1.5,5467.63,0
368.642,3,2,0.0025,0.5,93,17,91.25,1.75,5468.06,1
368.946,3,2,0.0025,0.5,93,15,91.75,1.25,5468.38,-2
369.233,3,2,0.0025,0.5,93,18,91.25,1.75,5468.81,2
369.522,3,2,0.0025,0.5,93,16,91.5,1.5,5469.19,-1
369.825,3,2,0.0025,0.5,93,16,91.25,1.75,5470.13,-1
370.144,3,2,0.0025,0.5,93,17,91.25,1.75,5470.56,0
370.449,3,2,0.0025,0.5,93,20,90.5,2.5,5471.19,3
370.736,3,2,0.0025,0.5,93,15,91.25,1.75,5471.63,-3
371.024,3,2,0.0025,0.5,93,17,91.25,1.75,5472.06,0
371.328,3,2,0.0025,0.5,93,19,90.75,2.25,5473.06,2
371.647,3,2,0.0025,0.5,93,16,91.25,1.75,5473.5,-2
371.951,3,2,0.0025,0.5,93,16,91.5,1.5,5473.88,-1
372.238,3,2,0.0025,0.5,93,17,91.25,1.75,5474.31,1
372.525,3,2,0.0025,0.5,93,17,91.25,1.75,5474.75,0
372.813,3,2,0.0025,0.5,93,17,91,2,5475.75,0
373.149,3,2,0.0025,0.5,93,16,91.25,1.75,5476.19,-1
373.453,3,2,0.0025,0.5,93,18,91,2,5476.69,1
373.74,3,2,0.0025,0.5,93,17,91,2,5477.19,0
374.028,3,2,0.0025,0.5,93,16,91.25,1.75,5477.63,-1
374.317,3,2,0.0025,0.5,93,17,91.25,1.75,5478.5,0
374.652,3,2,0.0025,0.5,93,17,91.25,1.75,5478.94,0
374.956,3,2,0.0025,0.5,93,18,91,2,5479.44,1
375.259,3,2,0.0025,0.5,93,16,91.25,1.75,5479.88,-1
375.547,3,2,0.0025,0.5,93,18,91,2,5480.38,1
375.835,3,2,0.0025,0.5,93,15,91.5,1.5,5481.25,-2
376.186,3,2,0.0025,0.5,93,16,91.5,1.5,5481.63,0
376.475,3,2,0.0025,0.5,93,17,91.25,1.75,5482.06,1
376.778,3,2,0.0025,0.5,93,18,91,2,5482.56,1
377.081,3,2,0.0025,0.5,93,17,91.25,1.75,5483.44,0
377.417,3,2,0.0025,0.5,93,17,91.25,1.75,5483.88,0
377.704,3,2,0.0025,0.5,93,20,90.5,2.5,5484.5,3
377.993,3,2,0.0025,0.5,93,14,91.5,1.5,5484.88,-4
378.296,3,2,0.0025,0.5,93,17,91.25,1.75,5485.31,1
378.584,3,2,0.0025,0.5,93,17,91,2,5486.31,0
378.919,3,2,0.0025,0.5,93,16,91.25,1.75,5486.75,-1
379.207,3,2,0.0025,0.5,93,18,91,2,5487.25,1
379.495,3,2,0.0025,0.5,93,16,91.25,1.75,5487.69,-1
379.783,3,2,0.0025,0.5,93,17,91.25,1.75,5488.13,0
380.087,3,2,0.0025,0.5,93,18,91,2,5489.06,1
380.422,3,2,0.0025,0.5,93,17,91,2,5489.56,0
380.709,3,2,0.0025,0.5,93,15,91.5,1.5,5489.94,-2
380.998,3,2,0.0025,0.5,93,18,91,2,5490.44,2
381.285,3,2,0.0025,0.5,93,17,91,2,5490.94,0
381.572,3,2,0.0025,0.5,93,17,91,2,5492,-1
381.908,3,2,0.0025,0.5,93,17,91,2,5492.5,0
382.213,3,2,0.0025,0.5,93,17,91,2,5493,0
382.516,3,2,0.0025,0.5,93,15,91.5,1.5,5493.38,-2
382.804,3,2,0.0025,0.5,93,16,91.5,1.5,5493.75,0
383.107,3,2,0.0025,0.5,93,17,91.25,1.75,5494.56,1
383.443,3,2,0.0025,0.5,93,16,91.5,1.5,5494.94,-1
383.747,3,2,0.0025,0.5,93,18,91,2,5495.44,2
384.05,3,2,0.0025,0.5,93,15,91.5,1.5,5495.81,-2
384.338,3,2,0.0025,0.5,93,17,91.25,1.75,5496.63,1
384.674,3,2,0.0025,0.5,93,18,91,2,5497.13,1
384.977,3,2,0.0025,0.5,93,17,91,2,5497.63,0
385.265,3,2,0.0025,0.5,93,16,91.25,1.75,5498.06,-1
385.553,3,2,0.0025,0.5,93,17,91.25,1.75,5498.5,0
385.856,3,2,0.0025,0.5,93,16,91.5,1.5,5499.31,-1
386.208,3,2,0.0025,0.5,93,19,90.75,2.25,5499.88,3
386.496,3,2,0.0025,0.5,93,15,91.5,1.5,5500.25,-3
386.783,3,2,0.0025,0.5,93,18,91,2,5500.75,2
387.071,3,2,0.0025,0.5,93,17,91,2,5501.81,-1
387.423,3,2,0.0025,0.5,93,17,91,2,5502.31,0
387.727,3,2,0.0025,0.5,93,17,91,2,5502.81,0
388.014,3,2,0.0025,0.5,93,16,91.25,1.75,5503.25,-1
388.302,3,2,0.0025,0.5,93,20,90.5,2.5,5503.88,3
388.59,3,2,0.0025,0.5,93,17,91,2,5504.88,0
388.925,3,2,0.0025,0.5,93,16,91.25,1.75,5505.31,-1
389.229,3,2,0.0025,0.5,93,18,91,2,5505.81,1
389.518,3,2,0.0025,0.5,93,16,91.25,1.75,5506.25,-1
389.821,3,2,0.0025,0.5,93,18,90.75,2.25,5507.31,1
390.172,3,2,0.0025,0.5,93,17,91,2,5507.81,-1
390.476,3,2,0.0025,0.5,93,16,91.25,1.75,5508.25,-1
390.764,3,2,0.0025,0.5,93,18,91,2,5508.75,1
391.051,3,2,0.0025,0.5,93,16,91.25,1.75,5509.19,-1
391.34,3,2,0.0025,0.5,93,17,91,2,5510.19,0
391.675,3,2,0.0025,0.5,93,17,91,2,5510.69,0
391.978,3,2,0.0025,0.5,93,19,90.5,2.5,5511.31,2
392.267,3,2,0.0025,0.5,93,16,91,2,5511.81,-2
392.57,3,2,0.0025,0.5,93,17,91,2,5512.31,0
392.859,3,2,0.0025,0.5,93,18,91,2,5513.25,1
393.21,3,2,0.0025,0.5,93,17,91,2,5513.75,0
393.514,3,2,0.0025,0.5,93,18,90.75,2.25,5514.31,1
393.817,3,2,0.0025,0.5,93,17,91,2,5514.81,-1
394.105,3,2,0.0025,0.5,93,16,91.25,1.75,5515.75,-1
394.424,3,2,0.0025,0.5,93,17,91.25,1.75,5516.19,0
394.728,3,2,0.0025,0.5,93,17,91.25,1.75,5516.63,0
395.016,3,2,0.0025,0.5,93,18,91,2,5517.13,1
395.303,3,2,0.0025,0.5,93,17,91,2,5517.63,0
395.591,3,2,0.0025,0.5,93,16,91.25,1.75,5518.56,-1
395.926,3,2,0.0025,0.5,93,18,91,2,5519.06,1
396.23,3,2,0.0025,0.5,93,17,91,2,5519.56,0
396.519,3,2,0.0025,0.5,93,16,91.25,1.75,5520,-1
396.821,3,2,0.0025,0.5,93,20,90.5,2.5,5520.63,3
397.11,3,2,0.0025,0.5,93,17,91.25,1.75,5521.5,0
397.429,3,2,0.0025,0.5,93,17,91.25,1.75,5521.94,0
397.733,3,2,0.0025,0.5,93,17,91.25,1.75,5522.38,0
398.021,3,2,0.0025,0.5,93,19,90.75,2.25,5522.94,2
398.308,3,2,0.0025,0.5,93,17,91,2,5523.44,-1
398.596,3,2,0.0025,0.5,93,19,90.75,2.25,5524.44,2
398.931,3,2,0.0025,0.5,93,16,91.25,1.75,5524.88,-2
399.235,3,2,0.0025,0.5,93,18,91,2,5525.38,1
399.523,3,2,0.0025,0.5,93,16,91.25,1.75,5525.81,-1
399.811,3,2,0.0025,0.5,93,18,91,2,5526.31,1
400.099,3,2,0.0025,0.5,93,18,91,2,5527.25,1
400.434,3,2,0.0025,0.5,93,16,91.25,1.75,5527.69,-1
400.738,3,2,0.0025,0.5,93,17,91.25,1.75,5528.13,0
401.025,3,2,0.0025,0.5,93,18,91,2,5528.63,1
401.313,3,2,0.0025,0.5,93,16,91.25,1.75,5529.06,-1
401.601,3,2,0.0025,0.5,93,18,91,2,5530,1
401.936,3,2,0.0025,0.5,93,16,91.25,1.75,5530.44,-1
402.24,3,2,0.0025,0.5,93,16,91.5,1.5,5530.81,-1
402.537,3,2,0.0025,0.5,93,17,91.25,1.75,5531.25,1
402.831,3,2,0.0025,0.5,93,18,91,2,5531.75,1
403.119,3,2,0.0025,0.5,93,18,91,2,5532.69,1
403.47,3,2,0.0025,0.5,93,17,91,2,5533.19,0
403.759,3,2,0.0025,0.5,93,16,91.25,1.75,5533.63,-1
404.046,3,2,0.0025,0.5,93,17,91.25,1.75,5534.06,0
404.334,3,2,0.0025,0.5,93,17,91.25,1.75,5534.5,0
404.625,3,2,0.0025,0.5,93,18,91,2,5535.44,1
404.973,3,2,0.0025,0.5,93,17,91,2,5535.94,0
405.261,3,2,0.0025,0.5,93,18,90.75,2.25,5536.5,1
405.549,3,2,0.0025,0.5,93,16,91.25,1.75,5536.94,-2
405.837,3,2,0.0025,0.5,93,18,91,2,5537.44,1
406.124,3,2,0.0025,0.5,93,16,91.25,1.75,5538.38,-1
406.476,3,2,0.0025,0.5,93,18,91,2,5538.88,1
406.763,3,2,0.0025,0.5,93,16,91.25,1.75,5539.31,-1
407.05,3,2,0.0025,0.5,93,18,91,2,5539.81,1
407.339,3,2,0.0025,0.5,93,16,91.25,1.75,5540.25,-1
407.627,3,2,0.0025,0.5,93,17,91,2,5541.25,0
407.978,3,2,0.0025,0.5,93,18,90.75,2.25,5541.81,1
408.266,3,2,0.0025,0.5,93,17,91,2,5542.31,-1
408.554,3,2,0.0025,0.5,93,18,90.75,2.25,5542.88,1
408.842,3,2,0.0025,0.5,93,16,91.25,1.75,5543.31,-2
409.129,3,2,0.0025,0.5,93,18,90.75,2.25,5544.44,0
409.48,3,2,0.0025,0.5,93,18,90.75,2.25,5545,0
409.768,3,2,0.0025,0.5,93,18,90.75,2.25,5545.56,0
410.057,3,2,0.0025,0.5,93,16,91.25,1.75,5546,-2
410.344,3,2,0.0025,0.5,93,16,91.25,1.75,5546.94,-1
410.666,3,2,0.0025,0.5,93,16,91.5,1.5,5547.31,-1
410.999,3,2,0.0025,0.5,93,17,91.25,1.75,5547.75,1
411.287,3,2,0.0025,0.5,93,17,91.25,1.75,5548.19,0
411.574,3,2,0.0025,0.5,93,18,91,2,5548.69,1
411.862,3,2,0.0025,0.5,93,18,91,2,5549.63,1
412.198,3,2,0.0025,0.5,93,17,91,2,5550.13,0
412.501,3,2,0.0025,0.5,93,17,91,2,5550.63,0
412.792,3,2,0.0025,0.5,93,15,91.5,1.5,5551,-2
413.093,3,2,0.0025,0.5,93,17,91.25,1.75,5551.44,1
413.381,3,2,0.0025,0.5,93,16,91.25,1.75,5552.38,-1
413.734,3,2,0.0025,0.5,93,18,91,2,5552.88,1
414.036,3,2,0.0025,0.5,93,17,91,2,5553.38,0
414.323,3,2,0.0025,0.5,93,17,91,2,5553.88,0
414.611,3,2,0.0025,0.5,93,18,91,2,5554.81,1
414.963,3,2,0.0025,0.5,93,17,91,2,5555.31,0
415.25,3,2,0.0025,0.5,93,18,90.75,2.25,5555.88,1
415.538,3,2,0.0025,0.5,93,16,91.25,1.75,5556.31,-2
415.826,3,2,0.0025,0.5,93,19,90.75,2.25,5556.88,2
416.114,3,2,0.0025,0.5,93,17,91.25,1.75,5557.75,0
416.452,3,2,0.0025,0.5,93,16,91.5,1.5,5558.13,-1
416.753,3,2,0.0025,0.5,93,19,90.75,2.25,5558.69,3
417.041,3,2,0.0025,0.5,93,15,91.5,1.5,5559.06,-3
417.332,3,2,0.0025,0.5,93,18,91,2,5559.56,2
417.633,3,2,0.0025,0.5,93,19,90.5,2.5,5560.69,2
417.968,3,2,0.0025,0.5,93,16,91,2,5561.19,-2
418.256,3,2,0.0025,0.5,93,16,91.25,1.75,5561.63,-1
418.543,3,2,0.0025,0.5,93,18,91,2,5562.13,1
418.83,3,2,0.0025,0.5,93,16,91.25,1.75,5562.56,-1
419.119,3,2,0.0025,0.5,93,18,91,2,5563.5,1
419.47,3,2,0.0025,0.5,93,17,91,2,5564,0
419.758,3,2,0.0025,0.5,93,17,91,2,5564.5,0
420.045,3,2,0.0025,0.5,93,16,91.25,1.75,5564.94,-1
420.334,3,2,0.0025,0.5,93,17,91.25,1.75,5565.38,0
420.621,3,2,0.0025,0.5,93,16,91.25,1.75,5566.31,-1
420.957,3,2,0.0025,0.5,93,17,91.25,1.75,5566.75,0
421.26,3,2,0.0025,0.5,93,19,90.75,2.25,5567.31,2
421.549,3,2,0.0025,0.5,93,17,91,2,5567.81,-1
421.851,3,2,0.0025,0.5,93,18,90.75,2.25,5568.38,1
422.14,3,2,0.0025,0.5,93,15,91.5,1.5,5569.25,-2
422.475,3,2,0.0025,0.5,93,15,91.75,1.25,5569.56,-1
422.762,3,2,0.0025,0.5,93,19,91,2,5570.06,3
423.051,3,2,0.0025,0.5,93,17,91,2,5570.56,0
423.338,3,2,0.0025,0.5,93,16,91.25,1.75,5571,-1
423.626,3,2,0.0025,0.5,93,16,91.25,1.75,5571.94,-1
423.962,3,2,0.0025,0.5,93,18,91,2,5572.44,1
424.265,3,2,0.0025,0.5,93,15,91.5,1.5,5572.81,-2
424.554,3,2,0.0025,0.5,93,17,91.25,1.75,5573.25,1
424.857,3,2,0.0025,0.5,93,16,91.5,1.5,5573.63,-1
425.144,3,2,0.0025,0.5,93,16,91.25,1.75,5574.56,-1
425.464,3,2,0.0025,0.5,93,18,91,2,5575.06,1
425.768,3,2,0.0025,0.5,93,15,91.5,1.5,5575.44,-2
426.055,3,2,0.0025,0.5,93,16,91.5,1.5,5575.81,0
426.344,3,2,0.0025,0.5,93,16,91.5,1.5,5576.19,0
426.647,3,2,0.0025,0.5,93,16,91.25,1.75,5577.13,-1
426.966,3,2,0.0025,0.5,93,15,91.75,1.25,5577.44,-2
427.27,3,2,0.0025,0.5,93,18,91.25,1.75,5577.88,2
427.558,3,2,0.0025,0.5,93,17,91.25,1.75,5578.31,0
427.846,3,2,0.0025,0.5,93,16,91.5,1.5,5578.69,-1
428.133,3,2,0.0025,0.5,93,17,91.25,1.75,5579.56,0
428.469,3,2,0.0025,0.5,93,18,91,2,5580.06,1
428.772,3,2,0.0025,0.5,93,16,91.25,1.75,5580.5,-1
429.06,3,2,0.0025,0.5,93,16,91.5,1.5,5580.88,-1
429.349,3,2,0.0025,0.5,93,17,91.25,1.75,5581.31,1
429.637,3,2,0.0025,0.5,93,16,91.5,1.5,5582.06,0
429.972,3,2,0.0025,0.5,93,16,91.5,1.5,5582.44,0
430.275,3,2,0.0025,0.5,93,19,90.75,2.25,5583,3
430.563,3,2,0.0025,0.5,93,17,91,2,5583.5,-1
430.851,3,2,0.0025,0.5,93,15,91.5,1.5,5583.88,-2
431.139,3,2,0.0025,0.5,93,16,91.5,1.5,5584.69,-1
431.474,3,2,0.0025,0.5,93,18,91,2,5585.19,2
431.778,3,2,0.0025,0.5,93,16,91.25,1.75,5585.63,-1
432.065,3,2,0.0025,0.5,93,17,91.25,1.75,5586.06,0
432.353,3,2,0.0025,0.5,93,17,91.25,1.75,5586.5,0
432.641,3,2,0.0025,0.5,93,17,91,2,5587.56,-1
432.977,3,2,0.0025,0.5,93,17,91,2,5588.06,0
433.28,3,2,0.0025,0.5,93,16,91.25,1.75,5588.5,-1
433.568,3,2,0.0025,0.5,93,16,91.5,1.5,5588.88,-1
433.855,3,2,0.0025,0.5,93,17,91.25,1.75,5589.31,1
434.143,3,2,0.0025,0.5,93,19,90.75,2.25,5590.31,2
434.479,3,2,0.0025,0.5,93,16,91.25,1.75,5590.75,-2
434.782,3,2,0.0025,0.5,93,17,91.25,1.75,5591.19,0
435.071,3,2,0.0025,0.5,93,19,90.75,2.25,5591.75,2
435.374,3,2,0.0025,0.5,93,15,91.5,1.5,5592.13,-3
435.662,3,2,0.0025,0.5,93,17,91,2,5593.19,-1
436.014,3,2,0.0025,0.5,93,15,91.5,1.5,5593.56,-2
436.301,3,2,0.0025,0.5,93,16,91.5,1.5,5593.94,0
436.589,3,2,0.0025,0.5,93,17,91.25,1.75,5594.38,1
436.876,3,2,0.0025,0.5,93,17,91.25,1.75,5594.81,0
437.164,3,2,0.0025,0.5,93,16,91.25,1.75,5595.75,-1
437.517,3,2,0.0025,0.5,93,16,91.5,1.5,5596.13,-1
437.819,3,2,0.0025,0.5,93,17,91.25,1.75,5596.56,1
438.108,3,2,0.0025,0.5,93,18,91,2,5597.06,1
438.396,3,2,0.0025,0.5,93,17,91,2,5598.13,-1
438.731,3,2,0.0025,0.5,93,15,91.5,1.5,5598.5,-2
439.034,3,2,0.0025,0.5,93,16,91.5,1.5,5598.88,0
439.322,3,2,0.0025,0.5,93,16,91.5,1.5,5599.25,0
439.61,3,2,0.0025,0.5,93,18,91,2,5599.75,2
439.898,3,2,0.0025,0.5,93,17,91.25,1.75,5600.63,0
440.233,3,2,0.0025,0.5,93,18,91,2,5601.13,1
440.537,3,2,0.0025,0.5,93,18,91,2,5601.63,0
440.825,3,2,0.0025,0.5,93,16,91.5,1.5,5602,-2
441.112,3,2,0.0025,0.5,93,19,91,2,5602.5,2
441.401,3,2,0.0025,0.5,93,18,91.25,1.75,5603.31,1
441.736,3,2,0.0025,0.5,93,19,90.75,2.25,5603.88,2
442.04,3,2,0.0025,0.5,93,17,91,2,5604.38,-1
442.327,3,2,0.0025,0.5,93,16,91.5,1.5,5604.75,-2
442.615,3,2,0.0025,0.5,93,17,91.5,1.5,5605.13,0
442.903,3,2,0.0025,0.5,93,20,90.75,2.25,5606.06,3
443.254,3,2,0.0025,0.5,93,15,91.5,1.5,5606.44,-3
443.543,3,2,0.0025,0.5,93,17,91.5,1.5,5606.81,0
443.845,3,2,0.0025,0.5,93,17,91.5,1.5,5607.19,0
444.133,3,2,0.0025,0.5,93,18,91.25,1.75,5607.63,1
444.421,3,2,0.0025,0.5,93,16,91.5,1.5,5608.44,-1
444.74,3,2,0.0025,0.5,93,18,91.25,1.75,5608.88,1
445.045,3,2,0.0025,0.5,93,17,91.25,1.75,5609.31,0
445.332,3,2,0.0025,0.5,93,17,91.25,1.75,5609.75,0
445.621,3,2,0.0025,0.5,93,18,91,2,5610.25,1
445.923,3,2,0.0025,0.5,93,18,91,2,5611.25,0
446.244,3,2,0.0025,0.5,93,17,91.25,1.75,5611.69,-1
446.546,3,2,0.0025,0.5,93,16,91.5,1.5,5612.06,-1
446.835,3,2,0.0025,0.5,93,17,91.5,1.5,5612.44,0
447.138,3,2,0.0025,0.5,93,17,91.5,1.5,5612.81,0
447.426,3,2,0.0025,0.5,93,18,91.25,1.75,5613.63,1
447.745,3,2,0.0025,0.5,93,16,91.5,1.5,5614,-1
448.049,3,2,0.0025,0.5,93,19,91,2,5614.5,2
448.336,3,2,0.0025,0.5,93,17,91.25,1.75,5614.94,-1
448.625,3,2,0.0025,0.5,93,18,91,2,5615.44,1
448.912,3,2,0.0025,0.5,93,17,91.5,1.5,5616.19,0
449.248,3,2,0.0025,0.5,93,17,91.5,1.5,5616.56,0
449.552,3,2,0.0025,0.5,93,17,91.5,1.5,5616.94,0
449.839,3,2,0.0025,0.5,93,17,91.5,1.5,5617.31,0
450.128,3,2,0.0025,0.5,93,18,91.25,1.75,5617.75,1
450.43,3,2,0.0025,0.5,93,16,91.5,1.5,5618.56,-1
450.75,3,2,0.0025,0.5,93,17,91.5,1.5,5618.94,0
451.054,3,2,0.0025,0.5,93,17,91.5,1.5,5619.31,0
451.342,3,2,0.0025,0.5,93,19,91,2,5619.81,2
451.63,3,2,0.0025,0.5,93,20,90.5,2.5,5620.44,2
451.918,3,2,0.0025,0.5,93,19,91,2,5621.31,2
452.253,3,2,0.0025,0.5,93,18,91,2,5621.81,0
452.557,3,2,0.0025,0.5,93,18,91,2,5622.31,0
452.86,3,2,0.0025,0.5,93,16,91.5,1.5,5622.69,-2
453.148,3,2,0.0025,0.5,93,17,91.5,1.5,5623.06,0
453.436,3,2,0.0025,0.5,93,17,91.5,1.5,5623.81,0
453.788,3,2,0.0025,0.5,93,18,91.25,1.75,5624.25,1
454.075,3,2,0.0025,0.5,93,16,91.5,1.5,5624.63,-1
454.363,3,2,0.0025,0.5,93,17,91.5,1.5,5625,0
454.667,3,2,0.0025,0.5,93,16,91.5,1.5,5625.81,-1
455.002,3,2,0.0025,0.5,93,18,91.25,1.75,5626.25,1
455.306,3,2,0.0025,0.5,93,15,91.75,1.25,5626.56,-2
455.593,3,2,0.0025,0.5,93,17,91.5,1.5,5626.94,1
455.881,3,2,0.0025,0.5,93,17,91.5,1.5,5627.31,0
456.169,3,2,0.0025,0.5,93,18,91.25,1.75,5628.13,1
456.504,3,2,0.0025,0.5,93,16,91.5,1.5,5628.5,-1
456.809,3,2,0.0025,0.5,93,17,91.5,1.5,5628.88,0
457.096,3,2,0.0025,0.5,93,18,91.25,1.75,5629.31,1
457.383,3,2,0.0025,0.5,93,16,91.5,1.5,5629.69,-1
457.671,3,2,0.0025,0.5,93,17,91.5,1.5,5630.44,0
458.023,3,2,0.0025,0.5,93,18,91.25,1.75,5630.88,1
458.311,3,2,0.0025,0.5,93,16,91.5,1.5,5631.25,-1
458.615,3,2,0.0025,0.5,93,18,91.25,1.75,5631.69,1
458.918,3,2,0.0025,0.5,93,17,91.5,1.5,5632.44,0
459.27,3,2,0.0025,0.5,93,18,91.25,1.75,5632.88,1
459.574,3,2,0.0025,0.5,93,18,91,2,5633.38,1
459.861,3,2,0.0025,0.5,93,16,91.5,1.5,5633.75,-2
460.149,3,2,0.0025,0.5,93,18,91.25,1.75,5634.19,1
460.436,3,2,0.0025,0.5,93,17,91.25,1.75,5635.06,0
460.772,3,2,0.0025,0.5,93,16,91.5,1.5,5635.44,-1
461.075,3,2,0.0025,0.5,93,17,91.5,1.5,5635.81,0
461.364,3,2,0.0025,0.5,93,18,91.25,1.75,5636.25,1
461.651,3,2,0.0025,0.5,93,17,91.25,1.75,5636.69,0
461.938,3,2,0.0025,0.5,93,18,91.25,1.75,5637.44,2
462.274,3,2,0.0025,0.5,93,15,91.75,1.25,5637.75,-2
462.563,3,2,0.0025,0.5,93,17,91.5,1.5,5638.13,1
462.85,3,2,0.0025,0.5,93,17,91.5,1.5,5638.5,0
463.137,3,2,0.0025,0.5,93,17,91.5,1.5,5638.88,0
463.425,3,2,0.0025,0.5,93,15,91.75,1.25,5639.63,-2
463.777,3,2,0.0025,0.5,93,15,92,1,5639.88,-1
464.082,3,2,0.0025,0.5,93,18,91.5,1.5,5640.25,2
464.385,3,2,0.0025,0.5,93,17,91.5,1.5,5640.63,0
464.672,3,2,0.0025,0.5,93,16,91.5,1.5,5641.5,-2
465.023,3,2,0.0025,0.5,93,18,91.25,1.75,5641.94,1
465.327,3,2,0.0025,0.5,93,16,91.5,1.5,5642.31,-1
465.615,3,2,0.0025,0.5,93,20,90.75,2.25,5642.88,3
465.903,3,2,0.0025,0.5,93,16,91.25,1.75,5643.31,-2
466.19,3,2,0.0025,0.5,93,17,91.5,1.5,5644.06,0
466.526,3,2,0.0025,0.5,93,17,91.5,1.5,5644.44,0
466.829,3,2,0.0025,0.5,93,17,91.5,1.5,5644.81,0
467.117,3,2,0.0025,0.5,93,18,91.25,1.75,5645.25,1
467.405,3,2,0.0025,0.5,93,16,91.5,1.5,5645.63,-1
467.694,3,2,0.0025,0.5,93,17,91.5,1.5,5646.38,0
468.029,3,2,0.0025,0.5,93,16,91.75,1.25,5646.69,-1
468.332,3,2,0.0025,0.5,93,17,91.5,1.5,5647.06,1
468.621,3,2,0.0025,0.5,93,15,92,1,5647.31,-2
468.924,3,2,0.0025,0.5,93,16,91.75,1.25,5648,-1
469.243,3,2,0.0025,0.5,93,16,91.75,1.25,5648.31,0
469.579,3,2,0.0025,0.5,93,17,91.5,1.5,5648.69,1
469.866,3,2,0.0025,0.5,93,17,91.5,1.5,5649.06,0
470.155,3,2,0.0025,0.5,93,17,91.5,1.5,5649.44,0
470.443,3,2,0.0025,0.5,93,17,91.5,1.5,5650.19,0
470.778,3,2,0.0025,0.5,93,16,91.75,1.25,5650.5,-1
471.082,3,2,0.0025,0.5,93,17,91.5,1.5,5650.88,1
471.37,3,2,0.0025,0.5,93,17,91.5,1.5,5651.25,0
471.657,3,2,0.0025,0.5,93,17,91.5,1.5,5651.63,0
471.945,3,2,0.0025,0.5,93,18,91.25,1.75,5652.44,1
472.281,3,2,0.0025,0.5,93,15,91.75,1.25,5652.75,-2
472.584,3,2,0.0025,0.5,93,16,91.75,1.25,5653.06,0
472.872,3,2,0.0025,0.5,93,17,91.5,1.5,5653.44,1
473.16,3,2,0.0025,0.5,93,17,91.5,1.5,5653.81,0
473.447,3,2,0.0025,0.5,93,17,91.5,1.5,5654.5,1
473.783,3,2,0.0025,0.5,93,17,91.5,1.5,5654.88,0
474.086,3,2,0.0025,0.5,93,19,91,2,5655.38,2
474.374,3,2,0.0025,0.5,93,16,91.5,1.5,5655.75,-2
474.662,3,2,0.0025,0.5,93,17,91.5,1.5,5656.13,0
474.949,3,2,0.0025,0.5,93,17,91.25,1.75,5657,0
475.285,3,2,0.0025,0.5,93,15,91.75,1.25,5657.31,-2
475.59,3,2,0.0025,0.5,93,16,91.75,1.25,5657.63,0
475.893,3,2,0.0025,0.5,93,18,91.25,1.75,5658.06,2
476.18,3,2,0.0025,0.5,93,17,91.25,1.75,5658.5,0
476.468,3,2,0.0025,0.5,93,15,92,1,5659.13,-2
476.819,3,2,0.0025,0.5,93,17,91.75,1.25,5659.44,1
477.108,3,2,0.0025,0.5,93,18,91.25,1.75,5659.88,2
477.396,3,2,0.0025,0.5,93,16,91.5,1.5,5660.25,-1
477.699,3,2,0.0025,0.5,93,16,91.5,1.5,5661.06,-1
478.034,3,2,0.0025,0.5,93,17,91.5,1.5,5661.44,0
478.339,3,2,0.0025,0.5,93,17,91.5,1.5,5661.81,0
478.642,3,2,0.0025,0.5,93,18,91.25,1.75,5662.25,1
478.929,3,2,0.0025,0.5,93,17,91.25,1.75,5662.69,0
479.217,3,2,0.0025,0.5,93,15,91.75,1.25,5663.5,-3
479.569,3,2,0.0025,0.5,93,17,91.5,1.5,5663.88,1
479.873,3,2,0.0025,0.5,93,16,91.75,1.25,5664.19,-1
480.177,3,2,0.0025,0.5,93,16,91.75,1.25,5664.5,0
480.479,3,2,0.0025,0.5,93,15,91.75,1.25,5665.25,-2
480.816,3,2,0.0025,0.5,93,17,91.5,1.5,5665.63,1
481.103,3,2,0.0025,0.5,93,18,91.25,1.75,5666.06,1
481.391,3,2,0.0025,0.5,93,15,91.75,1.25,5666.38,-2
481.679,3,2,0.0025,0.5,93,16,91.75,1.25,5666.69,0
481.967,3,2,0.0025,0.5,93,16,91.75,1.25,5667.38,-1
482.286,3,2,0.0025,0.5,93,16,91.75,1.25,5667.69,0
482.59,3,2,0.0025,0.5,93,17,91.5,1.5,5668.06,1
482.878,3,2,0.0025,0.5,93,17,91.5,1.5,5668.44,0
483.165,3,2,0.0025,0.5,93,18,91.25,1.75,5668.88,1
483.454,3,2,0.0025,0.5,93,18,91.25,1.75,5669.69,1
483.788,3,2,0.0025,0.5,93,15,91.75,1.25,5670,-2
484.091,3,2,0.0025,0.5,93,17,91.5,1.5,5670.38,1
484.38,3,2,0.0025,0.5,93,17,91.5,1.5,5670.75,0
484.668,3,2,0.0025,0.5,93,18,91.25,1.75,5671.19,1
484.955,3,2,0.0025,0.5,93,18,91.25,1.75,5672,1
485.291,3,2,0.0025,0.5,93,16,91.5,1.5,5672.38,-1
485.595,3,2,0.0025,0.5,93,17,91.5,1.5,5672.75,0
485.882,3,2,0.0025,0.5,93,17,91.5,1.5,5673.13,0
486.17,3,2,0.0025,0.5,93,15,92,1,5673.38,-2
486.457,3,2,0.0025,0.5,93,17,91.5,1.5,5674.13,0
486.794,3,2,0.0025,0.5,93,15,92,1,5674.38,-2
487.097,3,2,0.0025,0.5,93,18,91.5,1.5,5674.75,2
487.384,3,2,0.0025,0.5,93,18,91.25,1.75,5675.19,1
487.673,3,2,0.0025,0.5,93,16,91.5,1.5,5675.56,-1
487.96,3,2,0.0025,0.5,93,17,91.5,1.5,5676.31,0
488.295,3,2,0.0025,0.5,93,18,91.25,1.75,5676.75,1
488.6,3,2,0.0025,0.5,93,15,91.75,1.25,5677.06,-2
488.887,3,2,0.0025,0.5,93,17,91.5,1.5,5677.44,1
489.175,3,2,0.0025,0.5,93,16,91.75,1.25,5677.75,-1
489.462,3,2,0.0025,0.5,93,16,91.75,1.25,5678.38,0
489.799,3,2,0.0025,0.5,93,16,91.75,1.25,5678.69,0
490.102,3,2,0.0025,0.5,93,15,92,1,5678.94,-1
490.39,3,2,0.0025,0.5,93,17,91.75,1.25,5679.25,1
490.678,3,2,0.0025,0.5,93,16,91.75,1.25,5679.56,0
490.981,3,2,0.0025,0.5,93,16,91.75,1.25,5680.25,-1
491.332,3,2,0.0025,0.5,93,16,91.75,1.25,5680.56,0
491.621,3,2,0.0025,0.5,93,16,91.75,1.25,5680.88,0
491.908,3,2,0.0025,0.5,93,17,91.5,1.5,5681.25,1
492.196,3,2,0.0025,0.5,93,17,91.5,1.5,5681.63,0
492.483,3,2,0.0025,0.5,93,16,91.75,1.25,5682.25,0
492.835,3,2,0.0025,0.5,93,16,91.75,1.25,5682.56,0
493.123,3,2,0.0025,0.5,93,17,91.5,1.5,5682.94,1
493.411,3,2,0.0025,0.5,93,17,91.5,1.5,5683.31,0
493.698,3,2,0.0025,0.5,93,16,91.75,1.25,5683.63,-1
493.985,3,2,0.0025,0.5,93,17,91.5,1.5,5684.31,1
494.337,3,2,0.0025,0.5,93,17,91.5,1.5,5684.69,0
494.626,3,2,0.0025,0.5,93,15,92,1,5684.94,-2
494.913,3,2,0.0025,0.5,93,19,91.25,1.75,5685.38,3
495.201,3,2,0.0025,0.5,93,17,91.25,1.75,5685.81,0
495.488,3,2,0.0025,0.5,93,17,91.5,1.5,5686.56,0
495.84,3,2,0.0025,0.5,93,16,91.75,1.25,5686.88,-1
496.127,3,2,0.0025,0.5,93,17,91.5,1.5,5687.25,1
496.416,3,2,0.0025,0.5,93,17,91.5,1.5,5687.63,0
496.703,3,2,0.0025,0.5,93,18,91.25,1.75,5688.06,1
496.991,3,2,0.0025,0.5,93,17,91.5,1.5,5688.75,1
497.342,3,2,0.0025,0.5,93,16,91.75,1.25,5689.06,-1
497.63,3,2,0.0025,0.5,93,16,91.75,1.25,5689.38,0
497.918,3,2,0.0025,0.5,93,15,92,1,5689.63,-1
498.206,3,2,0.0025,0.5,93,17,91.75,1.25,5689.94,1
498.494,3,2,0.0025,0.5,93,17,91.5,1.5,5690.69,0
498.845,3,2,0.0025,0.5,93,14,92.25,0.75,5690.88,-3
499.133,3,2,0.0025,0.5,93,17,91.75,1.25,5691.19,2
499.437,3,2,0.0025,0.5,93,15,92,1,5691.44,-1
499.724,3,2,0.0025,0.5,93,16,91.5,1.5,5692.25,-1
500.061,3,2,0.0025,0.5,93,15,92,1,5692.5,-2
500.363,3,2,0.0025,0.5,93,16,92,1,5692.75,0
500.651,3,2,0.0025,0.5,93,19,91.25,1.75,5693.19,3
500.939,3,2,0.0025,0.5,93,16,91.5,1.5,5693.56,-1
501.226,3,2,0.0025,0.5,93,15,92,1,5694.19,-2
501.563,3,2,0.0025,0.5,93,16,92,1,5694.44,0
501.867,3,2,0.0025,0.5,93,19,91.25,1.75,5694.88,3
502.17,3,2,0.0025,0.5,93,17,91.25,1.75,5695.31,0
502.458,3,2,0.0025,0.5,93,14,92,1,5695.56,-3
502.761,3,2,0.0025,0.5,93,15,92,1,5696.19,-2
503.097,3,2,0.0025,0.5,93,19,91.25,1.75,5696.63,3
503.401,3,2,0.0025,0.5,93,16,91.5,1.5,5697,-1
503.689,3,2,0.0025,0.5,93,16,91.75,1.25,5697.31,-1
503.993,3,2,0.0025,0.5,93,15,92,1,5697.94,-2
504.328,3,2,0.0025,0.5,93,19,91.25,1.75,5698.38,3
504.631,3,2,0.0025,0.5,93,15,91.75,1.25,5698.69,-2
504.918,3,2,0.0025,0.5,93,16,91.75,1.25,5699,0
505.206,3,2,0.0025,0.5,93,16,91.75,1.25,5699.31,0
505.493,3,2,0.0025,0.5,93,17,91.5,1.5,5700,1
505.83,3,2,0.0025,0.5,93,15,92,1,5700.25,-2
506.117,3,2,0.0025,0.5,93,16,92,1,5700.5,0
506.405,3,2,0.0025,0.5,93,17,91.75,1.25,5700.81,1
506.693,3,2,0.0025,0.5,93,19,91,2,5701.31,3
506.98,3,2,0.0025,0.5,93,16,91.75,1.25,5701.94,0
507.316,3,2,0.0025,0.5,93,18,91.25,1.75,5702.38,2
507.62,3,2,0.0025,0.5,93,17,91.25,1.75,5702.81,0
507.909,3,2,0.0025,0.5,93,14,92,1,5703.06,-3
508.212,3,2,0.0025,0.5,93,17,91.75,1.25,5703.38,1
508.499,3,2,0.0025,0.5,93,14,92,1,5704.06,-3
508.835,3,2,0.0025,0.5,93,18,91.5,1.5,5704.44,2
509.122,3,2,0.0025,0.5,93,18,91.25,1.75,5704.88,1
509.41,3,2,0.0025,0.5,93,15,91.75,1.25,5705.19,-2
509.697,3,2,0.0025,0.5,93,18,91.25,1.75,5705.63,2
509.986,3,2,0.0025,0.5,93,16,91.75,1.25,5706.25,0
510.322,3,2,0.0025,0.5,93,18,91.25,1.75,5706.69,2
510.626,3,2,0.0025,0.5,93,15,91.75,1.25,5707,-2
510.929,3,2,0.0025,0.5,93,17,91.5,1.5,5707.38,1
511.217,3,2,0.0025,0.5,93,17,91.5,1.5,5707.75,0
511.505,3,2,0.0025,0.5,93,18,91.5,1.5,5708.38,2
511.825,3,2,0.0025,0.5,93,15,92,1,5708.63,-2
512.127,3,2,0.0025,0.5,93,18,91.5,1.5,5709,2
512.415,3,2,0.0025,0.5,93,17,91.5,1.5,5709.38,0
512.703,3,2,0.0025,0.5,93,15,92,1,5709.63,-2
512.991,3,2,0.0025,0.5,93,17,91.5,1.5,5710.38,0
513.327,3,2,0.0025,0.5,93,16,91.75,1.25,5710.69,-1
513.631,3,2,0.0025,0.5,93,15,92,1,5710.94,-1
513.92,3,2,0.0025,0.5,93,17,91.75,1.25,5711.25,1
514.221,3,2,0.0025,0.5,93,16,91.75,1.25,5711.56,0
514.509,3,2,0.0025,0.5,93,16,91.75,1.25,5712.25,-1
514.828,3,2,0.0025,0.5,93,17,91.5,1.5,5712.63,1
515.133,3,2,0.0025,0.5,93,15,92,1,5712.88,-2
515.42,3,2,0.0025,0.5,93,18,91.5,1.5,5713.25,2
515.708,3,2,0.0025,0.5,93,18,91.25,1.75,5713.69,1
515.995,3,2,0.0025,0.5,93,18,91.5,1.5,5714.31,2
516.331,3,2,0.0025,0.5,93,17,91.5,1.5,5714.69,0
516.634,3,2,0.0025,0.5,93,17,91.5,1.5,5715.06,0
516.923,3,2,0.0025,0.5,93,16,91.75,1.25,5715.38,-1
517.21,3,2,0.0025,0.5,93,16,91.75,1.25,5715.69,0
517.498,3,2,0.0025,0.5,93,18,91.25,1.75,5716.5,1
517.833,3,2,0.0025,0.5,93,15,91.75,1.25,5716.81,-2
518.137,3,2,0.0025,0.5,93,17,91.5,1.5,5717.19,1
518.425,3,2,0.0025,0.5,93,16,91.75,1.25,5717.5,-1
518.713,3,2,0.0025,0.5,93,15,92,1,5717.75,-1
519,3,2,0.0025,0.5,93,16,92,1,5718.25,0
519.336,3,2,0.0025,0.5,93,16,92,1,5718.5,0
519.64,3,2,0.0025,0.5,93,16,92,1,5718.75,0
519.927,3,2,0.0025,0.5,93,17,91.75,1.25,5719.06,1
520.217,3,2,0.0025,0.5,93,18,91.25,1.75,5719.5,2
520.519,3,2,0.0025,0.5,93,17,91.75,1.25,5720.06,1
520.871,3,2,0.0025,0.5,93,15,92,1,5720.31,-1
521.158,3,2,0.0025,0.5,93,16,92,1,5720.56,0
521.446,3,2,0.0025,0.5,93,17,91.75,1.25,5720.88,1
521.734,3,2,0.0025,0.5,93,15,92,1,5721.13,-1
522.021,3,2,0.0025,0.5,93,16,92,1,5721.63,0
522.373,3,2,0.0025,0.5,93,16,92,1,5721.88,0
522.661,3,2,0.0025,0.5,93,17,91.75,1.25,5722.19,1
522.948,3,2,0.0025,0.5,93,17,91.5,1.5,5722.56,1
523.236,3,2,0.0025,0.5,93,15,92,1,5722.81,-2
523.524,3,2,0.0025,0.5,93,15,92,1,5723.44,-2
523.876,3,2,0.0025,0.5,93,16,92,1,5723.69,0
524.163,3,2,0.0025,0.5,93,16,92,1,5723.94,0
524.451,3,2,0.0025,0.5,93,16,92,1,5724.19,0
524.739,3,2,0.0025,0.5,93,16,92,1,5724.44,0
525.026,3,2,0.0025,0.5,93,17,91.75,1.25,5725,1
525.379,3,2,0.0025,0.5,93,17,91.5,1.5,5725.38,1
525.666,3,2,0.0025,0.5,93,15,92,1,5725.63,-2
525.955,3,2,0.0025,0.5,93,16,92,1,5725.88,0
526.257,3,2,0.0025,0.5,93,16,91.75,1.25,5726.5,0
526.593,3,2,0.0025,0.5,93,15,92,1,5726.75,-1
526.896,3,2,0.0025,0.5,93,16,92,1,5727,0
527.184,3,2,0.0025,0.5,93,16,92,1,5727.25,0
527.472,3,2,0.0025,0.5,93,17,91.75,1.25,5727.56,1
527.76,3,2,0.0025,0.5,93,16,91.75,1.25,5728.25,-1
528.095,3,2,0.0025,0.5,93,15,92,1,5728.5,-1
528.399,3,2,0.0025,0.5,93,16,92,1,5728.75,0
528.686,3,2,0.0025,0.5,93,16,92,1,5729,0
528.974,3,2,0.0025,0.5,93,16,92,1,5729.25,0
529.261,3,2,0.0025,0.5,93,16,92,1,5729.75,0
529.598,3,2,0.0025,0.5,93,17,91.75,1.25,5730.06,1
529.901,3,2,0.0025,0.5,93,17,91.5,1.5,5730.44,1
530.189,3,2,0.0025,0.5,93,16,91.75,1.25,5730.75,-1
530.478,3,2,0.0025,0.5,93,16,91.75,1.25,5731.06,0
530.78,3,2,0.0025,0.5,93,14,92.25,0.75,5731.56,-2
531.132,3,2,0.0025,0.5,93,16,92,1,5731.81,1
531.42,3,2,0.0025,0.5,93,16,92,1,5732.06,0
531.707,3,2,0.0025,0.5,93,16,92,1,5732.31,0
531.995,3,2,0.0025,0.5,93,16,92,1,5732.56,0
532.282,3,2,0.0025,0.5,93,17,91.75,1.25,5733.13,1
532.634,3,2,0.0025,0.5,93,16,91.75,1.25,5733.44,0
532.922,3,2,0.0025,0.5,93,14,92.25,0.75,5733.63,-2
533.21,3,2,0.0025,0.5,93,17,91.75,1.25,5733.94,2
533.497,3,2,0.0025,0.5,93,14,92.25,0.75,5734.13,-2
533.785,3,2,0.0025,0.5,93,16,92,1,5734.56,1
534.137,3,2,0.0025,0.5,93,16,92,1,5734.81,0
534.424,3,2,0.0025,0.5,93,18,91.5,1.5,5735.19,2
534.713,3,2,0.0025,0.5,93,16,91.75,1.25,5735.5,-1
535,3,2,0.0025,0.5,93,16,91.75,1.25,5735.81,0
535.288,3,2,0.0025,0.5,93,16,92.25,0.75,5736.13,1
535.639,3,2,0.0025,0.5,93,16,92,1,5736.38,1
535.927,3,2,0.0025,0.5,93,17,91.75,1.25,5736.69,1
536.214,3,2,0.0025,0.5,93,14,92.25,0.75,5736.88,-2
536.503,3,2,0.0025,0.5,93,15,92.25,0.75,5737.06,0
536.79,3,2,0.0025,0.5,93,16,92.25,0.75,5737.38,1
537.142,3,2,0.0025,0.5,93,17,91.75,1.25,5737.69,2
537.43,3,2,0.0025,0.5,93,15,92,1,5737.94,-1
537.717,3,2,0.0025,0.5,93,16,92,1,5738.19,0
538.005,3,2,0.0025,0.5,93,15,92.25,0.75,5738.38,-1
538.294,3,2,0.0025,0.5,93,15,92.25,0.75,5738.75,0
538.645,3,2,0.0025,0.5,93,16,92,1,5739,1
538.932,3,2,0.0025,0.5,93,15,92.25,0.75,5739.19,-1
539.221,3,2,0.0025,0.5,93,16,92,1,5739.44,1
539.524,3,2,0.0025,0.5,93,16,92,1,5739.88,1
539.86,3,2,0.0025,0.5,93,17,91.75,1.25,5740.19,1
540.164,3,2,0.0025,0.5,93,14,92.25,0.75,5740.38,-2
540.467,3,2,0.0025,0.5,93,17,91.75,1.25,5740.69,2
540.754,3,2,0.0025,0.5,93,15,92,1,5740.94,-1
541.042,3,2,0.0025,0.5,93,15,92.25,0.75,5741.31,0
541.394,3,2,0.0025,0.5,93,17,91.75,1.25,5741.63,2
541.681,3,2,0.0025,0.5,93,14,92.25,0.75,5741.81,-2
541.97,3,2,0.0025,0.5,93,17,91.75,1.25,5742.13,2
542.257,3,2,0.0025,0.5,93,14,92.25,0.75,5742.31,-2
542.545,3,2,0.0025,0.5,93,15,92.25,0.75,5742.75,-1
542.897,3,2,0.0025,0.5,93,15,92.25,0.75,5742.94,0
543.2,3,2,0.0025,0.5,93,16,92,1,5743.19,1
543.488,3,2,0.0025,0.5,93,16,92,1,5743.44,0
543.775,3,2,0.0025,0.5,93,16,92,1,5743.88,1
544.127,3,2,0.0025,0.5,93,16,92,1,5744.13,0
544.415,3,2,0.0025,0.5,93,15,92.25,0.75,5744.31,-1
544.702,3,2,0.0025,0.5,93,17,91.75,1.25,5744.63,2
544.991,3,2,0.0025,0.5,93,14,92.25,0.75,5744.81,-2
545.294,3,2,0.0025,0.5,93,15,92.25,0.75,5745.19,0
545.63,3,2,0.0025,0.5,93,15,92.25,0.75,5745.38,0
545.918,3,2,0.0025,0.5,93,14,92.5,0.5,5745.5,-1
546.221,3,2,0.0025,0.5,93,16,92.25,0.75,5745.69,1
546.51,3,2,0.0025,0.5,93,16,92,1,5745.94,1
546.813,3,2,0.0025,0.5,93,15,92.25,0.75,5746.31,0
547.149,3,2,0.0025,0.5,93,19,91.25,1.75,5746.75,4
547.436,3,2,0.0025,0.5,93,13,92.25,0.75,5746.94,-4
547.724,3,2,0.0025,0.5,93,17,91.75,1.25,5747.25,2
548.012,3,2,0.0025,0.5,93,14,92.25,0.75,5747.44,-2
548.299,3,2,0.0025,0.5,93,15,92.25,0.75,5747.81,0
548.619,3,2,0.0025,0.5,93,17,91.75,1.25,5748.13,2
548.923,3,2,0.0025,0.5,93,16,91.75,1.25,5748.44,0
549.211,3,2,0.0025,0.5,93,14,92.25,0.75,5748.63,-2
549.498,3,2,0.0025,0.5,93,16,92,1,5748.88,1
549.786,3,2,0.0025,0.5,93,15,92.25,0.75,5749.25,0
550.121,3,2,0.0025,0.5,93,16,92,1,5749.5,1
550.425,3,2,0.0025,0.5,93,17,91.75,1.25,5749.81,1
550.713,3,2,0.0025,0.5,93,14,92.25,0.75,5750,-2
551,3,2,0.0025,0.5,93,17,91.75,1.25,5750.31,2
551.288,3,2,0.0025,0.5,93,17,91.75,1.25,5750.81,2
551.624,3,2,0.0025,0.5,93,14,92.25,0.75,5751,-2
551.927,3,2,0.0025,0.5,93,17,91.75,1.25,5751.31,2
552.215,3,2,0.0025,0.5,93,14,92.25,0.75,5751.5,-2
552.503,3,2,0.0025,0.5,93,15,92.25,0.75,5751.69,0
552.807,3,2,0.0025,0.5,93,14,92.25,0.75,5752.19,-2
553.126,3,2,0.0025,0.5,93,17,91.75,1.25,5752.5,2
553.43,3,2,0.0025,0.5,93,14,92.25,0.75,5752.69,-2
553.717,3,2,0.0025,0.5,93,15,92.25,0.75,5752.88,0
554.006,3,2,0.0025,0.5,93,17,91.75,1.25,5753.19,2
554.293,3,2,0.0025,0.5,93,16,92.25,0.75,5753.5,1
554.628,3,2,0.0025,0.5,93,16,92,1,5753.75,1
554.932,3,2,0.0025,0.5,93,15,92.25,0.75,5753.94,-1
555.22,3,2,0.0025,0.5,93,14,92.5,0.5,5754.06,-1
555.507,3,2,0.0025,0.5,93,16,92.25,0.75,5754.25,1
555.795,3,2,0.0025,0.5,93,15,92.25,0.75,5754.63,0
556.131,3,2,0.0025,0.5,93,15,92.25,0.75,5754.81,0
556.434,3,2,0.0025,0.5,93,15,92.25,0.75,5755,0
556.722,3,2,0.0025,0.5,93,15,92.25,0.75,5755.19,0
557.01,3,2,0.0025,0.5,93,17,91.75,1.25,5755.5,2
557.314,3,2,0.0025,0.5,93,15,92.25,0.75,5755.88,0
557.665,3,2,0.0025,0.5,93,16,92,1,5756.13,1
557.952,3,2,0.0025,0.5,93,15,92.25,0.75,5756.31,-1
558.24,3,2,0.0025,0.5,93,15,92.25,0.75,5756.5,0
558.528,3,2,0.0025,0.5,93,17,91.75,1.25,5756.81,2
558.817,3,2,0.0025,0.5,93,16,92.25,0.75,5757.13,1
559.168,3,2,0.0025,0.5,93,14,92.5,0.5,5757.25,-1
559.455,3,2,0.0025,0.5,93,18,91.75,1.25,5757.56,3
559.744,3,2,0.0025,0.5,93,13,92.5,0.5,5757.69,-3
560.046,3,2,0.0025,0.5,93,15,92.25,0.75,5758.13,-1
560.383,3,2,0.0025,0.5,93,17,91.75,1.25,5758.44,2
560.687,3,2,0.0025,0.5,93,15,92,1,5758.69,-1
560.991,3,2,0.0025,0.5,93,15,92.25,0.75,5758.88,-1
561.293,3,2,0.0025,0.5,93,18,91.75,1.25,5759.31,3
561.645,3,2,0.0025,0.5,93,14,92.25,0.75,5759.5,-2
561.95,3,2,0.0025,0.5,93,16,92,1,5759.75,1
562.253,3,2,0.0025,0.5,93,15,92.25,0.75,5759.94,-1
562.541,3,2,0.0025,0.5,93,15,92.25,0.75,5760.31,0
562.892,3,2,0.0025,0.5,93,14,92.5,0.5,5760.44,-1
563.197,3,2,0.0025,0.5,93,16,92.25,0.75,5760.63,1
563.5,3,2,0.0025,0.5,93,15,92.25,0.75,5760.81,0
563.788,3,2,0.0025,0.5,93,15,92.25,0.75,5761,0
564.091,3,2,0.0025,0.5,93,15,92.25,0.75,5761.38,0
564.427,3,2,0.0025,0.5,93,17,91.75,1.25,5761.69,2
564.715,3,2,0.0025,0.5,93,14,92.25,0.75,5761.88,-2
565.018,3,2,0.0025,0.5,93,15,92.25,0.75,5762.06,0
565.322,3,2,0.0025,0.5,93,14,92.5,0.5,5762.38,-1
565.641,3,2,0.0025,0.5,93,16,92.25,0.75,5762.56,1
565.945,3,2,0.0025,0.5,93,14,92.5,0.5,5762.69,-1
566.233,3,2,0.0025,0.5,93,16,92.25,0.75,5762.88,1
566.537,3,2,0.0025,0.5,93,15,92.25,0.75,5763.06,0
566.841,3,2,0.0025,0.5,93,16,92.25,0.75,5763.38,1
567.176,3,2,0.0025,0.5,93,15,92.25,0.75,5763.56,0
567.463,3,2,0.0025,0.5,93,14,92.5,0.5,5763.69,-1
567.752,3,2,0.0025,0.5,93,17,92,1,5763.94,2
