time,control,temperature
0,0,24.25
0.496,0,24.25
1.008,0,24.25
1.504,0,24.5
2,0,24.5
2.512,0,24
3.008,0,24
3.504,0,24.5
4,0,24.5
4.496,0,24.25
5.008,0,24.25
5.504,0,24.5
6,0,24.5
6.512,0,24
7.008,0,24
7.504,0,24
8,0,24
8.496,0,23.75
9.008,0,23.75
9.504,0,23.5
10,0,23.5
10.512,0,23.75
11.008,0,23.75
11.504,0,24
12,0,24
12.496,0,24
13.008,0,24
13.504,0,24
14,0,24
14.512,0,24.5
15.008,0,24.5
15.504,0,24.25
16,0,24.25
16.496,0,24.25
17.008,0,24.25
17.504,0,24.25
18,0,24.25
18.512,0,23.75
19.008,0,23.75
19.504,0,24.25
20,0,24.25
20.496,0,24.5
21.008,0,24.5
21.504,0,24.5
22,0,24.5
22.512,0,24.5
23.008,0,24.5
23.504,0,24.25
24,0,24.25
24.496,0,24.5
25.008,0,24.5
25.504,0,24.25
26,0,24.25
26.512,0,24
27.008,0,24
27.504,0,24.25
28,0,24.25
28.496,0,24.5
29.008,0,24.5
29.504,0,24.25
30,0,24.25
30.512,0,24
31.008,0,24
31.504,0,24
32,0,24
32.496,0,24
33.008,0,24
33.504,0,24.25
34,0,24.25
34.512,0,23.75
35.008,0,23.75
35.504,0,24.25
36,0,24.25
36.496,0,24.5
37.008,0,24.5
37.504,0,24.25
38,0,24.25
38.512,0,24.25
39.008,0,24.25
39.504,0,24.25
40,0,24.25
40.496,0,24.25
41.008,0,24.25
41.504,0,24.25
42,0,24.5
42.512,0,24.5
43.008,0,24.5
43.504,0,24.5
44,0,24.25
44.496,0,24.25
45.008,0,24.5
45.504,0,24.5
46,0,24.25
46.512,0,24.25
47.008,0,24.25
47.504,0,24.25
48,0,24.25
48.496,0,24.25
49.008,0,23.75
49.504,0,23.75
50,0,24
50.512,0,24
51.008,0,24.25
51.504,0,24.25
52,0,22.75
52.496,0,22.75
53.008,0,22.5
53.504,0,22.5
54,0,21.25
54.512,0,21.25
55.008,0,20.25
55.504,0,20.25
56,0,20.75
56.496,0,20.75
57.008,0,19
57.504,0,19
58,0,19.5
58.512,0,19.5
59.008,0,19.5
59.504,0,19.5
60,0,18.75
60.496,0,18.75
61.008,0,19.25
61.504,0,19.25
62,0,19.25
62.512,0,19.25
63.008,0,20
63.504,0,20
64,0,21.75
64.496,0,21.75
65.008,0,21.5
65.504,0,21.5
66,0,20.75
66.512,0,20.75
67.008,0,22.5
67.504,0,22.5
68,0,22.25
68.496,0,22.25
69.008,0,25
69.504,0,25
70,0,26.25
70.512,0,26.25
71.008,0,25.75
71.504,0,25.75
72,0,26
72.496,0,26
73.008,0,26
73.504,0,26
74,0,25.75
74.512,0,25.75
75.008,0,27
75.504,0,27
76,0,27.25
76.496,0,27.25
77.008,0,26.75
77.504,0,26.75
78,0,27.25
78.512,0,27.25
79.008,0,26.75
79.504,0,26.75
80,0,27.5
80.496,0,27.5
81.008,0,27.25
81.504,0,27.25
82,0,27.5
82.512,0,27.5
83.008,0,26.5
83.504,0,26.5
84,0,25.75
84.496,0,25.75
85.008,0,25
85.504,0,25
86,0,25
86.512,0,25
87.008,0,25.25
87.504,0,25.25
88,0,25
88.496,0,25
89.008,0,25.25
89.504,0,25.25
90,0,25.25
90.512,0,25.25
91.008,0,24.5
91.504,0,24.5
92,0,25
92.496,0,25
93.008,0,25.5
93.504,0,25.5
94,0,24.75
94.512,0,24.75
95.008,0,25.75
95.504,0,25.75
96,0,26
96.496,0,26
97.008,0,26.25
97.504,0,26.25
98,0,26.25
98.512,0,26.25
99.008,0,26.25
99.504,0,26.25
100,0,26.25
100.496,0,26.25
101.008,0,26
101.504,0,26
102,0,26
102.512,0,26
103.008,0,26
103.504,0,26
104,0,26
104.496,0,26
105.008,0,25.5
105.504,0,25.5
106,0,24.5
106.512,0,24.5
107.008,0,24
107.504,0,24
108,0,23.75
108.496,0,23.75
109.008,0,21.75
109.504,0,21.75
110,0,17.25
110.512,0,17.25
111.008,0,19
111.504,0,19
112,0,26.5
112.496,0,26.5
113.008,0,26
113.504,0,26
114,0,25.25
114.512,0,25.25
115.008,0,25.75
115.504,0,25.75
116,0,25.25
116.496,0,25.25
117.008,0,25.75
117.504,0,25.75
118,0,26
118.512,0,26
119.008,0,26
119.504,0,26
120,0,25.75
120.496,0,25.75
121.008,0,25.25
121.504,0,25.25
122,0,25.5
122.512,0,25.5
123.008,2,26
123.504,2,26
124,2,26
124.496,2,26
125.008,2,26
125.504,2,26
126,2,25.75
126.512,2,25.75
127.008,2,26.25
127.504,2,26.25
128,39,25.75
128.496,39,25.75
129.008,39,26
129.504,39,26
130,39,26
130.512,39,26
131.008,39,25.75
131.504,39,25.75
132,39,25.75
132.496,39,25.75
133.008,39,25.75
133.504,39,26
134,39,26
134.512,39,26
135.008,39,26
135.504,39,26.25
136,39,26.25
136.496,39,26
137.008,39,26
137.504,39,25.75
138,39,25.75
138.512,39,26.25
139.008,39,26.25
139.504,39,26.5
140,39,26.5
140.496,39,26.25
141.008,39,26.25
141.504,39,26
142,39,26
142.512,39,26.25
143.008,39,26.25
143.504,39,25.75
144,39,25.75
144.496,39,25.5
145.008,39,25.5
145.504,39,25.5
146,39,25.5
146.512,39,25.5
147.008,39,25.5
147.504,39,25.75
148,39,25.75
148.496,39,25.25
149.008,39,25.25
149.504,39,25.75
150,39,25.75
150.512,39,25.75
151.008,39,25.75
151.504,39,25.25
152,39,25.25
152.496,39,25.5
153.008,39,25.5
153.504,39,25.5
154,39,25.5
154.512,39,25
155.008,39,25
155.504,39,25.5
156,39,25.5
156.496,39,25.5
157.008,39,25.5
157.504,39,25
158,39,25
158.512,39,25.25
159.008,39,25.25
159.504,39,25.75
160,39,25.75
160.496,39,25.75
161.008,39,25.75
161.504,39,25.75
162,39,25.75
162.512,39,25.75
163.008,39,25.75
163.504,39,25.5
164,39,25.5
164.496,39,25.5
165.008,39,25.5
165.504,39,26
166,39,26
166.512,39,25.25
167.008,39,25.25
167.504,39,25.75
168,39,25.75
168.496,39,25.75
169.008,39,25.75
169.504,39,25.75
170,39,25.75
170.512,39,25.75
171.008,39,25.75
171.504,39,25.75
172,39,25.75
172.496,39,25.75
173.008,39,25.75
173.504,39,26
174,39,26
174.512,39,25.5
175.008,39,25.5
175.504,39,25.75
176,39,25.75
176.496,39,26
177.008,39,26
177.504,39,26
178,39,26
178.512,39,26.25
179.008,39,26.25
179.504,39,26
180,39,26
180.496,39,26.25
181.008,39,26.25
181.504,39,26
182,39,26
182.512,39,26.25
183.008,39,26.25
183.504,39,26.25
184,39,26.25
184.496,39,26.5
185.008,39,26.5
185.504,39,26.75
186,39,26.75
186.512,39,26.5
187.008,39,26.5
187.504,39,26.5
188,39,26.5
188.496,39,26.75
189.008,39,26.75
189.504,39,26.75
190,39,26.75
190.512,39,26.75
191.008,39,26.75
191.504,39,26.5
192,39,26.5
192.496,39,26.75
193.008,39,26.75
193.504,39,27
194,39,27
194.512,39,27
195.008,39,27
195.504,39,27.25
196,39,27.25
196.496,39,27
197.008,39,27
197.504,39,27.25
198,39,27.25
198.512,39,27.25
199.008,39,27.25
199.504,39,27.5
200,39,27.5
200.496,39,27.5
201.008,39,27.5
201.504,39,28
202,39,28
202.512,39,27.75
203.008,39,27.75
203.504,39,28
204,39,28
204.496,39,28.25
205.008,39,28.25
205.504,39,28
206,39,28
206.512,39,28.25
207.008,39,28.25
207.504,39,28.5
208,39,28.5
208.496,39,28.75
209.008,39,28.75
209.504,39,28.25
210,39,28.25
210.512,39,28.5
211.008,39,28.5
211.504,39,28.75
212,39,28.75
212.496,39,28.75
213.008,39,28.75
213.504,39,28.75
214,39,28.75
214.512,39,29.5
215.008,39,29.5
215.504,39,29.25
216,39,29.25
216.496,39,29.5
217.008,39,29.5
217.504,39,29.5
218,39,29.5
218.512,39,28.75
219.008,39,28.75
219.504,39,29.5
220,39,29.5
220.496,39,29.75
221.008,39,29.75
221.504,39,30.25
222,39,30.25
222.512,39,30.25
223.008,39,30
223.504,39,30
224,39,30.25
224.496,39,30.25
225.008,39,30.25
225.504,39,30.25
226,39,30.75
226.512,39,30.75
227.008,39,30.25
227.504,39,30.25
228,39,30.75
228.496,39,30.75
229.008,39,30.75
229.504,39,30.75
230,39,31.25
230.512,39,31.25
231.008,39,31
231.504,39,31
232,39,31.5
232.496,39,31.5
233.008,39,31.5
233.504,39,31.5
234,39,31.25
234.512,39,31.25
235.008,39,31.75
235.504,39,31.75
236,39,32
236.496,39,32
237.008,39,32
237.504,39,32
238,39,32.25
238.512,39,32.25
239.008,39,32.5
239.504,39,32.5
240,39,32
240.496,39,32
241.008,39,32.75
241.504,39,32.75
242,39,32.75
242.512,39,32.75
243.008,39,33.25
243.504,39,33.25
244,39,33.25
244.496,39,33.25
245.008,39,33.25
245.504,39,33.25
246,39,33.5
246.512,39,33.5
247.008,39,32.75
247.504,39,32.75
248,39,31.25
248.496,39,31.25
249.008,39,30
249.504,39,30
250,39,29
250.512,39,29
251.008,39,29.5
251.504,39,29.5
252,39,29.5
252.496,39,29.5
253.008,39,31
253.504,39,31
254,39,32.5
254.512,39,32.5
255.008,39,35.5
255.504,39,35.5
256,39,35.75
256.496,39,35.75
257.008,39,37.25
257.504,39,37.25
258,39,37.75
258.512,39,37.75
259.008,39,38
259.504,39,38
260,39,38.25
260.496,39,38.25
261.008,39,39
261.504,39,39
262.016,39,39.5
262.512,39,39.5
263.008,39,39.25
263.504,39,39.25
264,39,40.25
264.496,39,40.25
265.008,39,40
265.504,39,40
266,39,39.5
266.512,39,39.5
267.008,39,39.5
267.504,39,39.5
268,39,38.5
268.496,39,38.5
269.008,39,38
269.504,39,38
270,39,38.25
270.512,39,38.25
271.008,39,38
271.504,39,38
272,39,39.25
272.496,39,39.25
273.008,39,39.5
273.504,39,39.5
274,39,39.25
274.512,39,39.25
275.008,39,40.25
275.504,39,40.25
276,39,41.25
276.496,39,41.25
277.008,39,41
277.504,39,41
278,39,41.5
278.512,39,41.5
279.008,39,41.25
279.504,39,41.25
280,39,41
280.496,39,41
281.008,39,42
281.504,39,42
282,39,42.25
282.512,39,42.25
283.008,39,42.25
283.504,39,42.25
284,39,41.75
284.496,39,41.75
285.008,39,43
285.504,39,43
286,39,42.75
286.512,39,42.75
287.008,39,41
287.504,39,41
288,39,41.5
288.496,39,41.5
289.008,39,41.5
289.504,39,41.5
290,39,41.75
290.512,39,41.75
291.008,39,42
291.504,39,42
292,39,42.25
292.496,39,42.25
293.008,39,42.5
293.504,39,42.5
294,39,42.25
294.512,39,42.25
295.008,39,42.25
295.504,39,42.25
296,39,43
296.496,39,43
297.008,39,43
297.504,39,43
298,39,43.5
298.512,39,43.5
299.008,39,43.25
299.504,39,43.25
300,39,44
300.496,39,44
301.008,39,43.75
301.504,39,43.75
302,39,43.75
302.512,39,44.75
303.008,39,44.75
303.504,39,44.25
304,39,44.25
304.496,39,45
305.008,39,45
305.504,39,44.75
306,39,44.75
306.512,39,45.25
307.008,39,45.25
307.504,39,46
308,39,46
308.512,39,46
309.008,39,46
309.504,39,46.25
310,39,46.25
310.512,39,46.5
311.008,39,46.5
311.504,39,46.5
312,39,46.5
312.496,39,46.5
313.008,39,46.5
313.504,39,47
314,39,47
314.512,39,47.5
315.008,39,47.5
315.504,39,47.25
316,39,47.25
316.496,39,47.5
317.008,39,47.5
317.504,39,47.5
318,39,47.5
318.512,39,47.75
319.008,39,47.75
319.504,39,48.5
320,39,48.5
320.496,39,48.5
321.008,39,48.5
321.504,39,48.75
322,39,48.75
322.512,39,48.25
323.008,39,48.25
323.504,39,48.75
324,39,48.75
324.496,39,49.25
325.008,39,49.25
325.504,39,49
326,39,49
326.512,39,50
327.024,39,50
327.504,39,50
328,39,50
328.496,39,50.25
329.008,39,50.25
329.504,39,50.25
330,39,50.25
330.512,39,50.75
331.008,39,50.75
331.504,39,50.5
332,39,50.5
332.496,39,50.5
333.008,39,50.5
333.504,39,51.25
334,39,51.25
334.512,39,51.75
335.008,39,51.75
335.504,39,52
336,39,52
336.496,39,52
337.008,39,52
337.504,39,52.25
338,39,52.25
338.512,39,52.25
339.008,39,52.25
339.504,39,51.75
340,39,51.75
340.496,39,52.75
341.008,39,52.75
341.504,39,52.75
342,39,52.75
342.512,39,53
343.008,39,53
343.504,39,53.5
344,39,53.5
344.496,39,54
345.008,39,54
345.504,39,54
346,39,54
346.512,39,54.25
347.008,39,54.25
347.504,39,54.25
348.016,39,54.25
348.496,39,54
349.008,39,54
349.504,39,54.5
350,39,54.5
350.512,39,55
351.008,39,55
351.504,39,54.75
352,39,54.75
352.496,39,55.5
353.008,39,55.5
353.504,39,55.75
354,39,55.75
354.512,39,56.25
355.008,39,56.25
355.504,39,55.75
356,39,55.75
356.496,39,55.75
357.008,39,55.75
357.504,39,56.25
358,39,56.25
358.512,39,56.5
359.008,39,56.5
359.504,39,56.75
360,39,56.75
360.496,39,57
361.008,39,57
361.504,39,57.25
362,39,57.25
362.512,39,57.25
363.008,39,57.25
363.504,39,58
364,39,58
364.496,39,57.5
365.008,39,57.5
365.504,39,58.25
366,39,58.25
366.512,39,58
367.008,39,58
367.504,39,58.75
368,39,58.75
368.512,39,59
369.008,39,59
369.504,39,59
370,39,59
370.512,39,59
371.008,39,59
371.504,39,59.25
372,39,59.25
372.496,39,59.75
373.008,39,59.75
373.504,39,59.75
374,39,59.75
374.512,39,60.25
375.008,39,60.25
375.504,39,60
376,39,60
376.512,39,60.5
377.008,39,60.5
377.504,39,60.25
378,39,60.25
378.512,39,60.75
379.008,39,60.75
379.504,39,61.25
380,39,61.25
380.496,39,61.5
381.008,39,61.5
381.504,39,61
382,39,61
382.512,39,61.5
383.008,39,61.5
383.504,39,62.25
384,39,62.25
384.496,39,62
385.008,39,62
385.504,39,62.25
386,39,62.25
386.512,39,62.25
387.008,39,62.25
387.504,39,62.25
388,39,62.25
388.496,39,63
389.008,39,63
389.504,39,63.25
390,39,63.25
390.512,39,63
391.008,39,63
391.504,39,63.5
392,39,63.5
392.512,39,64
393.008,39,64
393.504,39,63.75
394,39,63.75
394.512,39,64.25
395.008,39,64.25
395.504,39,64.5
396,39,64.5
396.496,39,64.75
397.008,39,64.75
397.504,39,65
398,39,65
398.512,39,64.75
399.008,39,64.75
399.504,39,64.75
400,39,64.75
400.496,39,65
401.008,39,65
401.504,39,65.25
402,39,65.25
402.512,39,65.25
403.008,39,65.5
403.504,39,65.5
404,39,66
404.496,39,66
405.008,39,66
405.504,39,66
406,39,66.5
406.512,39,66.5
407.008,39,66.25
407.504,39,66.25
408,39,66.75
408.496,39,66.75
409.008,39,66.75
409.504,39,66.75
410,39,67
410.512,39,67
411.008,39,67.25
411.504,39,67.25
412,40,67.5
412.512,40,67.5
413.008,39,67.25
413.504,39,67.25
414,39,68
414.512,39,68
415.008,39,68
415.504,39,68
416,39,68
416.496,39,68
417.008,39,68.75
417.504,39,68.75
418,39,68.25
418.512,39,68.25
419.008,39,68.5
419.504,39,68.5
420,39,69.25
420.496,39,69.25
421.008,39,68.75
421.504,39,68.75
422,39,69.5
422.512,39,69.5
423.008,39,69.5
423.504,39,69.5
424,39,69.25
424.496,39,69.25
425.008,39,70
425.504,39,70
426,39,70.25
426.512,39,70.25
427.008,39,70.5
427.504,39,70.5
428,39,70
428.496,39,70
429.008,39,70.5
429.504,39,70.5
430,39,70.5
430.512,39,70.5
431.008,39,71
431.504,39,71
432,39,71
432.496,39,71
433.008,39,71.25
433.504,39,71.25
434,39,71.75
434.512,39,71.75
435.008,39,71.5
435.504,39,71.5
436,39,72
436.496,39,72
437.008,39,72.5
437.504,39,72.5
438,39,72.5
438.512,39,72.5
439.008,39,72.25
439.504,39,72.25
440,39,72.75
440.496,39,72.75
441.008,39,72.75
441.504,39,72.75
442,39,73
442.512,39,73
443.008,39,73.25
443.504,39,73.25
444,39,73.75
444.496,39,73.75
445.008,39,73.75
445.504,39,73.75
446,39,73.5
446.512,39,73.5
447.008,39,74
447.504,39,74
448,39,74
448.496,39,74
449.008,39,74
449.504,39,74
450,39,73.75
450.512,39,73.75
451.008,39,74.75
451.504,39,74.75
452,39,75
452.496,39,75
453.008,39,75
453.504,39,75
454,39,75.75
454.512,39,75.75
455.008,39,75.25
455.504,39,75.25
456,39,75.5
456.496,39,75.5
457.008,39,75.5
457.504,39,75.5
458,39,76
458.512,39,76
459.008,39,76.25
459.504,39,76.25
460,39,75.75
460.496,39,75.75
461.008,39,76.25
461.504,39,76.25
462,39,76
462.512,39,76
463.008,39,77
463.504,39,77
464,39,76.75
464.496,39,76.75
465.008,39,77
465.504,39,77
466,39,77.5
466.512,39,77.5
467.008,39,77.75
467.504,39,77.75
468,39,77.75
468.496,39,77.75
469.008,39,78
469.504,39,78
470,39,78
470.512,39,78
471.008,39,78.25
471.504,39,78.25
472,39,78.25
472.496,39,78.25
473.008,39,78.5
473.504,39,78.5
474,39,78.5
474.512,39,78.5
475.008,39,79
475.504,39,79
476,39,79.25
476.496,39,79.25
477.008,39,79
477.504,39,79
478,39,78.5
478.512,39,78.5
479.008,39,79.25
479.504,39,79.25
480,39,79.25
480.496,39,79.25
481.008,39,78.75
481.504,39,78.75
482,39,78.5
482.512,39,78.5
483.008,39,79.25
483.504,39,79.25
484,39,78
484.496,39,78
485.008,39,78.25
485.504,39,78.25
486,39,78.5
486.512,39,78.5
487.008,39,77.25
487.504,39,77.25
488,39,78
488.496,39,78
489.008,39,76.75
489.504,39,76.75
490,39,76
490.512,39,76
491.008,39,76
491.504,39,76.5
492,39,76.5
492.496,39,77
493.008,39,77
493.504,39,78.5
494,39,78.5
494.512,39,80.75
495.008,39,80.75
495.504,39,83.75
496,39,83.75
496.496,39,83.25
497.008,39,83.25
497.504,39,83.5
498,39,83.5
498.512,39,84.5
499.008,39,84.5
499.504,39,85
500,39,85
500.496,39,85.5
501.008,39,85.5
501.504,39,86
502,39,86
502.512,39,85.5
503.008,39,85.5
503.504,39,86
504,39,86
504.496,39,86.75
505.008,39,86.75
505.504,39,86.25
506,39,86.25
506.512,39,87
507.008,39,87
507.504,39,86.5
508,39,86.5
508.496,40,87.25
509.008,40,87.25
509.504,39,86
510,39,86
510.512,39,84.75
511.008,39,84.75
511.504,39,85.75
512,39,85.75
512.496,39,85.75
513.008,39,85.75
513.504,39,85.75
514,39,85.75
514.512,39,85
515.008,39,85
515.504,39,85.25
516,39,85.25
516.496,39,86.75
517.008,39,86.75
517.504,39,86.5
518,39,86.5
518.512,39,87.25
519.008,39,87.25
519.504,39,87
520,39,87
520.496,39,87.5
521.008,39,87.5
521.504,39,87.5
522,39,87.5
522.512,39,87.25
523.008,39,87.25
523.504,39,87
524,39,87
524.496,39,87.25
525.008,39,87.25
525.504,39,87.5
526,39,87.5
526.512,39,86.25
527.008,39,86.25
527.504,39,87
528,39,87
528.496,40,87
529.008,40,87
529.504,39,87.25
530,39,87.25
530.512,39,86.75
531.008,39,86.75
531.504,39,86.5
532,39,86.5
532.496,39,87
533.008,39,87
533.504,39,87.75
534,39,87.75
534.512,39,87.75
535.008,39,87.75
535.504,39,87.5
536,39,87.5
536.496,39,87.5
537.008,39,87.5
537.504,39,88
538,39,88
538.512,39,88.25
539.008,39,88.25
539.504,39,88.5
540,39,88.5
540.496,39,87.75
541.008,39,87.75
541.504,39,88.25
542,39,88.25
542.512,39,88.5
543.008,39,88.5
543.504,39,88.75
544,39,88.75
544.496,39,88.5
545.008,39,88.5
545.504,39,89.25
546,39,89.25
546.512,39,89.25
547.008,39,89.25
547.504,39,89.25
548,39,89.25
548.496,39,89.75
549.008,39,89.75
549.504,39,89.5
550,39,89.5
550.512,39,89.5
551.008,39,89.5
551.504,39,89.75
552,39,89.75
552.496,39,89.75
553.008,39,89.75
553.504,39,90.25
554,39,90.25
554.512,39,90.25
555.008,39,90.25
555.504,39,89.5
556,39,89.5
556.496,39,90.5
557.008,39,90.5
557.504,39,90.75
558,39,90.75
558.512,39,90.5
559.008,39,90.5
559.504,39,91
560,39,91
560.496,39,91.25
561.008,39,91.25
561.504,39,91.25
562,39,91.25
562.512,39,91.25
563.008,39,91.25
563.504,39,91.5
564,39,91.5
564.496,39,91.75
565.008,39,91.75
565.504,39,92
566,39,92
566.512,39,91.75
567.008,39,91.75
567.504,39,91.75
568,39,91.75
568.496,39,92.25
569.008,39,92.25
569.504,39,92
570,39,92
570.512,39,92.5
571.008,39,92.5
571.504,39,92.25
572,39,92.25
572.496,39,92.5
573.008,39,92.5
573.504,39,92.5
574,39,92.5
574.512,39,92.75
575.008,39,92.75
575.504,39,93
576,39,93
576.496,39,93.25
577.008,39,93.25
577.504,39,93.25
578,39,93.25
578.512,39,93.25
579.008,39,93.25
579.504,39,93.25
580,39,93.5
580.496,39,93.5
581.008,39,93.5
581.504,39,93.75
582,39,93.75
582.512,39,93.75
583.008,39,93.25
583.504,39,93.25
584,39,93.5
584.496,39,93.5
585.008,39,94
585.504,39,94
586,39,94
586.512,39,94
587.008,39,94.25
587.504,39,94.25
588,39,94.25
588.496,39,94.25
589.008,39,94.25
589.504,39,94.25
590,39,94.25
590.512,39,94.25
591.008,39,94.25
591.504,39,94.25
592,39,94.75
592.496,39,94.75
593.008,39,94.75
593.504,39,94.75
594,39,94.75
594.512,39,94.75
595.008,39,95
595.504,39,95
596,39,95.25
596.496,39,95.25
597.008,39,95.25
597.504,39,95.25
598,39,95.5
598.512,39,95.5
599.008,39,95.5
599.504,39,95.5
600,39,95.5
600.496,39,95.5
601.008,39,95.75
601.504,39,95.75
602,39,95.25
602.512,39,95.25
603.008,39,96
603.504,39,96
604,39,96
604.496,39,96
605.008,39,96.25
605.504,39,96.25
606,39,96.25
606.512,39,96.25
607.008,39,96.5
607.504,39,96.5
608,39,96
608.496,39,96
609.008,39,96.5
609.504,39,96.5
610,39,96.25
610.512,39,96.25
611.008,40,96.75
611.504,40,96.75
612,39,96.5
612.496,39,96.5
613.008,39,97
613.504,39,97
614,39,97.25
614.512,39,97.25
615.008,39,97
615.504,39,97
616,39,96.5
616.496,39,96.5
617.008,39,97.5
617.504,39,97.5
618,39,96.75
618.512,39,96.75
619.008,39,97.5
619.504,39,97.5
620,39,97.5
620.496,39,97.5
621.008,39,97.75
621.504,39,97.75
622,39,97.75
622.512,39,97.75
623.008,39,97.5
623.504,39,97.5
624,39,97.75
624.496,39,97.75
625.008,39,98
625.504,39,98
626,39,98.25
626.512,39,98.25
627.008,39,98.25
627.504,39,98.25
628,39,98.25
628.496,39,98.25
629.008,39,98.25
629.504,39,98.25
630,39,98.75
630.512,39,98.75
631.008,39,98.75
631.504,39,98.75
632,39,99
632.496,39,99
633.008,39,99
633.504,39,99
634,39,99
634.512,39,99
635.008,39,99
635.504,39,99
636,39,99
636.496,39,99
637.008,39,99
637.504,39,99
638,39,99.25
638.512,39,99.25
639.008,39,99.75
639.504,39,99.75
640,39,99.5
640.496,39,99.5
641.008,39,99.5
641.504,39,99.5
642,39,99.75
642.512,39,99.75
643.008,39,99.5
643.504,39,99.5
644,39,99.75
644.512,39,99.75
645.008,39,99.5
645.504,39,99.5
646,39,99.5
646.512,39,99.5
647.008,39,100
647.504,39,100
648,39,100
648.496,39,100
649.008,39,100
649.504,39,100
650,39,100.25
650.512,39,100.25
651.008,39,100.5
651.504,39,100.5
652,39,100.5
652.496,39,100.5
653.008,39,100.5
653.504,39,100.5
654,39,100.25
654.512,39,100.25
655.008,39,101
655.504,39,101
656,39,101
656.496,39,101
657.008,39,100.75
657.504,39,100.75
658,40,100.5
658.512,40,100.5
659.008,39,101
659.504,39,101
660,39,101
660.496,39,101
661.008,39,101.25
661.504,39,101.25
662,39,101.25
662.512,39,101.25
663.008,39,101.5
663.504,39,101.5
664,39,101.5
664.496,39,101.5
665.008,39,101.5
665.504,39,101.5
666,39,102.25
666.512,39,102.25
667.008,39,102.25
667.504,39,102.25
668,39,101.75
668.496,39,101.75
669.008,39,102.25
669.504,39,102.25
670,39,102
670.512,39,102
671.008,39,102
671.504,39,102
672,39,101.75
672.496,39,101.75
673.008,39,102.5
673.504,39,102.5
674,39,102.75
674.512,39,102.75
675.008,39,102.25
675.504,39,102.25
676,39,102.5
676.496,39,102.5
677.008,39,102.5
677.504,39,103
678,39,103
678.512,39,102.75
679.008,39,102.75
679.504,39,103.25
680,39,103.25
680.496,39,102.75
681.008,39,102.75
681.504,39,102.75
682,39,102.75
682.512,39,102.75
683.008,39,102.75
683.504,39,103.25
684,39,103.25
684.496,39,103.5
685.008,39,103.5
685.504,39,103.5
686,39,103.5
686.512,39,103.75
687.008,39,103.75
687.504,39,103.75
688,39,103.75
688.496,39,103.75
689.008,39,103.75
689.504,39,104
690,39,104
690.512,39,104
691.008,39,104
691.504,39,103.5
692,39,103.5
692.496,39,103.5
693.008,39,103.5
693.504,39,104
694,39,104
694.512,39,104.5
695.008,39,104.5
695.504,39,104.25
696,39,104.25
696.496,39,104.25
697.008,39,104.25
697.504,39,104.25
698,39,104.25
698.512,39,104.5
699.008,39,104.5
699.504,39,104.5
700,39,104.5
700.496,39,104.25
701.008,39,104.25
701.504,39,104.75
702,39,104.75
702.512,39,104.75
703.008,39,104.75
703.504,39,104.75
704,39,104.75
704.496,39,104.75
705.008,39,104.75
705.504,39,105
706,39,105
706.512,39,105.25
707.008,39,105.25
707.504,39,104.75
708,39,104.75
708.496,39,105.5
709.008,39,105.5
709.504,39,105.5
710,39,105.5
710.512,39,105.5
711.008,39,105.5
711.504,39,105.75
712,39,105.75
712.496,39,105.25
713.008,39,105.25
713.504,39,105
714,39,105
714.512,39,106
715.008,39,106
715.504,39,105.5
716,39,105.5
716.496,39,106
717.008,39,106
717.504,39,105.75
718,39,105.75
718.512,39,105.5
719.008,39,105.5
719.504,39,106.25
720,39,106.25
720.496,39,106
721.008,39,106
721.504,39,106
722,39,106
722.512,39,106
723.008,39,106
723.504,39,105
724,39,105
724.496,39,105.5
725.008,39,105.5
725.504,39,104.25
726,39,104.25
726.512,39,104.5
727.008,39,104.5
727.504,39,104.5
728,39,104.5
728.496,39,103.75
729.008,39,103.75
729.504,39,103
730,39,103
730.512,39,102.75
731.008,39,102.75
731.504,39,102.75
732,39,102.75
732.496,39,102
733.008,39,102
733.504,39,102
734,39,102
734.512,39,102.25
735.008,39,102.25
735.504,40,102.75
736,40,102.75
736.496,39,102
737.008,39,102
737.504,39,102.75
738,39,102.75
738.512,39,103.75
739.008,39,103.75
739.504,39,105
740,39,105
740.496,39,107.75
741.008,39,107.75
741.504,39,107
742,39,107
742.512,39,109.5
743.008,39,109.5
743.504,39,109.5
744,39,109.5
744.496,39,110
745.008,39,110
745.504,39,110.75
746,39,110.75
746.512,39,110.5
747.008,39,110.5
747.504,39,111.25
748,39,111.25
748.496,39,111.5
749.008,39,111.5
749.504,39,110
750,39,110
750.512,39,109.5
751.008,39,109.5
751.504,39,109.75
752,39,109.75
752.496,39,109.25
753.008,39,109.25
753.504,39,110
754,39,110
754.512,39,109.75
755.008,39,109.75
755.504,39,108.75
756,39,108.75
756.496,39,109.25
757.008,39,109.25
757.504,39,109.25
758,39,109.25
758.512,39,109.25
759.008,39,109.25
759.504,39,109.25
760,39,109.25
760.496,39,108.75
761.008,39,108.75
761.504,39,110.25
762,39,110.25
762.512,39,111.25
763.008,39,111.25
763.504,39,111
764,39,111
764.496,39,111.25
765.008,39,111.25
765.504,39,111.25
766,39,111.25
766.512,39,111.25
767.008,39,111.5
767.504,39,111.5
768,39,110.75
768.496,39,110.75
769.008,39,111.25
769.504,39,111.25
770,39,109.5
770.512,39,109.5
771.008,39,110
771.504,39,110
772,39,109.25
772.496,39,109.25
773.008,39,109.5
773.504,39,109.5
774,39,110
774.512,39,110
775.008,39,110
775.504,39,110
776,39,109
776.496,39,109
777.008,39,110
777.504,39,110
778,39,109.75
778.512,39,109.75
779.008,39,110.25
779.504,39,110.25
780,39,110
780.496,39,110
781.008,39,110.25
781.504,39,110.25
782,39,110.25
782.512,39,110.25
783.008,39,110.5
783.504,39,110.5
784,39,110.5
784.496,39,110.5
785.008,39,110.75
785.504,39,110.75
786,39,110.25
786.512,39,110.25
787.008,39,110.25
787.504,39,110.25
788,39,110.25
788.496,39,110.25
789.008,39,110.5
789.504,39,110.5
790,39,110.75
790.512,39,110.75
791.008,39,110.75
791.504,39,110.75
792,39,110.25
792.496,39,110.25
793.008,39,110.75
793.504,39,110.75
794,39,110.75
794.512,39,110.75
795.008,39,111
795.504,39,111
796,39,111
796.496,39,111
797.008,39,111.25
797.504,39,111.25
798,39,111
798.512,39,111
799.008,39,111.25
799.504,39,111.25
800,39,111
800.496,39,111
801.008,39,111
801.504,39,111
802,39,111.5
802.512,39,111.5
803.008,39,111.25
803.504,39,111.25
804,39,111.75
804.496,39,111.75
805.008,39,111
805.504,39,111
806,39,111.25
806.512,39,111.25
807.008,39,111.75
807.504,39,111.75
808,39,111.25
808.496,39,111.25
809.008,39,111.75
809.504,39,111.75
810,39,112
810.512,39,112
811.008,39,111.5
811.504,39,111.5
812,39,111.75
812.496,39,111.75
813.008,39,111.75
813.504,39,111.75
814,39,111.75
814.512,39,111.75
815.008,39,111.75
815.504,39,111.75
816,39,111.75
816.496,39,111.75
817.008,39,111.75
817.504,39,111.75
818,39,112
818.512,39,112
819.008,39,112.25
819.504,39,112.25
820,39,111.75
820.496,39,111.75
821.008,39,112
821.504,39,112
822,39,112.5
822.512,39,112.5
823.008,39,112.25
823.504,39,112.25
824,39,112.75
824.496,39,112.75
825.008,39,112.5
825.504,39,112.5
826,39,112.5
826.512,39,112.5
827.008,39,112.75
827.504,39,112.75
828,39,112.25
828.496,39,112.25
829.008,39,112.75
829.504,39,112.75
830,39,112.5
830.512,39,112.5
831.008,39,112.75
831.504,39,112.75
832,39,112.25
832.496,39,112.25
833.008,39,113
833.504,39,113
834,39,113
834.512,39,113
835.008,39,113.25
835.504,39,113.25
836,39,112.75
836.496,39,112.75
837.008,39,112.75
837.504,39,112.75
838,39,113.25
838.512,39,113.25
839.008,39,113
839.504,39,113
840,39,113
840.496,39,113
841.008,39,113
841.504,39,113
842,39,113.25
842.512,39,113.25
843.008,39,112.75
843.504,39,112.75
844,39,113.75
844.496,39,113.75
845.008,39,113.5
845.504,39,113.5
846,39,113.5
846.512,39,113.5
847.008,39,113.5
847.504,39,113.25
848,39,113.25
848.496,39,113.25
849.008,39,113.25
849.504,39,113.75
850,39,113.75
850.512,39,113.75
851.008,39,113.75
851.504,39,113.75
852,39,113.75
852.496,39,114
853.008,39,114
853.504,39,114
854,39,114
854.512,39,113.5
855.008,39,113.5
855.504,39,114
856,39,114
856.496,39,113.75
857.008,39,113.75
857.504,39,114
858.288,39,114
858.512,39,114
859.008,39,114
859.504,39,114
860,39,114
860.496,39,114.25
861.008,39,114.25
861.504,39,114.25
862,39,114.25
862.512,39,114.25
863.008,39,114.25
863.504,39,114.25
864,39,114.25
864.496,39,114.5
865.008,39,114.5
865.504,39,114.25
866,39,114.25
866.512,39,113.75
867.008,39,113.75
867.504,39,114.25
868,39,114.25
868.496,39,114.25
869.008,39,114.25
869.504,39,114.25
870,39,114.25
870.512,39,114.75
871.008,39,114.75
871.504,39,114.25
872,39,114.25
872.496,39,114
873.008,39,114
873.504,39,114.5
874,39,114.5
874.512,39,114.75
875.008,39,114.75
875.504,39,114.25
876,39,114.25
876.496,39,114.75
877.008,39,114.75
877.504,39,114.75
878,39,114.75
878.512,39,114.5
879.008,39,114.5
879.504,39,114.5
880,39,114.5
880.496,39,114.75
881.008,39,114.75
881.504,39,114.5
882,39,114.5
882.512,39,114.75
883.008,39,114.75
883.504,39,114.5
884,39,114.5
884.496,39,114.75
885.008,39,114.75
885.504,39,115
886,39,115
886.512,39,115.25
887.008,39,115.25
887.504,39,114.5
888,39,114.5
888.496,39,115.5
889.008,39,115.5
889.504,39,114.75
890,39,114.75
890.512,39,115
891.008,39,115
891.504,39,115
892,39,115
892.496,39,115
893.008,39,115
893.504,39,115
894,39,115
894.512,39,115
895.008,39,115
895.504,39,115.5
896,39,115.5
896.496,39,115.5
897.008,39,115.5
897.504,39,115
898,39,115
898.512,39,115.25
899.008,39,115.25
899.504,39,115.75
900,39,115.75
900.496,39,115.75
901.008,39,115.75
901.504,39,115
902,39,115
902.512,39,115.5
903.008,39,115.5
903.504,39,115.5
904,39,115.5
904.496,39,116
905.008,39,116
905.504,39,115.75
906,39,115.75
906.512,39,116
907.008,39,116
907.504,39,116
908,39,116
908.496,39,115.75
909.008,39,115.75
909.504,39,116.25
910,39,116.25
910.512,39,116
911.008,39,116
911.504,39,116
912,39,116
912.512,39,115.5
913.008,39,115.5
913.504,39,116
914,39,116
914.512,39,116.5
915.008,39,116.5
915.504,39,116.5
916,39,116.5
916.496,39,116
917.008,39,116
917.504,39,116.5
918,39,116.5
918.512,39,116.25
919.008,39,116.25
919.504,39,116.25
920,39,116.25
920.496,39,116
921.008,39,116
921.504,40,116.25
922,40,116.25
922.512,39,116.5
923.008,39,116.5
923.504,39,116.5
924,39,116.5
924.496,39,116.5
925.008,39,116.5
925.504,39,116.75
926,39,116.75
926.512,39,116.75
927.008,39,116.75
927.504,39,116.75
928,39,116.75
928.496,39,116.75
929.008,39,116.75
929.504,39,116.5
930,39,116.5
930.512,39,116.25
931.008,39,116.25
931.504,39,116.25
932,39,116.75
932.496,39,116.75
933.008,39,117
933.504,39,117
934,39,117
934.512,39,117
935.008,39,117
935.504,39,117
936,39,117
936.496,39,117
937.008,39,116.25
937.504,39,116.25
938,39,115.25
938.512,39,115.25
939.008,39,115.5
939.504,39,115.5
940,39,115.75
940.496,39,115.75
941.008,39,114.25
941.504,39,114.25
942,39,114.5
942.512,39,114.5
943.008,39,113
943.504,39,113
944,39,111.75
944.496,39,111.75
945.008,40,112.25
945.504,40,112.25
946,39,112.75
946.512,39,112.75
947.008,39,114.25
947.504,39,114.25
948,39,116.25
948.496,39,116.25
949.008,39,115.25
949.504,39,115.25
950,39,118.25
950.512,39,118.25
951.008,39,118.25
951.504,39,118.25
952,39,119.25
952.496,39,119.25
953.008,39,120
953.504,39,120
954,39,119.75
954.512,39,119.75
955.008,39,121
955.504,39,121
956,39,121
956.496,39,121
957.008,39,121
957.504,39,121
958,39,120.25
958.512,39,120.25
959.008,39,119.25
959.504,39,119.25
960,40,118.75
960.496,40,118.75
961.008,39,118.75
961.504,39,118.75
962,39,118.75
962.512,39,118.75
963.008,39,118.5
963.504,39,118.5
964,39,118
964.496,39,118
965.008,39,119.5
965.504,39,119.5
966,39,119.25
966.512,39,119.25
967.008,39,119.75
967.504,39,119.75
968,39,120
968.496,39,120
969.008,39,120.25
969.504,39,120.25
970,39,120.25
970.512,39,120.25
971.008,39,120
971.504,39,120
972,39,120.25
972.496,39,120.25
973.008,39,120.25
973.504,39,120.25
974,39,119.5
974.512,39,119.5
975.008,39,119
975.504,39,119
976,39,118.25
976.496,39,118.25
977.008,39,118.5
977.504,39,118.5
978,39,118.5
978.512,39,118.5
979.008,39,118.5
979.504,39,118.5
980,39,118.25
980.496,39,118.25
981.008,39,118.25
981.504,39,118.25
982,39,118
982.512,39,118
983.008,39,118.5
983.504,39,118.5
984,39,118.5
984.496,39,118.5
985.008,39,118.25
985.504,39,118.25
986,39,118.5
986.512,39,118.5
987.008,39,118.5
987.504,39,118.5
988,39,118.75
988.496,39,118.75
989.008,39,118.75
989.504,39,118.75
990,39,118.75
990.512,39,118.75
991.008,39,118.75
991.504,39,118.75
992,39,118.25
992.496,39,118.25
993.008,39,118.75
993.504,39,118.75
994,39,119
994.512,39,119
995.008,39,118.75
995.504,39,118.75
996,39,119
996.496,39,119
997.008,39,118.75
997.504,39,118.75
998,39,118.75
998.512,39,118.75
999.008,39,118.75
999.504,39,118.75
1000,39,119
1000.496,39,119
1001.008,39,118.75
1001.504,39,118.75
1002,39,119
1002.512,39,119
1003.008,39,118.75
1003.504,39,118.75
1004,39,118.75
1004.496,39,118.75
1005.008,39,118.75
1005.504,39,118.75
1006,39,118.75
1006.512,39,118.75
1007.008,39,118.75
1007.504,39,118.75
1008,39,118.75
1008.496,39,119.25
1009.008,39,119.25
1009.504,39,119.25
1010,39,119.25
1010.512,39,119.25
1011.008,39,119.25
1011.504,39,119.25
1012,39,119.25
1012.496,39,119
1013.008,39,119
1013.504,39,119.5
1014,39,119.5
1014.512,39,119.5
1015.008,39,119.5
1015.504,39,119.25
1016,39,119.25
1016.496,39,119.5
1017.008,39,119.5
1017.504,39,119.5
1018,39,119.5
1018.512,39,119.25
1019.008,39,119.25
1019.504,40,119.75
1020,40,119.75
1020.496,39,119.5
1021.008,39,119.5
1021.504,39,119.25
1022,39,119.25
1022.512,39,120
1023.008,39,120
1023.504,39,119.75
1024,39,119.75
1024.496,39,119.5
1025.008,39,119.5
1025.504,39,119
1026,39,119
1026.512,39,119.5
1027.008,39,119.5
1027.504,39,119
1028,39,119
1028.512,39,119.75
1029.008,39,119.75
1029.504,39,119.5
1030,39,119.5
1030.512,39,120.25
1031.008,39,120.25
1031.504,39,120
1032,39,120
1032.496,39,120
1033.008,39,120
1033.504,39,120
1034,39,120
1034.512,39,120
1035.008,39,120
1035.504,39,120
1036,39,120
1036.496,39,119.75
1037.008,39,119.75
1037.504,39,119.75
1038,39,119.75
1038.512,39,119.75
1039.008,39,119.75
1039.504,39,119.75
1040,39,119.75
1040.496,39,119.25
1041.008,39,119.25
1041.504,39,120.25
1042,39,120.25
1042.512,39,120
1043.008,39,120
1043.504,39,120.25
1044,39,120.25
1044.496,39,120
1045.008,39,120
1045.504,39,120.5
1046,39,120.5
1046.512,39,120
1047.008,39,120
1047.504,39,120.5
1048,39,120.5
1048.496,39,120
1049.008,39,120
1049.504,39,120.5
1050,39,120.5
1050.512,39,120.25
1051.008,39,120.25
1051.504,39,120.25
1052,39,120.25
1052.496,39,120.25
1053.008,39,120.25
1053.504,39,120
1054,39,120
1054.512,39,120.5
1055.008,39,120.5
1055.504,39,120.25
1056,39,120.25
1056.496,39,120.25
1057.008,39,120.25
1057.504,39,120.5
1058,39,120.5
1058.512,39,120.25
1059.008,39,120.25
1059.504,39,120.25
1060,39,120.25
1060.496,39,120.5
1061.008,39,120.5
1061.504,39,120.25
1062,39,120.25
1062.512,39,121
1063.008,39,121
1063.504,39,120.5
1064,39,120.5
1064.496,39,120
1065.008,39,120
1065.504,39,120.75
1066,39,120.75
1066.512,39,120.75
1067.008,39,120.75
1067.504,39,121
1068,39,121
1068.496,39,120.75
1069.008,39,120.75
1069.504,39,120.5
1070,39,120.5
1070.512,39,120.75
1071.008,39,120.75
1071.504,39,121
1072,39,121
1072.496,39,121
1073.008,39,121
1073.504,39,120.75
1074,39,120.75
1074.512,39,120.75
1075.008,39,120.75
1075.504,39,120.75
1076,39,120.75
1076.496,39,120.75
1077.008,39,120.75
1077.504,39,121
1078,39,121
1078.512,39,120.75
1079.008,39,120.75
1079.504,39,120.75
1080,39,120.75
1080.496,39,121
1081.008,39,121
1081.504,39,120.75
1082,39,120.75
1082.512,39,121
1083.008,39,121
1083.504,39,120.75
1084,39,120.75
1084.496,39,121
1085.008,39,121
1085.504,39,121.5
1086,39,121.5
1086.512,39,120.5
1087.008,39,120.5
1087.504,39,120.75
1088,39,120.75
1088.496,39,121.25
1089.008,39,121.25
1089.504,39,121.5
1090,39,121.5
1090.512,39,120.75
1091.008,39,120.75
1091.504,39,121
1092,39,121
1092.496,39,121
1093.008,39,121
1093.504,39,121.5
1094,39,121.5
1094.512,39,121.25
1095.008,39,121.25
1095.504,39,121.25
1096,39,121.25
1096.496,39,121.5
1097.008,39,121.5
1097.504,39,121.25
1098,39,121.25
1098.512,39,121.75
1099.008,39,121.75
1099.504,39,121.5
1100,39,121.5
1100.496,39,121
1101.008,39,121
1101.504,39,121
1102,39,121.5
1102.512,39,121.5
1103.008,39,121.5
1103.504,39,121.5
1104,39,121.5
1104.496,39,121.5
1105.008,39,121.5
1105.504,39,121.5
1106.016,39,121.5
1106.624,39,121
1107.008,39,121
1107.504,39,121
1108,39,121
1108.496,39,121
1109.008,39,121.25
1109.504,39,121.25
1110,39,121.5
1110.512,39,121.5
1111.008,40,121.25
1111.504,40,121.25
1112,39,122
1112.496,39,122
1113.008,39,121
1113.504,39,121
1114.096,39,121.75
1114.512,39,121.75
1115.008,39,121.75
1115.504,39,121.75
1116,39,121.75
1116.496,39,121.75
1117.008,39,122
1117.504,39,122
1118,39,122
1118.512,39,122
1119.008,39,121.5
1119.504,39,121.5
1120,39,122
1120.496,39,122
1121.008,39,122
1121.504,39,122
1122,39,122
1122.512,39,122
1123.008,39,122
1123.504,39,122
1124,39,122
1124.496,39,122
1125.008,39,121.75
1125.504,39,121.75
1126,40,122.25
1126.512,40,122.25
1127.008,39,122.25
1127.504,39,122.25
1128.016,39,122.25
1128.496,39,122.25
1129.008,39,122.25
1129.504,39,122.25
1130,39,122.25
1130.512,39,122.25
1131.008,39,122
1131.504,39,122
1132,39,122.25
1132.496,39,122.25
1133.008,39,121.75
1133.504,39,121.75
1134,39,122.25
1134.512,39,122.25
1135.008,39,122.25
1135.504,39,122.25
1136,39,122.25
1136.496,39,122.25
1137.008,39,122
1137.504,39,122
1138,39,122.25
1138.512,39,122.25
1139.008,39,122
1139.504,39,122
1140,39,121.75
1140.496,39,121.75
1141.008,39,122.25
1141.504,39,122.25
1142,39,122.5
1142.512,39,122.5
1143.008,39,122.5
1143.504,39,122.5
1144,39,122.25
1144.496,39,122.25
1145.008,39,122.25
1145.504,39,122.25
1146,39,122.5
1146.512,39,122.5
1147.008,39,122.5
1147.504,39,122.5
1148,39,122.5
1148.496,39,122.5
1149.008,39,122
1149.504,39,122
1150,39,122.25
1150.512,39,122.25
1151.008,39,122.25
1151.504,39,122.25
1152,39,122.75
1152.496,39,122.75
1153.008,39,122.5
1153.504,39,122.5
1154,39,123
1154.512,39,123
1155.008,39,122.25
1155.504,39,122.25
1156,39,122.25
1156.496,39,122.25
1157.008,39,122.75
1157.504,39,122.75
1158,39,122.75
1158.512,39,122.75
1159.008,39,122.75
1159.504,39,122.75
1160,39,122.75
1160.496,39,122.75
1161.008,39,122
1161.504,39,122
1162,39,122
1162.512,39,122
1163.008,39,122.25
1163.504,39,122.25
1164,39,120.25
1164.496,39,120.25
1165.008,39,119.25
1165.504,39,119.25
1166,39,117.75
1166.512,39,117.75
1167.008,39,118.5
1167.504,39,118.5
1168,39,118
1168.496,39,118
1169.008,39,117.75
1169.504,39,117.75
1170,39,118.75
1170.512,39,118.75
1171.008,39,118.5
1171.504,39,118.5
1172,39,120
1172.496,39,120
1173.008,39,121.75
1173.504,39,121.75
1174,39,121.5
1174.512,39,121.5
1175.008,39,124.5
1175.504,39,124.5
1176,39,123.5
1176.496,39,123.5
1177.008,39,125.5
1177.504,39,125.5
1178,39,125
1178.512,39,125
1179.008,39,125
1179.504,39,125
1180,39,126.25
1180.496,39,126.25
1181.008,39,126
1181.504,39,126
1182,39,126
1182.512,39,126
1183.008,39,124.5
1183.504,39,124.5
1184,39,124.25
1184.496,39,124.25
1185.008,39,124
1185.504,39,124
1186,39,124
1186.512,39,124
1187.008,39,123.75
1187.504,39,123.75
1188,39,124.25
1188.496,39,124.25
1189.008,39,123.75
1189.504,39,123.75
1190,39,123.75
1190.512,39,123.25
1191.008,39,123.25
1191.504,39,125
1192,39,125
1192.496,40,125
1193.008,40,125
1193.504,39,124.75
1194,39,124.75
1194.512,39,125.25
1195.008,39,125.25
1195.504,39,125
1196,39,125
1196.496,39,125.5
1197.008,39,125.5
1197.504,39,125
1198,39,125
1198.512,39,125.5
1199.008,39,125.5
1199.504,39,125.5
1200,39,125.5
1200.496,39,125.5
1201.008,39,125.5
1201.504,39,124.5
1202,39,124.5
1202.512,39,124.75
1203.008,39,124.75
1203.504,39,125
1204,39,125
1204.496,39,123.75
1205.008,39,123.75
1205.504,39,123.75
1206,39,123.75
1206.512,39,123.75
1207.008,39,123.75
1207.504,39,123.75
1208,39,123.75
1208.496,39,124
1209.008,39,124
1209.504,39,123.5
1210,39,123.5
1210.512,39,124
1211.008,39,124
1211.504,39,123.5
1212,39,123.5
1212.496,39,123.75
1213.008,39,123.75
1213.504,39,124
1214,39,124
1214.512,39,124
1215.008,39,124
1215.504,39,124
1216,39,124
1216.496,39,123.75
1217.008,39,123.75
1217.504,39,124
1218,39,124
1218.512,39,124
1219.008,39,124
1219.504,39,124.25
1220,39,124.25
1220.496,39,123.75
1221.008,39,123.75
1221.504,39,124.25
1222,39,124.25
1222.512,39,124.25
1223.008,39,124.25
1223.504,39,124.25
1224,39,124.25
1224.496,39,123.75
1225.008,39,123.75
1225.504,39,123.5
1226,39,123.5
1226.512,39,124
1227.008,39,124
1227.504,39,124.5
1228.016,39,124.5
1228.496,39,124
1229.008,39,124
1229.504,39,124
1230,39,124
1230.512,39,124.5
1231.008,39,124.5
1231.504,39,124
1232,39,124
1232.496,39,124.5
1233.008,39,124.5
1233.504,39,123.75
1234,39,123.75
1234.512,39,124.25
1235.008,39,124.25
1235.504,39,124.25
1236,39,124.25
1236.496,39,124.5
1237.008,39,124.5
1237.504,39,124
1238,39,124
1238.512,39,124.25
1239.008,39,124.25
1239.504,39,124.5
1240,39,124.5
1240.496,39,124.5
1241.008,39,124.5
1241.504,39,124.5
1242,39,124.5
1242.512,39,124.5
1243.008,39,124.5
1243.504,39,124.5
1244,39,124.5
1244.496,39,124.5
1245.008,39,124.5
1245.504,39,124.5
1246,39,124.5
1246.512,39,124.75
1247.008,39,124.75
1247.504,39,124.25
1248,39,124.25
1248.512,39,123.75
1249.008,39,123.75
1249.504,39,124.75
1250,39,124.75
1250.512,39,124.5
1251.008,39,124.5
1251.504,39,124.75
1252,39,124.75
1252.496,39,124.25
1253.008,39,124.25
1253.504,39,124.75
1254,39,124.75
1254.512,39,124.75
1255.008,39,124.75
1255.504,39,124.75
1256,39,124.75
1256.496,39,124.75
1257.008,39,124.75
1257.504,40,124.5
1258,40,124.5
1258.512,39,125
1259.008,39,125
1259.504,39,124.75
1260,39,124.75
1260.496,39,124.75
1261.008,39,124.75
1261.504,39,124.75
1262,39,124.75
1262.512,39,124.5
1263.008,39,124.5
1263.504,39,124.25
1264,39,124.25
1264.496,39,125
1265.008,39,125
1265.504,39,124.75
1266,39,124.75
1266.512,39,125
1267.008,39,125
1267.504,39,125
1268,39,125
1268.496,39,125.25
1269.008,39,125.25
1269.504,39,125
1270,39,125
1270.512,39,125
1271.008,39,125
1271.504,39,125
1272,39,124.75
1272.496,39,124.75
1273.008,39,125
1273.504,39,125
1274,39,124.5
1274.512,39,124.5
1275.008,39,124.5
1275.504,39,124.5
1276,39,124.5
1276.496,39,124.5
1277.008,39,125
1277.504,39,125
1278,39,125.25
1278.512,39,125.25
1279.008,39,125
1279.504,39,125
1280.288,39,125.5
1280.496,39,125.5
1281.008,39,124.75
1281.504,39,124.75
1282,39,125
1282.512,39,125
1283.008,39,125.25
1283.504,39,125.25
1284,39,124.75
1284.496,39,124.75
1285.008,39,125.25
1285.504,39,125.25
1286,39,125.25
1286.512,39,125.25
1287.008,39,125.25
1287.504,39,125.25
1288,39,125
1288.496,39,125
1289.008,39,125
1289.504,39,125
1290,39,125
1290.512,39,125
1291.008,39,125.25
1291.504,39,125.25
1292,39,125
1292.496,39,125
1293.008,39,125.25
1293.504,39,125.25
1294,39,125.5
1294.512,39,125.5
1295.008,39,125.5
1295.504,39,125.5
1296,39,125.25
1296.496,39,125.25
1297.008,39,125.25
1297.504,39,125.25
1298,39,125.5
1298.512,39,125.5
1299.008,39,125.5
1299.504,39,125.5
1300,39,125.5
1300.496,39,125.5
1301.008,39,125
1301.504,39,125
1302,39,125
1302.512,39,125
1303.008,39,125.5
1303.504,39,125.5
1304,39,124.5
1304.496,39,124.5
1305.008,39,125.25
1305.504,39,125.25
1306,39,125.25
1306.512,39,125.25
1307.008,39,125.5
1307.504,39,125.5
1308,39,124.75
1308.496,39,124.75
1309.008,39,125.5
1309.504,39,125.5
1310,39,125.75
1310.512,39,125.75
1311.008,39,125.25
1311.504,39,125.25
1312,39,125.5
1312.496,39,125.5
1313.008,39,125
1313.504,39,125
1314,39,125.25
1314.512,39,125.25
1315.008,39,125.25
1315.504,39,125.25
1316,39,125
1316.496,39,125
1317.008,39,124.75
1317.504,39,124.75
1318,39,125
1318.512,39,125
1319.008,39,126
1319.504,39,126
1320,39,125.5
1320.496,39,125.5
1321.008,39,125.5
1321.504,39,125.5
1322,39,125.5
1322.512,39,125.5
1323.008,39,125.5
1323.504,39,125.5
1324,39,126
1324.496,39,126
1325.008,39,125.5
1325.504,39,125.5
1326,39,125.75
1326.512,39,125.75
1327.008,39,125.75
1327.504,39,125.75
1328,39,125.75
1328.496,39,125.75
1329.008,39,125.5
1329.504,39,125.5
1330,39,125.25
1330.512,39,125.25
1331.008,39,125.75
1331.504,39,125.75
1332,39,126
1332.496,39,126
1333.008,39,125.75
1333.504,39,125.75
1334,39,126
1334.512,39,126
1335.008,39,125.5
1335.504,39,125.5
1336,39,126
1336.496,39,126
1337.008,39,125.75
1337.504,39,125.75
1338,39,126
1338.512,39,126
1339.008,39,125.5
1339.504,39,125.5
1340,39,125.5
1340.496,39,125.5
1341.008,39,125.25
1341.504,39,125.25
1342,39,126
1342.512,39,126
1343.008,39,125.5
1343.504,39,125.5
1344,39,126
1344.512,39,126
1345.008,39,125.5
1345.504,39,125.5
1346,39,126
1346.512,39,126
1347.008,39,125.5
1347.504,39,125.5
1348,39,126
1348.496,39,126
1349.008,39,126.25
1349.504,39,126.25
1350,39,126
1350.512,39,126
1351.008,39,126
1351.504,39,126
1352,39,126
1352.496,39,126
1353.008,39,125.75
1353.504,39,125.75
1354,39,126.25
1354.512,39,126.25
1355.008,39,126.25
1355.504,39,126
1356,39,126
1356.496,39,126
1357.008,39,126
1357.504,39,126
1358,39,126
1358.512,39,126
1359.008,39,126
1359.504,39,126.25
1360,39,126.25
1360.496,39,126.25
1361.008,39,126.25
1361.504,39,125.75
1362,39,125.75
1362.512,39,126.25
1363.008,39,126.25
1363.504,39,126
1364,39,126
1364.496,39,126.25
1365.008,39,126.25
1365.504,39,126.25
1366,39,126.25
1366.512,39,126.25
1367.008,39,126.25
1367.504,39,126
1368,39,126
1368.496,39,126
1369.008,39,126
1369.504,39,126
1370,39,126
1370.512,39,126.5
1371.008,39,126.5
1371.504,39,126
1372,39,126
1372.496,39,126
1373.008,39,126
1373.504,39,125.5
1374,39,125.5
1374.512,39,124.5
1375.008,39,124.5
1375.504,39,124.75
1376,39,124.75
1376.496,39,123
1377.008,39,123
1377.504,39,123.25
1378,39,123.25
1378.512,39,122.25
1379.008,39,122.25
1379.504,39,121.5
1380,39,121.5
1380.496,39,120.75
1381.008,39,120.75
1381.504,39,121.5
1382,39,121.5
1382.512,39,121.25
1383.008,39,121.25
1383.504,39,123.25
1384,39,123.25
1384.496,39,123
1385.008,39,123
1385.504,39,124
1386,39,124
1386.512,39,127.25
1387.008,39,127.25
1387.504,39,128.25
1388,39,128.25
1388.512,39,129
1389.008,39,129
1389.504,39,129.75
1390,39,129.75
1390.512,39,129.5
1391.008,39,129.5
1391.504,39,129.5
1392,39,129.5
1392.496,39,129.5
1393.008,39,129.5
1393.504,39,129.25
1394,39,129.25
1394.512,39,128.25
1395.008,39,128.25
1395.504,39,127.75
1396,39,127.75
1396.496,39,127.25
1397.008,39,127.25
1397.504,39,127.75
1398,39,127.75
1398.512,39,127.25
1399.008,39,127.25
1399.504,39,127.25
1400,39,127.25
1400.496,39,128.25
1401.008,39,128.25
1401.504,39,128.5
1402,39,128.5
1402.512,39,128.5
1403.008,39,128.5
1403.504,39,128.25
1404,39,128.25
1404.496,39,128.75
1405.008,39,128.75
1405.504,39,128.75
1406,39,128.75
1406.512,39,128.5
1407.008,39,128.5
1407.504,39,128.25
1408,39,128.25
1408.496,39,129
1409.008,39,129
1409.504,39,129
1410,39,129
1410.512,39,129
1411.008,39,129
1411.504,39,128.75
1412,39,128.75
1412.496,39,127.75
1413.008,39,127.75
1413.504,39,128.5
1414,39,128.5
1414.512,39,128.75
1415.008,39,128.75
1415.504,39,127.5
1416,39,127.5
1416.496,39,127.5
1417.008,39,127.5
1417.504,39,127
1418,39,127
1418.512,39,127
1419.008,39,127
1419.504,39,127
1420,39,127
1420.496,39,127
1421.008,39,127
1421.504,40,127
1422,40,127
1422.512,39,126.5
1423.008,39,126.5
1423.504,39,127
1424,39,127
1424.496,39,126.75
1425.008,39,126.75
1425.504,39,127
1426,39,127
1426.512,39,127.25
1427.008,39,127.25
1427.504,39,126.75
1428,39,126.75
1428.496,39,126.5
1429.008,39,126.5
1429.504,39,127
1430,39,127
1430.512,39,127
1431.008,39,127
1431.504,39,127.25
1432,39,127.25
1432.496,39,127
1433.008,39,127
1433.504,39,127.25
1434,39,127.25
1434.512,39,127
1435.008,39,127
1435.504,39,127
1436,39,127
1436.496,39,127
1437.008,39,126.75
1437.504,39,126.75
1438,39,126.5
1438.512,39,126.5
1439.008,39,126.75
1439.504,39,126.75
1440,39,127.5
1440.496,39,127.5
1441.008,39,127.25
1441.504,39,127.25
1442,39,127
1442.512,39,127
1443.008,39,127.25
1443.504,39,127.25
1444,39,127.5
1444.512,39,127.5
1445.008,39,127.5
1445.504,39,127.5
1446,39,126.75
1446.512,39,126.75
1447.008,39,127.5
1447.504,39,127.5
1448,39,127.5
1448.496,39,127.5
1449.008,39,127
1449.504,39,127
1450,39,126.75
1450.512,39,126.75
1451.008,39,127.25
1451.504,39,127.25
1452,40,127.75
1452.496,40,127.75
1453.008,39,127.5
1453.504,39,127.5
1454,39,127.75
1454.512,39,127.75
1455.008,39,127.25
1455.504,39,127.25
1456,39,127.25
1456.496,39,127.25
1457.008,39,127
1457.504,39,127
1458,39,127.75
1458.512,39,127.75
1459.008,39,127.75
1459.504,39,127.75
1460,39,126.75
1460.496,39,126.75
1461.008,39,127.5
1461.504,39,127.5
1462,39,127.5
1462.512,39,127.5
1463.008,39,127.25
1463.504,39,127.25
1464,39,127.5
1464.496,39,127.5
1465.008,39,127.75
1465.504,39,127.75
1466,39,127.5
1466.512,39,127.5
1467.008,39,126.75
1467.504,39,126.75
1468,39,127.25
1468.496,39,127.25
1469.008,39,127.5
1469.504,39,127.5
1470,39,127.75
1470.512,39,127.75
1471.008,39,127.75
1471.504,39,127.75
1472,39,127.75
1472.496,39,127.75
1473.008,39,127.75
1473.504,39,127.75
1474,39,127.75
1474.512,39,127.75
1475.008,39,128
1475.504,39,128
1476,39,127.75
1476.496,39,127.75
1477.008,39,127.75
1477.504,39,127.75
1478,39,128
1478.512,39,128
1479.008,39,128
1479.504,39,128
1480,39,128
1480.496,39,128
1481.008,39,128
1481.504,39,128
1482,39,128
1482.512,39,128
1483.008,39,128
1483.504,39,128
1484,39,127.75
1484.496,39,127.75
1485.008,39,128
1485.504,39,128
1486,39,128
1486.512,39,128
1487.008,39,127.5
1487.504,39,127.5
1488,39,127.75
1488.496,39,127.75
1489.008,39,128
1489.504,39,128
1490,39,127.5
1490.512,39,127.5
1491.008,39,127.75
1491.504,39,127.75
1492,39,127.25
1492.512,39,127.25
1493.008,39,128
1493.504,39,128
1494,40,128.25
1494.512,40,128.25
1495.008,39,128
1495.504,39,128
1496,39,128
1496.496,39,128
1497.008,39,128.25
1497.504,39,128.25
1498,39,128
1498.512,39,128
1499.008,39,128.25
1499.504,39,128.25
1500,39,127.75
1500.496,39,127.75
1501.008,39,127.75
1501.504,39,127.75
1502,39,127.75
1502.512,39,127.75
1503.008,39,127.75
1503.504,39,127.75
1504,39,128.25
1504.496,39,128.25
1505.008,39,127.75
1505.504,39,127.75
1506,39,127.75
1506.512,39,127.75
1507.008,39,128.25
1507.504,39,128.25
1508,39,128.25
1508.496,39,128.25
1509.008,39,127.75
1509.504,39,127.75
1510,39,127.75
1510.512,39,127.75
1511.008,39,128.25
1511.504,39,128.25
1512,39,128
1512.496,39,128
1513.008,39,128.25
1513.504,39,128.25
1514,39,128
1514.512,39,128
1515.008,39,128
1515.504,39,128
1516,39,128.5
1516.496,39,128.5
1517.008,39,128.25
1517.504,39,128.25
1518,39,128.5
1518.512,39,128.5
1519.008,39,128
1519.504,39,128
1520,39,128.75
1520.496,39,128.75
1521.008,39,128.5
1521.504,39,128.5
1522,39,128.5
1522.512,39,128.5
1523.008,39,128.5
1523.504,39,128.5
1524,39,128
1524.496,39,128
1525.008,39,128
1525.504,39,128
1526,39,128.25
1526.512,39,128.25
1527.008,39,128.5
1527.504,39,128.5
1528,39,128.5
1528.496,39,128.5
1529.008,39,128.25
1529.504,39,128.25
1530,39,128
1530.512,39,128
1531.008,39,128
1531.504,39,128.5
1532,39,128.5
1532.496,39,128.5
1533.008,39,128.5
1533.504,39,128
1534,39,128
1534.512,40,128.5
1535.008,40,128.5
1535.504,39,128.5
1536,39,128.5
1536.496,39,128.5
1537.008,39,128.5
1537.504,39,128.5
1538,39,128.5
1538.512,39,128.75
1539.008,39,128.75
1539.504,39,128.75
1540,39,128.75
1540.496,39,128
1541.008,39,128
1541.504,39,128.5
1542,39,128.5
1542.512,39,128.75
1543.008,39,128.75
1543.504,39,128.75
1544,39,128.75
1544.496,39,128.75
1545.008,39,128.75
1545.504,39,128.75
1546,39,128.75
1546.512,39,128.75
1547.008,39,128.75
1547.504,39,128.75
1548,39,128.75
1548.496,39,128.75
1549.008,39,128.75
1549.504,39,128.75
1550,39,128.75
1550.512,39,128.75
1551.008,39,128.75
1551.504,39,128.25
1552,39,128.25
1552.496,39,128.75
1553.008,39,128.75
1553.504,39,128.5
1554,39,128.5
1554.512,39,128.75
1555.008,39,128.75
1555.504,39,128.5
1556,39,128.5
1556.496,39,128.75
1557.008,39,128.75
1557.504,39,128.25
1558,39,128.25
1558.512,39,128.25
1559.008,39,128.25
1559.504,39,128.5
1560,39,128.5
1560.496,39,128.5
1561.008,39,128.5
1561.504,39,128.75
1562,39,128.75
1562.512,39,129
1563.008,39,129
1563.504,39,128.75
1564,39,128.75
1564.496,39,128.5
1565.008,39,128.5
1565.504,39,128.75
1566,39,128.75
1566.512,39,128.5
1567.008,39,128.5
1567.504,39,129.25
1568,39,129.25
1568.496,39,128.75
1569.008,39,128.75
1569.504,39,128.75
1570,39,128.75
1570.512,39,128
1571.008,39,128
1571.504,39,128.5
1572,39,128.5
1572.496,39,128.75
1573.008,39,128.75
1573.504,39,129
1574,39,129
1574.512,39,128.75
1575.008,39,128.75
1575.504,39,129
1576,39,129
1576.496,39,129
1577.008,39,129
1577.504,39,128.5
1578,39,128.5
1578.512,39,129.25
1579.008,39,129.25
1579.504,39,129.25
1580,39,129.25
1580.496,39,129.25
1581.008,39,129.25
1581.504,39,129
1582,39,129
1582.512,39,128.75
1583.008,39,128.75
1583.504,39,129
1584,39,129
1584.496,39,129.25
1585.008,39,129.25
1585.504,39,129.25
1586,39,129.25
1586.512,39,128.5
1587.008,39,128.5
1587.504,39,129
1588,39,129
1588.496,39,129
1589.008,39,129
1589.504,39,129
1590,39,129
1590.512,39,128.5
1591.008,39,128.5
1591.504,39,129
1592,39,129
1592.496,39,128.75
1593.008,39,128.75
1593.504,39,129.25
1594,39,129.25
1594.512,39,129.25
1595.008,39,129.25
1595.504,39,129.25
1596,39,129.25
1596.496,39,129
1597.008,39,129
1597.504,39,129.25
1598,39,129.25
1598.512,39,128.75
1599.008,39,128.75
1599.504,39,129.25
1600,39,129.25
1600.496,39,128.75
1601.008,39,128.75
1601.504,39,127.25
1602,39,127.25
1602.512,39,126.25
1603.008,39,126.25
1603.504,39,126.25
1604,39,126.25
1604.496,39,124.75
1605.008,39,124.75
1605.504,39,125
1606,39,125
1606.512,39,124.75
1607.008,39,124.75
1607.504,39,125.5
1608,39,125.5
1608.496,39,124.5
1609.008,39,124.5
1609.504,39,124
1610,39,124
1610.512,39,124.25
1611.008,39,124.25
1611.504,39,124
1612,39,124
1612.496,39,123.75
1613.008,39,123.75
1613.504,39,124
1614,39,124
1614.512,39,124
1615.008,39,124
1615.504,39,123.75
1616,39,123.75
1616.496,39,124
1617.008,39,124
1617.504,39,125.25
1618,39,125.25
1618.512,39,127
1619.008,39,127
1619.504,39,126.5
1620,39,126.5
1620.496,39,126.75
1621.008,39,126.75
1621.504,39,126
1622,39,126
1622.512,39,127.75
1623.008,39,127.75
1623.504,39,128.25
1624,39,128.25
1624.496,39,128.25
1625.008,39,129.25
1625.504,39,129.5
1626,39,129.5
1626.512,39,129.5
1627.008,39,128.25
1627.504,39,128.25
1628,39,129
1628.496,39,129
1629.008,39,128.75
1629.504,39,128.75
1630,39,129.5
1630.512,39,129.5
1631.008,39,129.75
1631.504,39,129.75
1632,39,128.75
1632.496,39,128.75
1633.008,39,126.75
1633.504,39,126.75
1634,39,127
1634.512,39,127
1635.008,39,127.5
1635.504,39,127.5
1636,39,126.5
1636.496,39,126.5
1637.008,39,127.25
1637.504,39,127.25
1638,39,126.75
1638.512,39,126.75
1639.008,39,127.25
1639.504,39,127.25
1640,39,128.25
1640.496,39,128.25
1641.008,39,128.5
1641.504,39,128.5
1642,39,128.5
1642.512,39,128.5
1643.008,39,128.5
1643.504,39,128.5
1644,39,128.5
1644.496,39,128.5
1645.008,39,128.25
1645.504,39,128.25
1646,39,128.75
1646.512,39,128.75
1647.008,40,127.75
1647.504,40,127.75
1648,39,132
1648.496,39,132
1649.008,39,131.5
1649.504,39,131.5
1650,39,131.75
1650.512,39,131.75
1651.008,39,130.75
1651.504,39,130.75
1652,39,130
1652.496,39,130
1653.008,39,130.5
1653.504,39,130.5
1654,39,130.5
1654.512,39,130.5
1655.008,39,130.25
1655.504,39,130.25
1656,39,130
1656.496,39,130
1657.008,39,130.25
1657.504,39,130.25
1658,39,130.25
1658.512,39,130.25
1659.008,39,130
1659.504,39,130
1660,39,130.25
1660.496,39,130.25
1661.008,39,130
1661.504,39,130
1662,39,130
1662.512,39,130
1663.008,39,130
1663.504,39,130
1664,39,130
1664.496,39,130
1665.008,39,130
1665.504,39,130
1666,39,128.25
1666.512,39,128.25
1667.008,39,128.25
1667.504,39,128.25
1668,39,128
1668.512,39,128
1669.008,39,128.75
1669.504,39,128.75
1670,39,128.25
1670.512,39,128.25
1671.008,39,128.5
1671.504,39,128.5
1672,39,128
1672.496,39,128
1673.008,39,128.25
1673.504,39,128.25
1674,39,128.25
1674.512,39,128.25
1675.008,39,128.25
1675.504,39,128.25
1676,39,128
1676.496,39,128
1677.008,39,128.25
1677.504,39,128.25
1678,39,128.5
1678.512,39,128.5
1679.008,39,127.5
1679.504,39,127.5
1680,39,128.75
1680.496,39,128.75
1681.008,39,128.25
1681.504,39,128.25
1682,39,128
1682.512,39,128
1683.008,39,128
1683.504,39,128
1684,39,128.25
1684.496,39,128.25
1685.008,39,128.5
1685.504,39,128.5
1686,39,128.5
1686.512,39,128.5
1687.008,39,128.25
1687.504,39,128.25
1688,39,128.25
1688.496,39,128.25
1689.008,39,128.25
1689.504,39,128.25
1690,39,128.25
1690.512,39,128.25
1691.008,39,127.75
1691.504,39,127.75
1692,39,128.25
1692.496,39,128.25
1693.008,39,127.75
1693.504,39,127.75
1694,39,128
1694.512,39,128
1695.008,39,128
1695.504,39,128
1696,39,128.25
1696.496,39,128.25
1697.008,39,128.25
1697.504,39,128.25
1698,39,128
1698.512,39,128
1699.008,39,128.25
1699.504,39,128.25
1700,39,128
1700.496,39,128
1701.008,39,128.25
1701.504,39,128.25
1702,39,128.25
1702.512,39,128.25
1703.008,39,128.25
1703.504,39,128.25
1704,39,128.25
1704.496,39,128.25
1705.008,39,128
1705.504,39,128
1706,39,128
1706.512,39,128
1707.008,39,128.25
1707.504,39,128.25
1708,39,127.75
1708.496,39,127.75
1709.008,39,128
1709.504,39,128
1710,39,128.25
1710.512,39,128.25
1711.008,39,128.25
1711.504,39,128.25
1712,39,128.25
1712.496,39,128.25
1713.008,39,128.25
1713.504,39,128.25
1714,40,128.25
1714.512,40,128.25
1715.008,39,128
1715.504,39,128
1716,39,127.5
1716.496,39,127.5
1717.008,39,128
1717.504,39,128
1718,39,128.25
1718.512,39,128.25
1719.008,39,128.25
1719.504,39,128.25
1720,39,128.25
1720.496,39,128.25
1721.008,39,128.25
1721.504,39,128.25
1722,39,128.25
1722.512,39,128.25
1723.008,39,128.25
1723.504,39,127.5
1724,39,127.5
1724.512,39,127.5
1725.008,39,127.5
1725.504,39,128.25
1726,39,128.25
1726.512,39,128.25
1727.008,39,128.25
1727.504,39,128
1728,39,128
1728.496,39,128
1729.008,39,128
1729.504,39,128.5
1730,39,128.5
1730.512,39,127.75
1731.008,39,127.75
1731.504,39,128.5
1732,39,128.5
1732.496,39,128
1733.008,39,128
1733.504,39,128
1734,39,128
1734.512,39,128.25
1735.008,39,128.25
1735.504,39,128
1736,39,128
1736.496,39,128.25
1737.008,39,128.25
1737.504,39,128
1738,39,128
1738.512,39,128.5
1739.008,39,128.5
1739.504,39,128.25
1740,39,128.25
1740.496,39,127.5
1741.008,39,127.5
1741.504,39,128.25
1742,39,128.25
1742.512,39,127.75
1743.008,39,127.75
1743.504,39,128.25
1744,39,128.25
1744.496,39,128.25
1745.008,39,128.25
1745.504,39,128
1746,39,128
1746.512,39,128.25
1747.008,39,128.25
1747.504,39,128.25
1748,39,128.25
1748.496,39,128.25
1749.008,39,128.25
1749.504,39,128.75
1750,39,128.75
1750.512,39,128.75
1751.008,39,128.75
1751.504,39,129
1752,39,129
1752.496,40,128.75
1753.008,40,128.75
1753.504,39,128.75
1754,39,128.75
1754.512,39,129
1755.008,39,129
1755.504,39,128.5
1756,39,128.5
1756.496,39,128.5
1757.008,39,128.5
1757.504,39,128.75
1758,39,128.75
1758.512,39,129
1759.008,39,129
1759.504,39,128.75
1760,39,128.75
1760.496,39,128.75
1761.008,39,128.75
1761.504,39,128.75
1762,39,128.75
1762.512,39,128.75
1763.008,39,128.75
1763.504,39,128.5
1764,39,128.5
1764.496,39,128.75
1765.008,39,128.75
1765.504,39,128.75
1766,39,128.75
1766.512,39,128.75
1767.008,39,128.75
1767.504,39,129
1768,39,129
1768.496,39,135
1769.008,39,135
1769.504,39,135.5
1770,39,135.5
1770.512,39,135.5
1771.008,39,135.5
1771.504,39,135.25
1772,39,135.25
1772.496,39,135.5
1773.008,39,135.5
1773.504,39,135.5
1774,39,135.5
1774.512,39,134.75
1775.008,39,134.75
1775.504,39,135.5
1776,39,135.5
1776.496,39,135.5
1777.008,39,135.5
1777.504,39,135.5
1778,39,135.5
1778.512,39,135.5
1779.008,39,135.5
1779.504,39,135.25
1780,39,135.25
1780.496,39,134.75
1781.008,39,134.75
1781.504,39,135.25
1782,39,135.25
1782.512,39,135.5
1783.008,39,135.5
1783.504,39,134.75
1784,39,134.75
1784.496,39,134.75
1785.008,39,134.75
1785.504,39,135.25
1786,39,135.25
1786.512,39,135.25
1787.008,39,135.25
1787.504,39,135.5
1788,39,135.5
1788.496,39,135.25
1789.008,39,135.25
1789.504,39,135.25
1790,39,135.25
1790.512,39,135.25
1791.008,39,135.25
1791.504,39,134.75
1792,39,134.75
1792.512,39,134.5
1793.008,39,134.5
1793.504,39,130.5
1794,39,130.5
1794.512,39,130.75
1795.008,39,130.75
1795.504,39,130.5
1796,39,130.5
1796.496,39,130.25
1797.008,39,130.25
1797.504,39,130.5
1798,39,130.5
1798.512,39,129.75
1799.008,39,129.75
1799.504,39,130.25
1800,39,130.25
1800.496,39,130.5
1801.008,39,130.5
1801.504,39,130.25
1802,39,130.25
1802.512,39,127.5
1803.008,39,127.5
1803.504,39,127.25
1804,39,127.25
1804.496,39,127
1805.008,39,127
1805.504,39,127.25
1806,39,127.25
1806.512,39,127.5
1807.008,39,127.5
1807.504,40,127.25
1808,40,127.25
1808.512,39,127
1809.008,39,127
1809.504,39,127.25
1810,39,127.25
1810.512,40,127.5
1811.008,40,127.5
1811.504,39,127.75
1812,39,127.75
1812.496,39,127
1813.008,39,127
1813.504,39,127
1814,39,128
1814.512,39,128
1815.008,39,128.25
1815.504,39,128.25
1816,39,128.25
1816.496,39,128.25
1817.008,39,128.25
1817.504,39,128.25
1818,39,128.25
1818.512,39,128.25
1819.008,39,128.5
1819.504,39,128.5
1820,39,128.25
1820.496,39,128.25
1821.008,39,128.25
1821.504,39,128.25
1822,39,128.75
1822.512,39,128.75
1823.008,39,128.75
1823.504,39,128.75
1824,39,128
1824.496,39,128
1825.008,39,128.5
1825.504,39,128.5
1826,39,128.25
1826.512,39,128.25
1827.008,39,128.75
1827.504,39,128.75
1828,39,128.5
1828.496,39,128.5
1829.008,39,128.75
1829.504,39,128.75
1830,39,128.25
1830.512,39,128.25
1831.008,39,128.5
1831.504,39,128.5
1832,39,128.75
1832.496,39,128.75
1833.008,39,128.5
1833.504,39,128.5
1834,39,128.5
1834.512,39,128.5
1835.008,39,128.5
1835.504,39,128.5
1836,39,128.75
1836.496,39,128.75
1837.008,39,128.75
1837.504,39,128.75
1838,39,128.25
1838.512,39,128.25
1839.008,39,128.75
1839.504,39,128.75
1840,39,128.75
1840.512,39,128.75
1841.008,39,128
1841.504,39,128
1842,39,128.75
1842.512,39,128.75
1843.008,39,128.75
1843.504,39,128.75
1844,39,129
1844.496,39,129
1845.008,39,129.25
1845.504,39,129.25
1846,39,129
1846.512,39,129
1847.008,39,128.5
1847.504,39,128.5
1848,39,129
1848.496,39,129
1849.008,39,128.25
1849.504,39,128.25
1850,39,126.25
1850.512,39,126.25
1851.008,39,125
1851.504,39,125
1852,39,123.25
1852.496,39,123.25
1853.008,39,124.25
1853.504,39,124.25
1854,39,124.25
1854.512,39,124.25
1855.008,39,124
1855.504,39,124
1856,39,124
1856.496,39,124
1857.008,39,123.5
1857.504,39,123.5
1858,39,123.5
1858.512,39,123.5
1859.008,39,124.5
1859.504,39,124.5
1860,39,124.5
1860.496,39,124.5
1861.008,39,126
1861.504,39,126
1862,39,125
1862.512,39,125
1863.008,39,125.5
1863.504,39,125.5
1864,39,126.75
1864.496,39,126.75
1865.008,39,126.5
1865.504,39,126.5
1866,40,129
1866.512,40,129
1867.008,39,128.5
1867.504,39,128.5
1868,39,131.25
1868.496,39,131.25
1869.008,39,130.5
1869.504,39,130.5
1870,39,130.75
1870.512,39,130.75
1871.008,39,131.5
1871.504,39,131.5
1872,39,131.25
1872.496,39,131.25
1873.008,39,131
1873.504,39,131
1874,39,131.25
1874.512,39,131.25
1875.008,39,131.25
1875.504,39,131.25
1876,39,131.25
1876.496,39,131.25
1877.008,39,132.25
1877.504,39,132.25
1878,39,132.25
1878.512,39,132.25
1879.008,39,132.25
1879.504,39,132.25
1880,39,132.25
1880.496,39,132.25
1881.008,39,132.5
1881.504,39,132.5
1882,39,132.25
1882.512,39,132.25
1883.008,39,131.5
1883.504,39,131.5
1884,39,131
1884.496,39,131
1885.008,39,132
1885.504,39,132
1886,39,129
1886.512,39,129
1887.008,39,131
1887.504,39,131
1888,39,130.75
1888.496,39,130.75
1889.008,39,129.25
1889.504,39,129.25
1890,39,130.5
1890.512,39,130.5
1891.008,39,130
1891.504,39,130
1892,39,130
1892.496,39,130
1893.008,39,131
1893.504,39,131
1894,39,131
1894.512,39,131
1895.008,39,131
1895.504,39,131
1896,39,131.25
1896.496,39,131.25
1897.008,39,131.5
1897.504,39,131.5
1898,39,131.5
1898.512,39,131.5
1899.008,40,131
1899.504,40,131
1900,39,131.25
1900.496,39,131.25
1901.008,39,131.75
1901.504,39,131.75
1902,39,131.25
1902.512,39,131.25
1903.008,39,130.5
1903.504,39,130.5
1904,39,130.25
1904.496,39,130.25
1905.008,39,130
1905.504,39,130
1906,39,129.25
1906.512,39,129.25
1907.008,39,129.25
1907.504,39,129.75
1908,39,129.75
1908.496,39,129
1909.008,39,129
1909.504,39,129.25
1910,39,129.25
1910.512,39,129.5
1911.008,39,129.5
1911.504,39,129.75
1912,39,129.75
1912.496,39,129.5
1913.008,39,129.5
1913.504,39,129.25
1914,39,129.25
1914.512,39,129.25
1915.008,39,129.25
1915.504,39,130
1916,39,130
1916.496,39,129.5
1917.008,39,129.5
1917.504,39,129.75
1918,39,129.75
1918.512,39,129.75
1919.008,39,129.75
1919.504,39,129.5
1920,39,129.5
1920.496,39,129.75
1921.008,39,129.75
1921.504,39,130
1922,39,130
1922.512,39,130
1923.008,39,130
1923.504,39,129.75
1924,39,129.75
1924.496,39,129.5
1925.008,39,129.5
1925.504,39,129.5
1926,39,129.5
1926.512,39,129.5
1927.008,39,129.5
1927.504,39,129.5
1928,39,129.5
1928.496,39,130.25
1929.008,39,130.25
1929.504,39,129.75
1930,39,129.75
1930.512,39,130
1931.008,39,130
1931.504,39,129.5
1932,39,129.5
1932.496,39,130
1933.008,39,130
1933.504,39,129.75
1934,39,129.75
1934.512,39,130
1935.008,39,130
1935.504,39,129.75
1936,39,129.75
1936.496,39,130
1937.008,39,130
1937.504,39,130
1938,39,130
1938.512,39,130
1939.008,39,130
1939.504,39,130
1940,39,130
1940.512,39,129.75
1941.008,39,129.75
1941.504,39,123
1942,39,123
1942.512,39,120.75
1943.008,39,120.75
1943.504,39,120.75
1944,39,120.75
1944.496,39,120.5
1945.008,39,120.5
1945.504,39,120.5
1946,39,120.5
1946.512,39,120.5
1947.008,39,120.5
1947.504,39,120
1948,39,120
1948.512,39,120.75
1949.008,39,120.75
1949.504,39,120.5
1950,39,120.5
1950.512,39,120.5
1951.008,39,120.5
1951.504,39,120.75
1952,39,120.75
1952.496,39,120.5
1953.008,39,120.5
1953.504,39,120.75
1954,39,120.75
1954.512,39,120.75
1955.008,39,120.75
1955.504,39,120
1956,39,120
1956.496,39,120.5
1957.008,39,120.5
1957.504,39,120.5
1958,39,120.5
1958.512,39,120.25
1959.008,39,120.25
1959.504,39,120.5
1960,39,120.5
1960.496,39,120.75
1961.008,39,120.75
1961.504,39,120.75
1962,39,120.75
1962.512,39,120.75
1963.008,39,120.75
1963.504,39,120.75
1964,39,120.75
1964.496,39,121
1965.008,39,121
1965.504,39,120.75
1966,39,120.75
1966.512,39,121
1967.008,39,121
1967.504,39,120
1968,39,120
1968.496,39,121
1969.008,39,121
1969.504,39,121
1970,39,121
1970.512,39,130.75
1971.008,39,130.75
1971.504,39,130.5
1972,39,130.5
1972.496,39,130.75
1973.008,39,130.75
1973.504,39,131
1974,39,131
1974.512,39,130.5
1975.008,39,130.5
1975.504,39,131
1976,39,131
1976.496,39,130.25
1977.008,39,130.25
1977.504,39,130.75
1978,39,130.75
1978.512,39,130.5
1979.008,39,130.5
1979.504,39,130.5
1980,39,130.25
1980.496,39,130.25
1981.008,39,130.5
1981.504,39,130.5
1982,39,130.75
1982.512,39,130.75
1983.008,39,130.75
1983.504,39,130.75
1984,39,130.5
1984.496,39,130.5
1985.008,39,130.25
1985.504,39,130.25
1986,39,130
1986.512,39,130
1987.008,39,130.5
1987.504,39,130.5
1988,39,130.25
1988.496,39,130.25
1989.008,39,130.25
1989.504,39,130.25
1990,39,130.25
1990.512,39,130.25
1991.008,39,130.25
1991.504,39,130.25
1992,39,130.25
1992.496,39,130.25
1993.008,39,130
1993.504,39,130
1994,39,130
1994.512,39,130
1995.008,39,130.25
1995.504,39,130.25
1996,39,130
1996.496,39,130
1997.008,39,130
1997.504,39,130
1998,39,129.75
1998.512,39,129.75
1999.008,39,130
1999.504,39,130
2000,39,129.5
2000.496,39,129.5
2001.008,39,129.5
2001.504,39,129.5
2002,39,129.75
2002.512,39,129.75
2003.008,39,130
2003.504,39,130
2004,39,130
2004.496,39,130
2005.008,39,129.5
2005.504,39,129.5
2006,39,129.25
2006.512,39,129.25
2007.008,39,129.5
2007.504,39,129.5
2008,39,129.5
2008.496,39,129.5
2009.008,39,129.75
2009.504,39,129.75
2010,39,129.5
2010.512,39,129.5
2011.008,39,129.75
2011.504,39,129.75
2012,39,130
2012.496,39,130
2013.008,39,130
2013.504,39,130
2014,39,130
2014.512,39,130
2015.008,39,129.25
2015.504,39,129.25
2016,39,129.75
2016.496,39,129.75
2017.008,39,129.75
2017.504,39,129.75
2018,39,129.25
2018.512,39,129.25
2019.008,39,130
2019.504,39,130
2020,39,129.75
2020.496,39,129.75
2021.008,39,129.75
2021.504,39,129.75
2022,39,129
2022.512,39,129
2023.008,39,129.25
2023.504,39,129.25
2024,39,129.75
2024.496,39,129.75
2025.008,39,129.75
2025.504,39,129.75
2026,39,129.5
2026.512,39,129.5
2027.008,39,129.25
2027.504,39,129.25
2028,39,129.5
2028.496,39,129.5
2029.008,39,129.75
2029.504,39,129.75
2030,39,129.5
2030.512,39,129.5
2031.008,39,129.5
2031.504,39,129.5
2032,39,129
2032.496,39,129
2033.008,39,128.75
2033.504,39,128.75
2034,39,129.25
2034.512,39,129.25
2035.008,39,129.75
2035.504,39,129.75
2036,39,129.25
2036.496,39,129.25
2037.008,39,129
2037.504,39,129
2038,39,129.25
2038.512,39,129.25
2039.008,39,129.25
2039.504,39,129.25
2040,39,129.25
2040.496,39,129.25
2041.008,39,129
2041.504,39,129
2042,39,129
2042.512,39,129
2043.008,39,129
2043.504,39,129
2044,39,129.25
2044.496,39,129.25
2045.008,39,128.75
2045.504,39,128.75
2046,39,129.25
2046.512,39,129.25
2047.008,39,129.25
2047.504,39,129.25
2048,39,129.25
2048.496,39,129.25
2049.008,39,129.5
2049.504,39,129.5
2050,39,129.25
2050.512,39,129.25
2051.008,39,129.25
2051.504,39,129.25
2052,39,129.5
2052.496,39,129.5
2053.008,39,129.25
2053.504,39,129.25
2054,39,129.25
2054.512,39,129.25
2055.008,40,129
2055.504,40,129
2056,39,129.25
2056.496,39,129.25
2057.008,39,129.25
2057.504,39,129.25
2058,39,129.25
2058.512,39,129.25
2059.008,39,129.25
2059.504,39,129.25
2060,39,129.25
2060.496,39,129.25
2061.008,39,129.5
2061.504,39,129.5
2062,39,129.25
2062.512,39,129.25
2063.008,39,128.75
2063.504,39,128.75
2064,39,129.5
2064.496,39,129.5
2065.008,39,128.5
2065.504,39,128.5
2066,39,128.75
2066.512,39,128.75
2067.008,39,128
2067.504,39,128
2068,39,128
2068.496,39,127.25
2069.008,39,127.25
2069.504,39,125.5
2070,39,125.5
2070.512,39,124.5
2071.008,39,124.5
2071.504,39,125
2072,39,125
2072.496,39,125.25
2073.008,39,125.25
2073.504,39,124.25
2074,39,124.25
2074.512,39,124
2075.008,39,124
2075.504,39,124.5
2076,39,124.5
2076.496,40,126
2077.072,40,126
2077.504,39,127.5
2078.368,39,130.5
2078.512,39,130.5
2079.008,39,130.5
2079.504,39,131
2080,39,131
2080.496,39,131.5
2081.008,39,131.5
2081.504,39,131
2082,39,131
2082.512,39,131
2083.008,39,131
2083.504,39,132.25
2084,39,132.25
2084.496,39,132
2085.008,39,132
2085.504,39,132
2086,39,132
2086.512,39,132
2087.008,39,132
2087.504,39,132
2088,39,132
2088.496,39,132.25
2089.008,39,132.25
2089.504,39,131.75
2090,39,131.75
2090.512,39,131.25
2091.008,39,131.25
2091.504,39,130.5
2092,39,130.5
2092.496,39,129.75
2093.008,39,129.75
2093.504,39,129.5
2094,39,129.5
2094.512,39,129
2095.008,39,129
2095.504,39,129.5
2096,39,129.5
2096.496,39,130.25
2097.008,39,130.25
2097.504,39,129.75
2098,39,129.75
2098.512,39,129.75
2099.008,39,129.75
2099.504,39,130.5
2100,39,130.5
2100.496,39,131
2101.008,39,131
2101.504,39,130.75
2102,39,130.75
2102.512,39,131
2103.008,39,131
2103.504,39,131
2104,39,131
2104.496,39,131
2105.008,39,131
2105.504,39,131.25
2106,39,131.25
2106.512,39,130.5
2107.008,39,130.5
2107.504,39,131
2108,39,131
2108.496,39,131.25
2109.008,39,131.25
2109.504,39,131
2110,39,131
2110.512,39,130.75
2111.008,39,130.75
2111.504,39,130.25
2112,39,130.25
2112.496,39,130
2113.008,39,130
2113.504,39,129.75
2114,39,129.75
2114.512,39,129
2115.008,39,129
2115.504,39,129.25
2116,39,129.25
2116.496,39,129
2117.008,39,129
2117.504,39,129
2118,39,129
2118.512,39,128.75
2119.008,39,128.75
2119.504,39,128.5
2120,39,128.5
2120.496,39,129.25
2121.008,39,129.25
2121.504,39,128.75
2122,39,128.75
2122.512,39,129.25
2123.008,39,129.25
2123.504,39,129
2124,39,129
2124.496,39,128.75
2125.008,39,128.75
2125.504,39,128.75
2126,39,128.75
2126.512,39,129
2127.008,39,129
2127.504,39,128.5
2128,39,128.5
2128.496,39,129.25
2129.008,39,129.25
2129.504,39,128.5
2130,39,128.5
2130.512,39,129
2131.008,39,129
2131.504,39,128.75
2132,39,128.75
2132.496,39,128.5
2133.008,39,128.5
2133.504,39,129.25
2134,39,129.25
2134.512,39,129.25
2135.008,39,129.25
2135.504,39,128.5
2136,39,128.5
2136.496,39,128.25
2137.008,39,128.25
2137.504,39,129.5
2138,39,129.5
2138.512,39,126.25
2139.008,39,126.25
2139.504,39,125.25
2140,39,125.25
2140.496,0,124.5
2141.008,0,124.5
2141.504,0,116.25
2142,0,116.25
2142.512,0,116.5
2143.008,0,116.5
2143.504,0,116.5
2144,0,116.5
2144.496,0,116.5
2145.008,0,116.5
2145.504,0,116.5
2146,0,116.5
2146.512,0,116.5
2147.008,0,116.5
2147.504,0,116.75
2148,0,116.75
2148.496,0,116.5
2149.008,0,116.5
2149.504,0,116.5
2150,0,116.5
2150.512,0,116.25
2151.008,0,116.25
2151.504,0,116
2152,0,116
2152.496,0,116.75
2153.008,0,116.75
2153.504,0,116.5
2154,0,116.5
2154.512,0,117
2155.008,0,117
2155.504,0,114.75
2156,0,114.75
2156.496,0,114
2157.008,0,114
2157.504,0,114
2158,0,114
2158.512,0,113.5
2159.008,0,113.5
2159.504,0,114.25
2160,0,114.25
2160.496,0,113.75
2161.008,0,113.75
2161.504,0,114
2162,0,114
2162.512,0,113.5
2163.008,0,113.5
2163.504,0,113.5
2164,0,114.25
2164.496,0,114.25
2165.008,0,113.5
2165.504,0,113.5
2166,0,113.75
2166.512,0,113.75
2167.008,0,113.75
2167.504,0,113.75
2168,0,114
2168.496,0,114
2169.008,0,114.25
2169.504,0,114.25
2170,0,114
2170.512,0,114
2171.008,0,113.75
2171.504,0,113.75
2172,0,114
2172.496,0,114
2173.008,0,114.25
2173.504,0,114.25
2174,0,114
2174.512,0,114
2175.008,0,114
2175.504,0,114
2176,0,114
2176.496,0,114
2177.008,0,114.25
2177.504,0,114.25
2178,0,114.25
2178.512,0,114.25
2179.008,0,113.75
2179.504,0,113.75
2180,0,114
2180.496,0,114
2181.008,0,113.75
2181.504,0,113.75
2182,0,114
2182.512,0,114
2183.008,0,114
2183.504,0,114
2184,0,114
2184.496,0,114
2185.008,0,113.75
2185.504,0,113.75
2186.144,0,113.25
2186.512,0,113.25
2187.008,0,113.75
2187.632,0,113.75
2188,0,113.5
2188.496,0,113.5
2189.008,0,113.75
2189.504,0,113.75
2190,0,113.25
2190.512,0,113.25
2191.008,0,125.5
2191.504,0,125.5
2192,0,126
2192.496,0,126
2193.008,0,125.75
2193.504,0,125.75
2194,0,125.25
2194.512,0,125.25
2195.008,0,125
2195.504,0,125
2196,0,125.75
2196.496,0,125.75
2197.008,0,125.25
2197.504,0,125.25
2198,0,125.5
2198.512,0,125.5
2199.008,0,125.25
